TEMPERATURE_F,ANOMALY_F,MONTH,STATE_ABBR,FIPS
52.3,6.0,1,AL,01001
57.2,6.2,1,AL,01001
52.3,4.5,1,AL,01001
50.5,6.2,1,AL,01001
48.8,7.2,1,AL,01001
52.1,5.3,1,AL,01001
54.2,6.7,1,AL,01001
49.8,7.5,1,AL,01001
49.2,5.5,1,AL,01001
49.0,7.6,1,AL,01001
51.4,6.7,1,AL,01001
53.3,6.2,1,AL,01001
53.9,6.0,1,AL,01001
49.1,6.3,1,AL,01001
49.4,7.9,1,AL,01001
54.2,5.5,1,AL,01001
47.9,8.0,1,AL,01001
54.6,5.9,1,AL,01001
50.4,5.9,1,AL,01001
54.9,6.0,1,AL,01001
53.7,6.3,1,AL,01001
49.0,7.9,1,AL,01001
53.9,4.8,1,AL,01001
52.6,5.8,1,AL,01001
47.3,7.3,1,AL,01001
51.6,5.5,1,AL,01001
55.2,5.5,1,AL,01001
49.3,7.4,1,AL,01001
49.2,6.4,1,AL,01001
47.7,7.5,1,AL,01001
54.6,4.9,1,AL,01001
51.5,6.3,1,AL,01001
51.0,5.7,1,AL,01001
53.4,4.3,1,AL,01001
54.8,4.6,1,AL,01001
47.6,7.7,1,AL,01001
49.6,6.5,1,AL,01001
49.6,6.8,1,AL,01001
47.4,8.0,1,AL,01001
47.6,7.2,1,AL,01001
50.7,5.1,1,AL,01001
47.1,7.2,1,AL,01001
53.3,6.1,1,AL,01001
51.7,5.2,1,AL,01001
47.6,7.4,1,AL,01001
52.4,5.8,1,AL,01001
48.4,7.1,1,AL,01001
48.7,7.7,1,AL,01001
57.0,6.5,1,AL,01001
54.3,5.9,1,AL,01001
52.5,5.4,1,AL,01001
48.3,7.7,1,AL,01001
51.2,5.6,1,AL,01001
50.8,6.7,1,AL,01001
53.4,5.7,1,AL,01001
49.4,7.1,1,AL,01001
51.9,4.9,1,AL,01001
49.2,6.7,1,AL,01001
50.3,6.6,1,AL,01001
52.1,6.3,1,AL,01001
49.8,6.2,1,AL,01001
49.5,5.1,1,AL,01001
50.1,5.9,1,AL,01001
48.9,6.3,1,AL,01001
54.7,6.1,1,AL,01001
53.4,5.9,1,AL,01001
48.0,7.1,1,AL,01001
30.7,1.0,1,AZ,01001
42.8,-0.7,1,AZ,01001
31.4,-0.5,1,AZ,01001
39.7,-1.2,1,AZ,01001
41.4,-1.2,1,AZ,01001
37.0,-1.4,1,AZ,01001
51.7,0.5,1,AZ,01001
50.0,-0.8,1,AZ,01001
41.2,-1.1,1,AZ,01001
31.2,0.8,1,AZ,01001
49.0,-0.6,1,AZ,01001
48.8,-0.7,1,AZ,01001
44.1,-0.2,1,AZ,01001
40.0,-0.9,1,AZ,01001
53.9,1.1,1,AZ,01001
49.9,8.7,1,AR,01001
51.4,7.8,1,AR,01001
42.1,7.2,1,AR,01001
41.4,6.4,1,AR,01001
41.4,6.7,1,AR,01001
50.5,7.7,1,AR,01001
49.8,7.0,1,AR,01001
41.1,6.2,1,AR,01001
51.4,7.6,1,AR,01001
47.8,6.2,1,AR,01001
44.1,8.2,1,AR,01001
45.2,7.7,1,AR,01001
49.2,7.2,1,AR,01001
50.2,6.4,1,AR,01001
45.9,7.3,1,AR,01001
45.3,8.3,1,AR,01001
43.0,5.5,1,AR,01001
47.7,8.3,1,AR,01001
46.4,7.6,1,AR,01001
48.3,6.3,1,AR,01001
50.1,7.8,1,AR,01001
50.5,7.8,1,AR,01001
45.5,6.3,1,AR,01001
43.6,6.1,1,AR,01001
42.0,7.8,1,AR,01001
46.7,6.6,1,AR,01001
48.5,6.9,1,AR,01001
44.8,8.5,1,AR,01001
49.3,7.0,1,AR,01001
47.7,6.5,1,AR,01001
47.4,6.4,1,AR,01001
44.6,7.8,1,AR,01001
42.8,7.4,1,AR,01001
45.2,7.8,1,AR,01001
49.3,7.8,1,AR,01001
43.6,6.7,1,AR,01001
51.5,7.8,1,AR,01001
44.1,7.9,1,AR,01001
48.7,8.5,1,AR,01001
50.0,8.0,1,AR,01001
50.3,7.8,1,AR,01001
45.1,6.6,1,AR,01001
48.0,7.5,1,AR,01001
41.1,6.1,1,AR,01001
41.9,7.1,1,AR,01001
52.2,8.4,1,AR,01001
45.9,8.0,1,AR,01001
49.2,8.8,1,AR,01001
45.9,6.3,1,AR,01001
49.1,6.6,1,AR,01001
41.2,6.4,1,AR,01001
49.6,6.5,1,AR,01001
46.1,6.6,1,AR,01001
49.8,9.0,1,AR,01001
47.0,6.2,1,AR,01001
45.7,7.9,1,AR,01001
45.3,6.4,1,AR,01001
44.3,6.9,1,AR,01001
48.8,8.5,1,AR,01001
47.4,7.0,1,AR,01001
43.4,8.0,1,AR,01001
47.8,8.2,1,AR,01001
47.4,6.9,1,AR,01001
45.3,6.6,1,AR,01001
42.0,6.7,1,AR,01001
45.1,6.4,1,AR,01001
48.2,6.9,1,AR,01001
42.6,7.5,1,AR,01001
43.4,7.4,1,AR,01001
50.6,6.9,1,AR,01001
43.8,7.0,1,AR,01001
41.5,5.9,1,AR,01001
46.4,7.6,1,AR,01001
47.0,8.0,1,AR,01001
45.6,6.4,1,AR,01001
48.8,2.4,1,CA,01001
27.4,-2.0,1,CA,01001
42.1,-1.0,1,CA,01001
45.3,2.1,1,CA,01001
42.3,-1.0,1,CA,01001
45.9,1.5,1,CA,01001
47.7,1.8,1,CA,01001
41.0,1.7,1,CA,01001
38.3,-1.3,1,CA,01001
39.5,0.3,1,CA,01001
46.1,2.7,1,CA,01001
43.6,1.8,1,CA,01001
55.6,1.4,1,CA,01001
39.9,-1.3,1,CA,01001
44.3,0.0,1,CA,01001
48.6,3.3,1,CA,01001
43.5,0.6,1,CA,01001
28.3,-0.8,1,CA,01001
47.4,-0.4,1,CA,01001
40.5,0.7,1,CA,01001
50.5,3.4,1,CA,01001
38.9,-0.9,1,CA,01001
45.3,1.4,1,CA,01001
48.1,2.8,1,CA,01001
28.9,0.2,1,CA,01001
24.2,-3.0,1,CA,01001
47.7,0.8,1,CA,01001
47.8,2.7,1,CA,01001
36.0,-1.6,1,CA,01001
53.9,-0.1,1,CA,01001
37.7,-1.0,1,CA,01001
30.6,-0.8,1,CA,01001
50.8,0.4,1,CA,01001
48.6,2.8,1,CA,01001
45.2,0.3,1,CA,01001
46.0,-0.6,1,CA,01001
49.4,-0.1,1,CA,01001
51.0,2.8,1,CA,01001
49.5,4.0,1,CA,01001
47.5,0.6,1,CA,01001
50.1,2.1,1,CA,01001
48.2,0.2,1,CA,01001
46.4,0.7,1,CA,01001
49.2,1.6,1,CA,01001
39.4,0.6,1,CA,01001
30.2,-1.5,1,CA,01001
33.9,1.0,1,CA,01001
49.0,3.2,1,CA,01001
48.8,2.4,1,CA,01001
48.0,2.9,1,CA,01001
48.4,2.8,1,CA,01001
43.6,1.2,1,CA,01001
38.9,1.6,1,CA,01001
37.9,-0.2,1,CA,01001
33.6,-2.1,1,CA,01001
46.0,-0.0,1,CA,01001
48.1,2.5,1,CA,01001
45.4,0.9,1,CA,01001
23.9,-2.7,1,CO,01001
22.1,3.7,1,CO,01001
24.0,-3.1,1,CO,01001
21.5,-0.3,1,CO,01001
32.2,0.9,1,CO,01001
30.4,1.0,1,CO,01001
24.5,-0.9,1,CO,01001
28.2,-1.4,1,CO,01001
17.8,-1.2,1,CO,01001
27.4,-0.1,1,CO,01001
18.6,-0.7,1,CO,01001
19.8,1.3,1,CO,01001
20.5,-0.4,1,CO,01001
29.5,1.3,1,CO,01001
23.0,0.2,1,CO,01001
24.8,1.9,1,CO,01001
27.3,-2.0,1,CO,01001
21.9,-1.2,1,CO,01001
26.5,-1.6,1,CO,01001
19.0,0.3,1,CO,01001
23.7,-2.6,1,CO,01001
28.0,0.1,1,CO,01001
25.6,-0.8,1,CO,01001
23.1,1.4,1,CO,01001
20.8,-0.7,1,CO,01001
16.8,0.4,1,CO,01001
16.4,-0.1,1,CO,01001
14.6,-2.3,1,CO,01001
27.8,-0.1,1,CO,01001
16.0,-0.2,1,CO,01001
26.2,-1.8,1,CO,01001
28.8,0.7,1,CO,01001
25.7,-1.6,1,CO,01001
14.7,-1.0,1,CO,01001
22.5,-1.1,1,CO,01001
22.2,-0.3,1,CO,01001
30.1,-0.8,1,CO,01001
25.4,-1.6,1,CO,01001
23.8,-2.1,1,CO,01001
27.3,4.1,1,CO,01001
16.0,-0.6,1,CO,01001
20.6,0.8,1,CO,01001
27.0,0.7,1,CO,01001
26.6,2.7,1,CO,01001
23.8,-0.5,1,CO,01001
31.0,0.7,1,CO,01001
22.4,1.6,1,CO,01001
18.6,-0.9,1,CO,01001
23.6,-1.8,1,CO,01001
17.5,-0.7,1,CO,01001
30.3,0.8,1,CO,01001
31.2,0.3,1,CO,01001
21.2,0.2,1,CO,01001
18.7,1.7,1,CO,01001
18.5,0.5,1,CO,01001
17.8,0.2,1,CO,01001
15.4,-2.7,1,CO,01001
24.1,0.5,1,CO,01001
23.4,-2.0,1,CO,01001
16.1,-0.0,1,CO,01001
21.1,-0.9,1,CO,01001
22.6,-3.2,1,CO,01001
24.6,-0.8,1,CO,01001
24.8,-1.7,1,CO,01001
39.0,12.2,1,CT,01001
36.6,11.6,1,CT,01001
34.7,12.0,1,CT,01001
38.1,11.3,1,CT,01001
37.6,11.0,1,CT,01001
39.0,12.0,1,CT,01001
36.2,11.7,1,CT,01001
36.9,11.9,1,CT,01001
42.8,9.9,1,DE,01001
41.7,10.3,1,DE,01001
44.0,9.5,1,DE,01001
58.5,3.3,1,FL,01001
56.6,3.6,1,FL,01001
58.6,6.3,1,FL,01001
58.0,3.5,1,FL,01001
64.0,3.1,1,FL,01001
69.6,4.3,1,FL,01001
57.3,6.0,1,FL,01001
65.6,3.2,1,FL,01001
59.7,2.6,1,FL,01001
59.2,4.5,1,FL,01001
68.3,3.7,1,FL,01001
56.1,2.9,1,FL,01001
63.9,2.4,1,FL,01001
57.6,3.8,1,FL,01001
58.8,4.9,1,FL,01001
57.8,6.4,1,FL,01001
61.8,4.9,1,FL,01001
58.1,5.2,1,FL,01001
56.7,5.4,1,FL,01001
57.7,3.6,1,FL,01001
65.6,3.2,1,FL,01001
58.7,6.2,1,FL,01001
54.5,2.4,1,FL,01001
63.6,2.8,1,FL,01001
66.9,3.4,1,FL,01001
60.8,2.9,1,FL,01001
64.0,2.7,1,FL,01001
63.7,3.8,1,FL,01001
55.2,4.8,1,FL,01001
65.0,3.5,1,FL,01001
55.9,4.9,1,FL,01001
56.4,4.6,1,FL,01001
55.8,2.7,1,FL,01001
62.1,3.9,1,FL,01001
67.8,4.4,1,FL,01001
57.1,5.4,1,FL,01001
59.2,3.9,1,FL,01001
57.7,6.0,1,FL,01001
54.7,2.9,1,FL,01001
63.7,2.9,1,FL,01001
60.2,3.6,1,FL,01001
67.4,4.0,1,FL,01001
70.2,4.3,1,FL,01001
70.4,4.0,1,FL,01001
57.4,4.7,1,FL,01001
57.4,6.5,1,FL,01001
65.1,3.4,1,FL,01001
63.4,3.7,1,FL,01001
63.8,3.2,1,FL,01001
68.1,3.7,1,FL,01001
61.9,3.4,1,FL,01001
63.5,3.3,1,FL,01001
63.6,3.4,1,FL,01001
60.6,4.5,1,FL,01001
60.8,5.2,1,FL,01001
66.6,4.0,1,FL,01001
57.9,6.6,1,FL,01001
63.8,2.2,1,FL,01001
63.0,3.6,1,FL,01001
60.9,3.1,1,FL,01001
55.3,2.4,1,FL,01001
56.0,3.3,1,FL,01001
57.1,3.1,1,FL,01001
62.5,4.2,1,FL,01001
57.6,5.3,1,FL,01001
57.0,6.2,1,FL,01001
56.4,5.2,1,FL,01001
53.8,4.0,1,GA,01001
54.1,4.1,1,GA,01001
54.3,4.2,1,GA,01001
54.7,5.0,1,GA,01001
51.4,6.1,1,GA,01001
48.0,6.1,1,GA,01001
48.4,6.5,1,GA,01001
47.9,7.1,1,GA,01001
52.7,4.4,1,GA,01001
53.3,3.7,1,GA,01001
51.6,6.0,1,GA,01001
51.9,4.9,1,GA,01001
54.8,3.9,1,GA,01001
54.5,3.9,1,GA,01001
53.4,3.4,1,GA,01001
52.6,4.2,1,GA,01001
51.1,5.0,1,GA,01001
50.8,7.2,1,GA,01001
53.9,4.8,1,GA,01001
56.4,4.3,1,GA,01001
52.5,4.3,1,GA,01001
49.3,7.9,1,GA,01001
47.2,7.5,1,GA,01001
56.2,4.3,1,GA,01001
54.5,4.4,1,GA,01001
52.1,5.3,1,GA,01001
47.7,7.3,1,GA,01001
47.1,6.7,1,GA,01001
48.8,6.5,1,GA,01001
53.2,4.5,1,GA,01001
50.2,7.6,1,GA,01001
54.8,3.6,1,GA,01001
48.8,7.7,1,GA,01001
53.7,4.4,1,GA,01001
53.8,4.1,1,GA,01001
50.5,5.7,1,GA,01001
53.5,3.7,1,GA,01001
50.2,7.5,1,GA,01001
51.3,5.8,1,GA,01001
53.2,5.8,1,GA,01001
46.4,7.5,1,GA,01001
45.7,6.0,1,GA,01001
55.9,5.2,1,GA,01001
49.5,7.7,1,GA,01001
51.8,4.1,1,GA,01001
52.8,5.9,1,GA,01001
54.1,4.9,1,GA,01001
49.3,7.9,1,GA,01001
54.4,4.8,1,GA,01001
54.2,2.7,1,GA,01001
53.3,4.6,1,GA,01001
48.6,6.6,1,GA,01001
51.8,4.4,1,GA,01001
53.0,3.7,1,GA,01001
43.6,6.1,1,GA,01001
50.4,7.5,1,GA,01001
48.4,7.4,1,GA,01001
46.8,6.2,1,GA,01001
47.6,5.6,1,GA,01001
49.2,7.7,1,GA,01001
44.6,6.4,1,GA,01001
50.2,5.0,1,GA,01001
55.5,3.7,1,GA,01001
47.4,6.9,1,GA,01001
55.8,5.1,1,GA,01001
49.8,6.3,1,GA,01001
48.3,6.9,1,GA,01001
46.0,5.4,1,GA,01001
47.2,6.1,1,GA,01001
50.5,5.8,1,GA,01001
48.9,8.1,1,GA,01001
50.5,5.5,1,GA,01001
47.6,5.9,1,GA,01001
50.0,7.4,1,GA,01001
50.4,7.2,1,GA,01001
52.1,5.6,1,GA,01001
52.8,4.2,1,GA,01001
48.4,6.4,1,GA,01001
50.7,7.3,1,GA,01001
53.4,4.4,1,GA,01001
50.4,4.6,1,GA,01001
51.7,5.1,1,GA,01001
51.6,4.7,1,GA,01001
51.4,6.6,1,GA,01001
50.9,6.7,1,GA,01001
53.9,3.5,1,GA,01001
51.8,4.4,1,GA,01001
53.9,5.6,1,GA,01001
53.1,2.6,1,GA,01001
49.6,6.0,1,GA,01001
53.1,2.5,1,GA,01001
53.9,3.1,1,GA,01001
45.2,6.1,1,GA,01001
49.9,5.5,1,GA,01001
54.3,3.0,1,GA,01001
52.3,5.9,1,GA,01001
48.4,6.5,1,GA,01001
52.1,5.7,1,GA,01001
50.4,6.5,1,GA,01001
55.0,4.9,1,GA,01001
54.8,4.9,1,GA,01001
51.0,6.5,1,GA,01001
52.6,4.3,1,GA,01001
49.9,6.9,1,GA,01001
46.4,6.9,1,GA,01001
51.6,5.1,1,GA,01001
50.0,7.2,1,GA,01001
49.0,6.4,1,GA,01001
48.9,6.5,1,GA,01001
48.7,7.8,1,GA,01001
51.8,5.8,1,GA,01001
46.0,6.4,1,GA,01001
54.6,4.0,1,GA,01001
50.8,6.7,1,GA,01001
49.3,8.2,1,GA,01001
52.3,5.2,1,GA,01001
50.9,6.9,1,GA,01001
52.6,4.7,1,GA,01001
43.8,5.1,1,GA,01001
53.2,5.1,1,GA,01001
51.0,5.3,1,GA,01001
49.8,7.3,1,GA,01001
52.6,6.0,1,GA,01001
51.9,4.8,1,GA,01001
55.7,5.1,1,GA,01001
50.9,7.0,1,GA,01001
46.8,4.8,1,GA,01001
52.6,5.4,1,GA,01001
53.5,6.2,1,GA,01001
50.7,5.5,1,GA,01001
49.6,6.0,1,GA,01001
53.3,3.7,1,GA,01001
51.5,5.7,1,GA,01001
52.6,4.2,1,GA,01001
53.8,5.6,1,GA,01001
55.3,4.6,1,GA,01001
52.5,3.7,1,GA,01001
53.0,4.1,1,GA,01001
43.4,5.9,1,GA,01001
52.1,4.3,1,GA,01001
50.1,6.4,1,GA,01001
52.6,4.6,1,GA,01001
51.9,5.5,1,GA,01001
43.6,6.1,1,GA,01001
50.8,6.0,1,GA,01001
47.1,7.7,1,GA,01001
49.0,6.7,1,GA,01001
55.3,4.2,1,GA,01001
49.8,5.4,1,GA,01001
51.2,5.1,1,GA,01001
53.7,3.1,1,GA,01001
53.2,6.0,1,GA,01001
52.4,4.1,1,GA,01001
45.5,5.9,1,GA,01001
47.2,7.4,1,GA,01001
52.5,4.9,1,GA,01001
49.3,6.3,1,GA,01001
51.8,5.4,1,GA,01001
53.3,4.6,1,GA,01001
32.2,2.8,1,ID,01001
24.2,1.4,1,ID,01001
23.2,1.0,1,ID,01001
18.4,0.5,1,ID,01001
31.0,4.8,1,ID,01001
20.4,0.6,1,ID,01001
19.1,-0.3,1,ID,01001
23.0,0.1,1,ID,01001
28.2,5.2,1,ID,01001
18.4,-0.6,1,ID,01001
26.8,6.1,1,ID,01001
16.0,-0.5,1,ID,01001
19.7,-0.0,1,ID,01001
32.4,3.4,1,ID,01001
19.7,-0.3,1,ID,01001
24.4,0.2,1,ID,01001
16.8,0.7,1,ID,01001
26.8,2.3,1,ID,01001
16.7,-0.5,1,ID,01001
26.2,1.0,1,ID,01001
21.5,0.6,1,ID,01001
16.5,0.9,1,ID,01001
28.6,2.0,1,ID,01001
26.6,2.1,1,ID,01001
24.4,1.9,1,ID,01001
16.7,0.5,1,ID,01001
28.0,2.8,1,ID,01001
31.2,5.7,1,ID,01001
31.4,4.5,1,ID,01001
18.3,0.4,1,ID,01001
29.2,2.8,1,ID,01001
23.1,1.5,1,ID,01001
18.8,0.7,1,ID,01001
23.3,1.6,1,ID,01001
32.2,3.5,1,ID,01001
22.8,-0.1,1,ID,01001
27.1,0.1,1,ID,01001
31.6,4.4,1,ID,01001
23.0,0.6,1,ID,01001
26.9,3.5,1,ID,01001
17.7,0.8,1,ID,01001
26.4,0.2,1,ID,01001
19.3,-0.1,1,ID,01001
26.5,1.3,1,ID,01001
32.8,7.5,1,IL,01001
42.1,8.8,1,IL,01001
37.4,8.6,1,IL,01001
28.4,9.2,1,IL,01001
32.9,7.7,1,IL,01001
30.2,9.2,1,IL,01001
36.2,8.4,1,IL,01001
27.8,8.9,1,IL,01001
33.8,8.4,1,IL,01001
34.4,9.7,1,IL,01001
36.0,9.5,1,IL,01001
37.6,10.1,1,IL,01001
38.9,9.9,1,IL,01001
38.7,9.1,1,IL,01001
36.1,9.6,1,IL,01001
32.0,9.5,1,IL,01001
38.5,9.9,1,IL,01001
37.0,9.6,1,IL,01001
29.1,9.1,1,IL,01001
34.2,9.9,1,IL,01001
35.8,10.2,1,IL,01001
30.8,9.2,1,IL,01001
36.3,9.9,1,IL,01001
39.9,9.3,1,IL,01001
37.6,9.8,1,IL,01001
37.5,9.2,1,IL,01001
33.5,10.0,1,IL,01001
40.4,9.2,1,IL,01001
32.5,8.5,1,IL,01001
41.6,9.2,1,IL,01001
35.8,8.3,1,IL,01001
31.7,9.6,1,IL,01001
40.4,9.2,1,IL,01001
31.6,7.4,1,IL,01001
42.0,9.2,1,IL,01001
30.5,7.8,1,IL,01001
29.2,8.2,1,IL,01001
33.0,9.4,1,IL,01001
40.1,8.7,1,IL,01001
38.1,9.8,1,IL,01001
39.8,9.5,1,IL,01001
36.8,8.5,1,IL,01001
26.7,8.6,1,IL,01001
41.2,8.8,1,IL,01001
29.8,9.2,1,IL,01001
32.3,9.4,1,IL,01001
30.3,8.7,1,IL,01001
30.5,8.4,1,IL,01001
30.6,9.7,1,IL,01001
30.9,9.3,1,IL,01001
39.0,9.2,1,IL,01001
29.1,9.2,1,IL,01001
33.1,10.4,1,IL,01001
34.6,9.7,1,IL,01001
31.5,7.9,1,IL,01001
28.8,9.3,1,IL,01001
33.7,10.4,1,IL,01001
34.8,9.4,1,IL,01001
36.0,8.6,1,IL,01001
37.2,7.8,1,IL,01001
38.7,9.5,1,IL,01001
32.1,9.8,1,IL,01001
34.1,9.1,1,IL,01001
42.5,9.1,1,IL,01001
34.3,9.0,1,IL,01001
29.9,8.4,1,IL,01001
39.3,8.4,1,IL,01001
36.3,8.8,1,IL,01001
34.5,8.7,1,IL,01001
35.5,9.5,1,IL,01001
28.4,9.2,1,IL,01001
32.4,9.5,1,IL,01001
39.6,8.9,1,IL,01001
34.7,9.9,1,IL,01001
34.5,8.2,1,IL,01001
41.8,9.1,1,IL,01001
42.0,8.7,1,IL,01001
31.6,9.4,1,IL,01001
39.1,8.2,1,IL,01001
39.1,9.5,1,IL,01001
29.4,8.4,1,IL,01001
38.4,8.1,1,IL,01001
41.1,9.1,1,IL,01001
35.0,9.1,1,IL,01001
32.7,8.0,1,IL,01001
34.8,8.4,1,IL,01001
36.3,9.5,1,IL,01001
30.7,9.0,1,IL,01001
27.5,9.3,1,IL,01001
33.7,10.0,1,IL,01001
40.7,8.6,1,IL,01001
34.2,9.0,1,IL,01001
39.7,9.0,1,IL,01001
30.2,8.0,1,IL,01001
39.1,9.0,1,IL,01001
39.8,9.5,1,IL,01001
40.8,9.2,1,IL,01001
28.9,8.8,1,IL,01001
31.4,8.9,1,IL,01001
40.8,9.1,1,IL,01001
28.5,9.5,1,IL,01001
33.0,10.4,1,IL,01001
34.9,10.4,1,IN,01001
34.0,10.0,1,IN,01001
38.8,10.1,1,IN,01001
33.6,9.9,1,IN,01001
35.7,10.3,1,IN,01001
34.9,9.8,1,IN,01001
37.7,9.8,1,IN,01001
35.1,10.5,1,IN,01001
34.8,10.6,1,IN,01001
39.8,8.8,1,IN,01001
37.8,10.5,1,IN,01001
34.9,10.1,1,IN,01001
39.6,8.4,1,IN,01001
39.1,9.8,1,IN,01001
38.5,9.2,1,IN,01001
38.3,10.0,1,IN,01001
32.8,9.7,1,IN,01001
36.5,10.7,1,IN,01001
39.4,8.9,1,IN,01001
32.7,9.9,1,IN,01001
36.8,9.9,1,IN,01001
40.2,8.9,1,IN,01001
35.0,9.7,1,IN,01001
37.8,9.7,1,IN,01001
34.0,10.8,1,IN,01001
40.0,9.0,1,IN,01001
35.7,10.4,1,IN,01001
38.5,10.6,1,IN,01001
35.8,9.9,1,IN,01001
37.0,10.4,1,IN,01001
40.6,9.0,1,IN,01001
35.6,9.5,1,IN,01001
36.3,10.6,1,IN,01001
35.2,10.4,1,IN,01001
34.4,9.8,1,IN,01001
39.2,9.8,1,IN,01001
33.4,10.1,1,IN,01001
35.6,10.4,1,IN,01001
39.6,9.6,1,IN,01001
38.9,9.5,1,IN,01001
37.0,9.9,1,IN,01001
39.4,9.8,1,IN,01001
33.2,10.0,1,IN,01001
32.6,9.9,1,IN,01001
32.9,9.9,1,IN,01001
33.3,10.2,1,IN,01001
38.6,9.8,1,IN,01001
36.6,10.6,1,IN,01001
36.2,9.5,1,IN,01001
33.5,10.7,1,IN,01001
38.9,9.9,1,IN,01001
34.7,10.3,1,IN,01001
37.4,9.8,1,IN,01001
35.4,10.3,1,IN,01001
36.6,9.4,1,IN,01001
33.1,9.8,1,IN,01001
32.4,9.4,1,IN,01001
39.5,9.5,1,IN,01001
39.1,9.1,1,IN,01001
37.5,10.1,1,IN,01001
36.0,9.6,1,IN,01001
40.2,7.9,1,IN,01001
39.5,9.2,1,IN,01001
33.0,10.0,1,IN,01001
41.2,9.0,1,IN,01001
33.8,10.5,1,IN,01001
36.1,9.8,1,IN,01001
35.4,10.1,1,IN,01001
38.4,9.6,1,IN,01001
37.5,10.5,1,IN,01001
33.4,10.5,1,IN,01001
39.4,9.3,1,IN,01001
38.1,10.5,1,IN,01001
40.3,8.0,1,IN,01001
33.8,10.8,1,IN,01001
32.4,10.1,1,IN,01001
39.1,10.9,1,IN,01001
40.1,9.8,1,IN,01001
35.1,10.4,1,IN,01001
35.5,10.4,1,IN,01001
36.5,9.4,1,IN,01001
40.7,8.6,1,IN,01001
35.8,9.4,1,IN,01001
38.1,10.7,1,IN,01001
34.3,9.7,1,IN,01001
34.1,9.4,1,IN,01001
40.1,8.5,1,IN,01001
39.0,9.2,1,IN,01001
35.2,9.1,1,IN,01001
34.8,10.1,1,IN,01001
34.2,10.3,1,IN,01001
33.2,9.5,1,IN,01001
26.6,7.2,1,IA,01001
27.5,7.3,1,IA,01001
22.9,8.1,1,IA,01001
28.8,6.8,1,IA,01001
24.8,6.7,1,IA,01001
24.0,6.6,1,IA,01001
23.0,6.7,1,IA,01001
23.9,6.2,1,IA,01001
22.4,7.4,1,IA,01001
23.2,7.2,1,IA,01001
19.9,4.7,1,IA,01001
22.1,6.8,1,IA,01001
21.8,5.3,1,IA,01001
23.2,6.0,1,IA,01001
26.9,7.2,1,IA,01001
27.4,8.1,1,IA,01001
20.1,6.4,1,IA,01001
20.0,4.6,1,IA,01001
22.0,8.0,1,IA,01001
28.2,7.4,1,IA,01001
18.3,4.3,1,IA,01001
24.1,8.5,1,IA,01001
28.5,8.8,1,IA,01001
23.3,5.9,1,IA,01001
25.4,6.2,1,IA,01001
29.3,7.1,1,IA,01001
28.6,7.0,1,IA,01001
24.6,8.5,1,IA,01001
30.2,7.9,1,IA,01001
17.5,4.4,1,IA,01001
25.5,8.3,1,IA,01001
18.1,5.1,1,IA,01001
22.6,8.0,1,IA,01001
21.2,7.0,1,IA,01001
21.4,6.7,1,IA,01001
28.9,6.5,1,IA,01001
23.8,6.1,1,IA,01001
23.0,6.6,1,IA,01001
25.2,6.6,1,IA,01001
21.7,5.5,1,IA,01001
19.4,5.6,1,IA,01001
22.5,6.4,1,IA,01001
25.1,5.8,1,IA,01001
29.8,7.8,1,IA,01001
21.1,8.4,1,IA,01001
20.4,4.9,1,IA,01001
21.8,5.2,1,IA,01001
26.1,7.4,1,IA,01001
27.5,8.8,1,IA,01001
25.7,6.6,1,IA,01001
28.4,6.9,1,IA,01001
26.8,7.5,1,IA,01001
26.8,8.9,1,IA,01001
27.4,7.4,1,IA,01001
19.4,5.6,1,IA,01001
30.4,6.8,1,IA,01001
24.9,7.4,1,IA,01001
30.2,8.7,1,IA,01001
28.2,7.1,1,IA,01001
16.9,3.0,1,IA,01001
27.0,7.0,1,IA,01001
27.2,6.9,1,IA,01001
26.9,6.0,1,IA,01001
24.3,6.6,1,IA,01001
27.8,6.2,1,IA,01001
20.6,7.6,1,IA,01001
23.5,5.3,1,IA,01001
28.2,6.8,1,IA,01001
28.0,7.2,1,IA,01001
29.0,8.3,1,IA,01001
17.9,3.7,1,IA,01001
17.0,3.7,1,IA,01001
29.2,7.6,1,IA,01001
18.8,4.6,1,IA,01001
19.7,3.6,1,IA,01001
19.8,4.2,1,IA,01001
25.2,5.6,1,IA,01001
26.5,6.1,1,IA,01001
25.7,7.1,1,IA,01001
28.4,7.3,1,IA,01001
21.6,5.3,1,IA,01001
28.7,8.3,1,IA,01001
25.0,6.4,1,IA,01001
17.3,2.4,1,IA,01001
23.8,6.1,1,IA,01001
24.1,6.7,1,IA,01001
28.8,7.7,1,IA,01001
27.4,7.2,1,IA,01001
29.2,6.5,1,IA,01001
28.3,7.0,1,IA,01001
26.8,6.0,1,IA,01001
28.5,8.2,1,IA,01001
28.6,7.0,1,IA,01001
21.8,5.4,1,IA,01001
19.1,6.0,1,IA,01001
22.4,8.9,1,IA,01001
21.8,4.6,1,IA,01001
19.7,6.8,1,IA,01001
20.5,5.5,1,IA,01001
37.4,7.0,1,KS,01001
36.0,6.6,1,KS,01001
32.7,6.8,1,KS,01001
37.3,5.9,1,KS,01001
32.3,3.8,1,KS,01001
38.0,7.4,1,KS,01001
31.1,6.4,1,KS,01001
36.3,6.3,1,KS,01001
34.3,5.9,1,KS,01001
38.3,5.9,1,KS,01001
40.4,7.5,1,KS,01001
26.5,-0.6,1,KS,01001
36.9,5.0,1,KS,01001
32.0,5.6,1,KS,01001
31.6,5.6,1,KS,01001
36.9,7.7,1,KS,01001
37.0,5.5,1,KS,01001
37.8,6.2,1,KS,01001
38.9,7.2,1,KS,01001
27.6,1.6,1,KS,01001
33.5,6.0,1,KS,01001
31.8,6.3,1,KS,01001
34.5,6.6,1,KS,01001
34.5,4.8,1,KS,01001
37.2,5.9,1,KS,01001
30.9,3.0,1,KS,01001
33.6,5.5,1,KS,01001
31.0,2.1,1,KS,01001
34.0,3.8,1,KS,01001
35.4,6.8,1,KS,01001
33.3,6.2,1,KS,01001
29.5,1.5,1,KS,01001
29.4,2.0,1,KS,01001
32.8,2.3,1,KS,01001
32.6,2.8,1,KS,01001
28.8,0.6,1,KS,01001
36.4,6.6,1,KS,01001
31.1,1.5,1,KS,01001
38.2,6.5,1,KS,01001
35.7,6.2,1,KS,01001
32.6,2.4,1,KS,01001
32.8,3.1,1,KS,01001
32.1,6.5,1,KS,01001
33.4,6.6,1,KS,01001
30.5,5.9,1,KS,01001
34.8,7.0,1,KS,01001
31.7,2.5,1,KS,01001
36.3,5.7,1,KS,01001
35.7,5.2,1,KS,01001
39.1,6.4,1,KS,01001
30.0,1.7,1,KS,01001
34.4,7.3,1,KS,01001
32.6,5.6,1,KS,01001
36.7,7.0,1,KS,01001
28.9,0.9,1,KS,01001
35.0,6.9,1,KS,01001
34.6,6.2,1,KS,01001
34.8,6.4,1,KS,01001
29.5,5.0,1,KS,01001
35.6,3.8,1,KS,01001
35.6,7.0,1,KS,01001
31.2,5.2,1,KS,01001
38.7,6.0,1,KS,01001
33.7,6.4,1,KS,01001
33.8,1.8,1,KS,01001
30.1,5.8,1,KS,01001
38.2,6.6,1,KS,01001
31.1,2.1,1,KS,01001
27.9,2.0,1,KS,01001
35.0,6.9,1,KS,01001
30.8,4.3,1,KS,01001
32.5,5.5,1,KS,01001
33.1,4.0,1,KS,01001
29.0,3.0,1,KS,01001
31.7,5.9,1,KS,01001
35.9,5.7,1,KS,01001
27.8,1.2,1,KS,01001
35.2,5.4,1,KS,01001
30.6,6.1,1,KS,01001
34.0,5.1,1,KS,01001
32.2,5.8,1,KS,01001
30.0,2.9,1,KS,01001
31.6,3.1,1,KS,01001
32.0,4.4,1,KS,01001
33.4,5.6,1,KS,01001
30.1,1.9,1,KS,01001
36.8,6.3,1,KS,01001
34.6,3.0,1,KS,01001
33.6,6.4,1,KS,01001
28.7,1.7,1,KS,01001
26.4,-0.7,1,KS,01001
29.3,4.0,1,KS,01001
34.1,4.8,1,KS,01001
32.7,1.8,1,KS,01001
33.7,2.2,1,KS,01001
38.2,6.6,1,KS,01001
28.0,1.1,1,KS,01001
30.3,2.0,1,KS,01001
33.6,6.7,1,KS,01001
27.9,0.0,1,KS,01001
29.6,4.9,1,KS,01001
29.7,1.5,1,KS,01001
38.2,6.5,1,KS,01001
37.7,7.4,1,KS,01001
34.8,7.4,1,KS,01001
43.4,9.2,1,KY,01001
44.8,9.2,1,KY,01001
41.9,9.7,1,KY,01001
42.8,8.9,1,KY,01001
44.1,9.0,1,KY,01001
41.6,9.0,1,KY,01001
41.5,6.8,1,KY,01001
39.0,8.9,1,KY,01001
41.6,9.9,1,KY,01001
41.0,8.3,1,KY,01001
42.2,9.3,1,KY,01001
40.1,9.3,1,KY,01001
42.9,8.3,1,KY,01001
41.4,8.7,1,KY,01001
41.8,9.0,1,KY,01001
44.8,10.3,1,KY,01001
43.9,9.5,1,KY,01001
43.5,7.7,1,KY,01001
39.2,8.6,1,KY,01001
43.3,8.9,1,KY,01001
41.0,10.0,1,KY,01001
40.6,8.5,1,KY,01001
42.3,8.9,1,KY,01001
44.5,9.3,1,KY,01001
42.1,9.7,1,KY,01001
42.6,7.7,1,KY,01001
43.9,8.6,1,KY,01001
43.0,9.5,1,KY,01001
44.4,8.8,1,KY,01001
41.7,8.5,1,KY,01001
44.3,9.8,1,KY,01001
41.2,8.5,1,KY,01001
42.6,8.7,1,KY,01001
42.1,10.2,1,KY,01001
40.8,8.9,1,KY,01001
42.7,7.8,1,KY,01001
41.7,9.8,1,KY,01001
43.4,8.1,1,KY,01001
40.8,9.8,1,KY,01001
42.4,9.1,1,KY,01001
40.4,9.6,1,KY,01001
43.3,8.4,1,KY,01001
43.1,9.8,1,KY,01001
43.5,9.5,1,KY,01001
40.1,8.4,1,KY,01001
41.0,7.9,1,KY,01001
42.1,9.4,1,KY,01001
40.1,6.6,1,KY,01001
41.3,9.9,1,KY,01001
43.6,9.6,1,KY,01001
41.7,8.7,1,KY,01001
40.7,9.6,1,KY,01001
43.4,8.5,1,KY,01001
44.2,9.9,1,KY,01001
41.9,8.1,1,KY,01001
41.1,8.7,1,KY,01001
42.5,10.0,1,KY,01001
42.1,8.3,1,KY,01001
39.0,8.7,1,KY,01001
42.0,7.5,1,KY,01001
42.6,7.4,1,KY,01001
42.6,9.6,1,KY,01001
42.3,7.6,1,KY,01001
41.7,8.4,1,KY,01001
42.8,8.4,1,KY,01001
42.0,7.4,1,KY,01001
40.7,6.5,1,KY,01001
40.2,8.8,1,KY,01001
41.9,8.7,1,KY,01001
42.8,9.0,1,KY,01001
44.5,9.2,1,KY,01001
43.6,8.7,1,KY,01001
43.2,9.2,1,KY,01001
42.4,7.4,1,KY,01001
43.5,9.8,1,KY,01001
42.4,9.0,1,KY,01001
42.3,8.4,1,KY,01001
42.5,9.3,1,KY,01001
43.3,8.2,1,KY,01001
42.6,8.1,1,KY,01001
40.1,9.2,1,KY,01001
41.0,8.7,1,KY,01001
41.8,8.8,1,KY,01001
42.4,9.8,1,KY,01001
43.5,9.0,1,KY,01001
44.1,8.6,1,KY,01001
41.7,9.4,1,KY,01001
41.9,8.6,1,KY,01001
44.9,10.3,1,KY,01001
42.0,9.1,1,KY,01001
41.1,9.5,1,KY,01001
43.6,9.9,1,KY,01001
39.9,8.7,1,KY,01001
41.1,9.9,1,KY,01001
42.8,8.0,1,KY,01001
40.4,9.4,1,KY,01001
42.2,7.5,1,KY,01001
42.6,7.6,1,KY,01001
42.3,8.9,1,KY,01001
42.6,8.2,1,KY,01001
40.8,9.6,1,KY,01001
42.0,8.2,1,KY,01001
41.0,8.5,1,KY,01001
43.5,9.0,1,KY,01001
41.6,10.1,1,KY,01001
40.7,9.3,1,KY,01001
44.8,9.3,1,KY,01001
41.2,9.0,1,KY,01001
42.9,9.4,1,KY,01001
44.3,9.0,1,KY,01001
44.3,8.8,1,KY,01001
40.2,9.5,1,KY,01001
42.5,9.4,1,KY,01001
44.8,9.6,1,KY,01001
42.1,9.4,1,KY,01001
43.1,8.2,1,KY,01001
43.2,9.6,1,KY,01001
42.6,7.2,1,KY,01001
42.4,8.6,1,KY,01001
42.3,10.2,1,KY,01001
58.1,6.6,1,LA,01001
56.9,6.5,1,LA,01001
58.6,6.9,1,LA,01001
59.5,6.9,1,LA,01001
55.7,6.2,1,LA,01001
57.1,7.1,1,LA,01001
52.2,7.0,1,LA,01001
52.2,7.1,1,LA,01001
52.6,6.9,1,LA,01001
58.4,6.9,1,LA,01001
53.7,7.3,1,LA,01001
59.2,6.7,1,LA,01001
55.0,7.2,1,LA,01001
50.7,6.3,1,LA,01001
55.4,6.9,1,LA,01001
53.0,6.6,1,LA,01001
57.6,6.7,1,LA,01001
53.0,7.9,1,LA,01001
56.0,6.2,1,LA,01001
56.6,6.3,1,LA,01001
54.4,7.6,1,LA,01001
54.0,6.2,1,LA,01001
59.4,6.9,1,LA,01001
58.3,6.6,1,LA,01001
52.1,6.9,1,LA,01001
60.0,6.3,1,LA,01001
58.2,6.4,1,LA,01001
58.6,6.9,1,LA,01001
60.2,6.2,1,LA,01001
54.5,6.9,1,LA,01001
51.3,6.7,1,LA,01001
57.5,6.5,1,LA,01001
54.0,7.8,1,LA,01001
51.8,7.1,1,LA,01001
53.4,5.9,1,LA,01001
59.2,6.6,1,LA,01001
52.1,6.7,1,LA,01001
60.4,6.4,1,LA,01001
56.5,5.8,1,LA,01001
55.5,6.6,1,LA,01001
52.9,6.8,1,LA,01001
53.1,7.1,1,LA,01001
53.7,6.3,1,LA,01001
59.3,6.5,1,LA,01001
59.7,6.5,1,LA,01001
55.7,6.2,1,LA,01001
59.1,6.8,1,LA,01001
58.8,6.6,1,LA,01001
56.9,6.1,1,LA,01001
58.8,6.8,1,LA,01001
59.9,7.1,1,LA,01001
57.4,6.5,1,LA,01001
56.3,6.1,1,LA,01001
54.8,7.5,1,LA,01001
60.3,6.1,1,LA,01001
51.3,6.8,1,LA,01001
59.6,7.1,1,LA,01001
55.5,6.9,1,LA,01001
56.2,6.7,1,LA,01001
51.5,6.6,1,LA,01001
57.8,6.6,1,LA,01001
52.5,7.6,1,LA,01001
55.8,5.8,1,LA,01001
53.0,6.4,1,LA,01001
28.5,11.1,1,ME,01001
18.8,9.9,1,ME,01001
29.5,10.5,1,ME,01001
23.8,12.0,1,ME,01001
29.2,10.9,1,ME,01001
28.5,11.5,1,ME,01001
30.6,10.6,1,ME,01001
30.5,10.8,1,ME,01001
26.6,12.5,1,ME,01001
25.0,11.2,1,ME,01001
21.4,11.1,1,ME,01001
30.4,10.8,1,ME,01001
22.3,11.3,1,ME,01001
28.6,11.1,1,ME,01001
28.0,10.8,1,ME,01001
30.8,10.4,1,ME,01001
38.3,9.1,1,MD,01001
43.9,9.9,1,MD,01001
41.5,10.4,1,MD,01001
44.2,9.6,1,MD,01001
43.0,9.5,1,MD,01001
40.2,10.3,1,MD,01001
41.4,10.2,1,MD,01001
44.0,9.4,1,MD,01001
44.4,9.6,1,MD,01001
40.4,10.1,1,MD,01001
34.8,8.9,1,MD,01001
41.3,10.3,1,MD,01001
41.7,10.3,1,MD,01001
42.3,9.4,1,MD,01001
42.0,10.1,1,MD,01001
43.2,9.5,1,MD,01001
42.6,9.3,1,MD,01001
44.7,9.5,1,MD,01001
44.8,8.9,1,MD,01001
43.5,9.1,1,MD,01001
39.4,9.5,1,MD,01001
44.6,9.5,1,MD,01001
45.2,9.1,1,MD,01001
43.9,10.7,1,MD,01001
43.2,9.4,1,MD,01001
39.6,10.0,1,MA,01001
31.8,11.4,1,MA,01001
38.3,10.5,1,MA,01001
40.4,10.3,1,MA,01001
35.3,10.2,1,MA,01001
32.7,11.8,1,MA,01001
34.4,11.4,1,MA,01001
33.5,11.4,1,MA,01001
35.5,11.2,1,MA,01001
40.9,10.1,1,MA,01001
36.8,10.8,1,MA,01001
38.7,10.8,1,MA,01001
37.3,10.7,1,MA,01001
34.5,11.7,1,MA,01001
28.4,10.7,1,MI,01001
23.6,8.8,1,MI,01001
32.4,9.1,1,MI,01001
27.7,10.0,1,MI,01001
28.7,10.5,1,MI,01001
30.9,11.4,1,MI,01001
20.5,9.7,1,MI,01001
31.7,9.8,1,MI,01001
31.6,11.0,1,MI,01001
29.0,9.8,1,MI,01001
33.8,10.0,1,MI,01001
32.2,9.9,1,MI,01001
32.0,10.1,1,MI,01001
33.2,10.5,1,MI,01001
28.3,10.0,1,MI,01001
26.8,10.1,1,MI,01001
23.5,9.4,1,MI,01001
29.0,11.0,1,MI,01001
31.6,10.1,1,MI,01001
27.2,10.8,1,MI,01001
24.8,9.4,1,MI,01001
21.6,10.0,1,MI,01001
31.7,10.1,1,MI,01001
27.3,10.0,1,MI,01001
31.7,10.6,1,MI,01001
30.2,11.2,1,MI,01001
19.4,10.1,1,MI,01001
29.6,11.0,1,MI,01001
31.0,10.2,1,MI,01001
32.2,10.5,1,MI,01001
21.8,9.9,1,MI,01001
32.0,11.9,1,MI,01001
31.5,10.2,1,MI,01001
31.1,9.8,1,MI,01001
29.8,11.1,1,MI,01001
19.7,10.4,1,MI,01001
30.0,10.5,1,MI,01001
31.8,10.4,1,MI,01001
32.7,10.3,1,MI,01001
28.3,11.1,1,MI,01001
31.0,9.3,1,MI,01001
22.4,10.0,1,MI,01001
29.4,9.9,1,MI,01001
32.0,11.2,1,MI,01001
29.4,10.0,1,MI,01001
32.9,10.3,1,MI,01001
31.1,10.1,1,MI,01001
22.1,7.6,1,MI,01001
24.3,8.8,1,MI,01001
33.3,10.5,1,MI,01001
28.9,9.1,1,MI,01001
21.2,9.3,1,MI,01001
29.5,8.8,1,MI,01001
29.7,10.5,1,MI,01001
24.7,10.4,1,MI,01001
31.0,10.6,1,MI,01001
28.3,11.1,1,MI,01001
34.0,10.0,1,MI,01001
30.0,9.9,1,MI,01001
27.1,10.4,1,MI,01001
31.8,9.5,1,MI,01001
30.3,9.9,1,MI,01001
31.9,10.6,1,MI,01001
30.5,9.6,1,MI,01001
28.7,11.3,1,MI,01001
20.5,9.6,1,MI,01001
28.7,10.7,1,MI,01001
27.5,10.9,1,MI,01001
26.6,10.7,1,MI,01001
32.3,9.1,1,MI,01001
27.1,9.8,1,MI,01001
28.2,11.2,1,MI,01001
31.5,10.5,1,MI,01001
32.7,10.3,1,MI,01001
33.2,10.5,1,MI,01001
32.1,11.3,1,MI,01001
24.2,8.7,1,MI,01001
31.3,10.1,1,MI,01001
32.0,11.4,1,MI,01001
33.3,10.0,1,MI,01001
31.6,9.9,1,MI,01001
33.5,10.0,1,MI,01001
28.4,10.6,1,MI,01001
16.6,11.2,1,MN,01001
18.6,8.4,1,MN,01001
12.4,8.7,1,MN,01001
12.6,10.8,1,MN,01001
16.8,8.7,1,MN,01001
14.0,5.0,1,MN,01001
18.4,5.9,1,MN,01001
16.9,5.0,1,MN,01001
16.4,10.5,1,MN,01001
18.0,7.2,1,MN,01001
15.8,11.3,1,MN,01001
14.7,4.9,1,MN,01001
19.0,9.4,1,MN,01001
11.7,7.1,1,MN,01001
12.2,9.8,1,MN,01001
14.2,9.5,1,MN,01001
17.2,5.5,1,MN,01001
16.9,11.0,1,MN,01001
20.4,8.8,1,MN,01001
19.6,8.4,1,MN,01001
14.0,8.0,1,MN,01001
19.2,6.3,1,MN,01001
21.0,8.4,1,MN,01001
19.5,7.4,1,MN,01001
21.0,9.5,1,MN,01001
13.2,6.5,1,MN,01001
18.9,8.2,1,MN,01001
22.7,8.5,1,MN,01001
14.0,10.2,1,MN,01001
18.4,9.2,1,MN,01001
14.4,11.4,1,MN,01001
17.4,5.1,1,MN,01001
18.3,10.6,1,MN,01001
15.4,6.6,1,MN,01001
10.2,10.4,1,MN,01001
12.7,11.4,1,MN,01001
14.9,4.6,1,MN,01001
14.0,10.1,1,MN,01001
11.4,11.0,1,MN,01001
18.2,6.5,1,MN,01001
15.8,4.9,1,MN,01001
16.6,5.1,1,MN,01001
16.8,6.5,1,MN,01001
11.0,8.3,1,MN,01001
9.4,8.4,1,MN,01001
18.2,5.6,1,MN,01001
16.3,7.2,1,MN,01001
17.5,10.0,1,MN,01001
16.9,9.8,1,MN,01001
19.8,8.2,1,MN,01001
16.8,5.3,1,MN,01001
17.4,5.5,1,MN,01001
16.7,4.3,1,MN,01001
10.8,7.2,1,MN,01001
20.2,8.4,1,MN,01001
13.5,8.5,1,MN,01001
9.6,8.0,1,MN,01001
18.7,11.6,1,MN,01001
16.0,4.6,1,MN,01001
10.0,7.5,1,MN,01001
14.3,7.1,1,MN,01001
19.8,8.7,1,MN,01001
9.8,7.8,1,MN,01001
16.3,4.8,1,MN,01001
15.9,5.3,1,MN,01001
19.3,7.9,1,MN,01001
16.8,4.1,1,MN,01001
9.7,9.9,1,MN,01001
14.1,11.0,1,MN,01001
19.0,7.4,1,MN,01001
17.3,8.3,1,MN,01001
17.0,5.8,1,MN,01001
16.0,8.2,1,MN,01001
19.2,7.8,1,MN,01001
13.6,5.9,1,MN,01001
14.2,5.5,1,MN,01001
15.8,9.8,1,MN,01001
13.4,5.4,1,MN,01001
21.6,9.3,1,MN,01001
14.8,10.0,1,MN,01001
18.7,6.8,1,MN,01001
19.8,8.8,1,MN,01001
17.7,5.4,1,MN,01001
13.0,6.8,1,MN,01001
22.4,9.4,1,MN,01001
17.3,7.8,1,MN,01001
16.0,5.0,1,MN,01001
55.0,6.8,1,MS,01001
47.6,8.2,1,MS,01001
54.8,6.3,1,MS,01001
50.3,6.4,1,MS,01001
47.9,8.3,1,MS,01001
50.0,7.6,1,MS,01001
49.8,7.2,1,MS,01001
51.4,8.0,1,MS,01001
50.1,7.4,1,MS,01001
49.9,6.7,1,MS,01001
54.6,7.4,1,MS,01001
53.3,6.5,1,MS,01001
50.8,7.5,1,MS,01001
50.5,9.2,1,MS,01001
53.9,6.6,1,MS,01001
54.4,6.7,1,MS,01001
48.7,8.3,1,MS,01001
55.5,6.7,1,MS,01001
54.6,6.6,1,MS,01001
56.4,6.7,1,MS,01001
55.2,6.4,1,MS,01001
50.5,7.6,1,MS,01001
57.4,6.7,1,MS,01001
57.1,6.5,1,MS,01001
53.5,6.9,1,MS,01001
52.8,8.3,1,MS,01001
53.8,9.3,1,MS,01001
53.4,8.2,1,MS,01001
49.2,7.7,1,MS,01001
57.3,6.7,1,MS,01001
53.2,6.6,1,MS,01001
54.7,7.1,1,MS,01001
55.0,7.0,1,MS,01001
54.1,6.3,1,MS,01001
51.5,6.6,1,MS,01001
49.1,7.5,1,MS,01001
55.9,7.1,1,MS,01001
52.4,6.7,1,MS,01001
55.0,6.8,1,MS,01001
50.9,6.1,1,MS,01001
49.9,8.2,1,MS,01001
52.6,9.1,1,MS,01001
54.2,6.4,1,MS,01001
51.0,7.3,1,MS,01001
52.2,6.3,1,MS,01001
56.4,7.3,1,MS,01001
48.6,8.4,1,MS,01001
49.8,7.0,1,MS,01001
49.4,6.3,1,MS,01001
50.8,6.2,1,MS,01001
52.2,6.7,1,MS,01001
51.6,7.4,1,MS,01001
51.5,8.0,1,MS,01001
49.7,8.1,1,MS,01001
56.6,6.9,1,MS,01001
55.2,6.4,1,MS,01001
54.9,6.3,1,MS,01001
49.6,7.8,1,MS,01001
48.6,8.3,1,MS,01001
50.7,9.1,1,MS,01001
53.0,6.7,1,MS,01001
52.1,6.6,1,MS,01001
53.6,8.7,1,MS,01001
53.8,6.8,1,MS,01001
53.3,6.7,1,MS,01001
56.3,6.7,1,MS,01001
51.5,8.3,1,MS,01001
51.3,8.8,1,MS,01001
49.1,8.2,1,MS,01001
47.8,8.1,1,MS,01001
48.0,8.2,1,MS,01001
49.4,8.5,1,MS,01001
49.0,8.1,1,MS,01001
55.8,6.9,1,MS,01001
54.0,7.6,1,MS,01001
51.6,7.8,1,MS,01001
53.8,6.1,1,MS,01001
49.7,6.7,1,MS,01001
55.3,6.2,1,MS,01001
50.7,6.9,1,MS,01001
49.8,7.5,1,MS,01001
53.4,7.7,1,MS,01001
31.8,8.5,1,MO,01001
30.9,6.3,1,MO,01001
29.9,6.7,1,MO,01001
35.3,8.4,1,MO,01001
40.5,6.8,1,MO,01001
39.0,6.8,1,MO,01001
38.0,8.2,1,MO,01001
37.2,7.4,1,MO,01001
40.6,8.0,1,MO,01001
36.4,8.3,1,MO,01001
32.5,6.7,1,MO,01001
42.4,7.5,1,MO,01001
32.5,7.4,1,MO,01001
37.1,8.5,1,MO,01001
39.0,8.0,1,MO,01001
41.2,8.7,1,MO,01001
34.3,8.1,1,MO,01001
41.4,8.2,1,MO,01001
36.2,8.2,1,MO,01001
39.8,8.1,1,MO,01001
34.4,8.2,1,MO,01001
38.7,6.5,1,MO,01001
31.0,6.9,1,MO,01001
33.7,7.1,1,MO,01001
32.1,6.8,1,MO,01001
38.7,8.5,1,MO,01001
36.9,8.6,1,MO,01001
38.2,7.9,1,MO,01001
40.0,7.7,1,MO,01001
38.2,7.0,1,MO,01001
31.9,7.3,1,MO,01001
31.4,6.9,1,MO,01001
38.3,7.3,1,MO,01001
39.7,7.3,1,MO,01001
44.2,7.9,1,MO,01001
37.9,8.3,1,MO,01001
37.7,8.2,1,MO,01001
30.9,7.5,1,MO,01001
38.8,7.0,1,MO,01001
32.0,7.6,1,MO,01001
30.6,7.5,1,MO,01001
37.4,7.8,1,MO,01001
38.2,7.4,1,MO,01001
30.4,5.9,1,MO,01001
36.0,8.6,1,MO,01001
40.8,8.0,1,MO,01001
39.2,8.2,1,MO,01001
34.9,7.6,1,MO,01001
40.6,7.5,1,MO,01001
39.3,8.6,1,MO,01001
36.2,8.4,1,MO,01001
31.5,7.6,1,MO,01001
38.9,7.5,1,MO,01001
35.3,8.4,1,MO,01001
39.7,7.1,1,MO,01001
31.6,6.8,1,MO,01001
36.2,8.5,1,MO,01001
32.7,7.8,1,MO,01001
33.0,7.6,1,MO,01001
42.0,7.6,1,MO,01001
32.6,7.8,1,MO,01001
39.8,8.0,1,MO,01001
39.2,8.3,1,MO,01001
33.1,7.5,1,MO,01001
30.1,7.1,1,MO,01001
39.4,8.6,1,MO,01001
43.4,8.8,1,MO,01001
37.8,8.6,1,MO,01001
34.0,7.9,1,MO,01001
36.4,8.6,1,MO,01001
37.7,8.3,1,MO,01001
43.4,8.1,1,MO,01001
42.3,8.6,1,MO,01001
30.0,7.2,1,MO,01001
41.7,8.3,1,MO,01001
38.6,8.5,1,MO,01001
40.7,7.2,1,MO,01001
44.3,7.8,1,MO,01001
39.8,8.2,1,MO,01001
36.4,8.1,1,MO,01001
39.2,7.9,1,MO,01001
35.2,8.5,1,MO,01001
34.3,7.7,1,MO,01001
39.0,7.6,1,MO,01001
39.6,8.0,1,MO,01001
30.0,7.2,1,MO,01001
34.5,8.3,1,MO,01001
34.3,8.1,1,MO,01001
33.9,7.8,1,MO,01001
39.7,8.1,1,MO,01001
42.6,8.4,1,MO,01001
38.0,8.8,1,MO,01001
38.3,7.4,1,MO,01001
39.4,8.2,1,MO,01001
39.4,8.5,1,MO,01001
38.5,8.4,1,MO,01001
35.8,8.6,1,MO,01001
31.0,8.3,1,MO,01001
31.1,7.9,1,MO,01001
42.8,9.0,1,MO,01001
40.3,8.1,1,MO,01001
32.2,7.2,1,MO,01001
42.3,7.8,1,MO,01001
39.5,5.9,1,MO,01001
31.4,7.7,1,MO,01001
40.4,6.6,1,MO,01001
39.4,7.7,1,MO,01001
38.7,7.5,1,MO,01001
37.0,8.7,1,MO,01001
38.9,8.6,1,MO,01001
40.6,7.5,1,MO,01001
38.3,7.2,1,MO,01001
29.8,7.6,1,MO,01001
39.1,7.6,1,MO,01001
38.8,8.3,1,MO,01001
17.4,0.6,1,MT,01001
24.8,5.0,1,MT,01001
21.1,7.6,1,MT,01001
23.1,3.1,1,MT,01001
24.3,4.7,1,MT,01001
24.2,8.3,1,MT,01001
27.2,7.2,1,MT,01001
27.0,10.0,1,MT,01001
24.4,8.8,1,MT,01001
15.4,8.9,1,MT,01001
19.8,7.8,1,MT,01001
18.9,1.2,1,MT,01001
22.3,8.0,1,MT,01001
26.9,8.0,1,MT,01001
24.5,5.7,1,MT,01001
19.4,1.5,1,MT,01001
24.5,9.8,1,MT,01001
26.5,9.8,1,MT,01001
27.2,6.2,1,MT,01001
21.6,2.6,1,MT,01001
18.4,6.6,1,MT,01001
21.8,2.0,1,MT,01001
25.1,5.6,1,MT,01001
25.2,3.5,1,MT,01001
24.5,5.3,1,MT,01001
22.3,8.8,1,MT,01001
26.2,6.2,1,MT,01001
17.9,6.9,1,MT,01001
19.5,1.0,1,MT,01001
21.4,3.1,1,MT,01001
25.4,3.6,1,MT,01001
23.4,3.0,1,MT,01001
28.4,8.1,1,MT,01001
20.3,2.1,1,MT,01001
27.5,9.0,1,MT,01001
19.3,7.1,1,MT,01001
26.1,9.2,1,MT,01001
25.1,6.9,1,MT,01001
21.9,3.6,1,MT,01001
22.2,8.3,1,MT,01001
22.1,1.9,1,MT,01001
17.2,7.4,1,MT,01001
14.6,6.9,1,MT,01001
25.7,8.6,1,MT,01001
25.6,3.6,1,MT,01001
14.6,8.7,1,MT,01001
19.6,0.9,1,MT,01001
25.6,4.3,1,MT,01001
25.0,3.2,1,MT,01001
26.8,8.3,1,MT,01001
25.8,11.0,1,MT,01001
27.2,9.1,1,MT,01001
16.2,7.4,1,MT,01001
25.7,4.9,1,MT,01001
21.2,8.2,1,MT,01001
27.8,7.0,1,MT,01001
27.1,4.2,1,NE,01001
23.0,3.8,1,NE,01001
22.9,0.1,1,NE,01001
25.7,0.6,1,NE,01001
23.6,1.6,1,NE,01001
24.1,4.4,1,NE,01001
23.5,0.5,1,NE,01001
21.5,2.5,1,NE,01001
22.5,1.5,1,NE,01001
26.7,4.4,1,NE,01001
24.3,5.2,1,NE,01001
26.1,5.0,1,NE,01001
28.3,6.4,1,NE,01001
20.4,2.9,1,NE,01001
24.9,-0.6,1,NE,01001
24.4,3.4,1,NE,01001
24.8,-0.3,1,NE,01001
27.5,4.8,1,NE,01001
25.1,5.0,1,NE,01001
23.3,4.3,1,NE,01001
24.5,2.5,1,NE,01001
20.6,2.9,1,NE,01001
25.5,2.9,1,NE,01001
25.4,1.9,1,NE,01001
23.4,-1.6,1,NE,01001
19.8,2.1,1,NE,01001
25.3,5.2,1,NE,01001
26.4,5.5,1,NE,01001
26.0,-0.5,1,NE,01001
27.5,4.9,1,NE,01001
27.8,3.6,1,NE,01001
26.0,1.5,1,NE,01001
27.3,2.2,1,NE,01001
28.8,5.5,1,NE,01001
22.4,-0.8,1,NE,01001
22.8,2.8,1,NE,01001
26.6,2.3,1,NE,01001
22.0,0.2,1,NE,01001
24.0,3.6,1,NE,01001
26.7,4.5,1,NE,01001
27.2,4.9,1,NE,01001
28.0,3.2,1,NE,01001
25.7,0.7,1,NE,01001
26.8,0.8,1,NE,01001
21.9,2.6,1,NE,01001
23.4,1.3,1,NE,01001
25.4,3.8,1,NE,01001
28.2,4.8,1,NE,01001
29.5,6.4,1,NE,01001
27.1,4.1,1,NE,01001
23.9,-0.3,1,NE,01001
22.8,3.1,1,NE,01001
24.3,-0.5,1,NE,01001
21.3,2.8,1,NE,01001
28.6,6.4,1,NE,01001
24.2,0.5,1,NE,01001
23.9,1.2,1,NE,01001
22.8,2.1,1,NE,01001
23.2,0.5,1,NE,01001
23.5,4.2,1,NE,01001
26.4,4.8,1,NE,01001
23.9,-0.2,1,NE,01001
24.9,4.2,1,NE,01001
29.9,6.2,1,NE,01001
28.9,5.6,1,NE,01001
29.2,6.5,1,NE,01001
29.5,5.9,1,NE,01001
24.3,-0.4,1,NE,01001
26.9,3.3,1,NE,01001
22.1,3.6,1,NE,01001
24.6,4.6,1,NE,01001
26.6,5.3,1,NE,01001
26.6,1.2,1,NE,01001
30.2,6.1,1,NE,01001
21.7,1.8,1,NE,01001
28.3,5.7,1,NE,01001
27.1,5.6,1,NE,01001
26.8,5.6,1,NE,01001
25.3,0.5,1,NE,01001
27.8,5.7,1,NE,01001
23.4,2.1,1,NE,01001
25.2,3.8,1,NE,01001
23.6,1.4,1,NE,01001
23.4,4.1,1,NE,01001
28.7,5.4,1,NE,01001
24.0,1.4,1,NE,01001
21.7,3.4,1,NE,01001
23.6,2.9,1,NE,01001
25.8,5.6,1,NE,01001
21.2,2.8,1,NE,01001
27.9,4.3,1,NE,01001
23.6,3.9,1,NE,01001
27.3,5.0,1,NE,01001
30.6,0.2,1,NV,01001
42.6,-0.8,1,NV,01001
28.1,-3.1,1,NV,01001
22.8,-1.8,1,NV,01001
32.7,1.5,1,NV,01001
23.5,-1.8,1,NV,01001
28.3,-0.2,1,NV,01001
26.0,-1.6,1,NV,01001
33.7,-0.7,1,NV,01001
28.6,-2.7,1,NV,01001
29.4,-0.5,1,NV,01001
31.4,0.5,1,NV,01001
31.1,1.3,1,NV,01001
28.4,-3.3,1,NV,01001
28.6,-1.1,1,NV,01001
23.0,-2.6,1,NV,01001
28.8,-2.9,1,NV,01001
30.3,11.6,1,NH,01001
29.2,12.3,1,NH,01001
30.7,11.3,1,NH,01001
24.6,12.6,1,NH,01001
27.6,12.5,1,NH,01001
32.4,11.4,1,NH,01001
30.6,11.5,1,NH,01001
33.6,11.1,1,NH,01001
31.1,10.2,1,NH,01001
29.3,11.9,1,NH,01001
42.8,10.9,1,NJ,01001
40.5,12.1,1,NJ,01001
42.6,11.1,1,NJ,01001
42.7,11.1,1,NJ,01001
43.3,10.4,1,NJ,01001
42.8,10.9,1,NJ,01001
41.5,12.6,1,NJ,01001
42.8,11.1,1,NJ,01001
43.0,12.3,1,NJ,01001
39.3,12.3,1,NJ,01001
41.3,11.5,1,NJ,01001
42.2,12.3,1,NJ,01001
42.1,11.6,1,NJ,01001
38.7,12.4,1,NJ,01001
42.4,11.1,1,NJ,01001
38.6,12.2,1,NJ,01001
42.7,10.8,1,NJ,01001
40.7,12.4,1,NJ,01001
36.8,12.3,1,NJ,01001
42.4,12.8,1,NJ,01001
37.7,12.5,1,NJ,01001
34.2,2.0,1,NM,01001
30.0,-0.3,1,NM,01001
43.2,4.4,1,NM,01001
29.1,0.1,1,NM,01001
28.4,0.4,1,NM,01001
39.8,4.4,1,NM,01001
41.4,4.6,1,NM,01001
43.7,2.6,1,NM,01001
45.6,4.1,1,NM,01001
37.7,0.0,1,NM,01001
38.3,3.5,1,NM,01001
35.5,2.4,1,NM,01001
40.1,-0.8,1,NM,01001
44.5,4.5,1,NM,01001
38.2,2.6,1,NM,01001
26.9,0.1,1,NM,01001
41.5,0.4,1,NM,01001
28.0,0.1,1,NM,01001
30.2,1.5,1,NM,01001
40.4,1.7,1,NM,01001
39.3,3.3,1,NM,01001
23.8,0.2,1,NM,01001
40.8,4.3,1,NM,01001
28.7,-0.1,1,NM,01001
30.8,2.8,1,NM,01001
34.9,1.9,1,NM,01001
30.2,1.2,1,NM,01001
39.6,1.3,1,NM,01001
35.6,1.6,1,NM,01001
22.1,-0.0,1,NM,01001
33.3,2.7,1,NM,01001
32.2,0.5,1,NM,01001
35.7,2.0,1,NM,01001
32.1,10.6,1,NY,01001
32.1,10.6,1,NY,01001
42.5,11.9,1,NY,01001
32.2,10.2,1,NY,01001
32.0,10.5,1,NY,01001
31.9,9.7,1,NY,01001
32.8,10.2,1,NY,01001
33.6,11.3,1,NY,01001
31.3,10.9,1,NY,01001
24.8,10.0,1,NY,01001
33.9,11.1,1,NY,01001
30.5,10.3,1,NY,01001
31.7,11.3,1,NY,01001
36.0,12.2,1,NY,01001
32.1,9.2,1,NY,01001
25.2,10.8,1,NY,01001
24.0,10.8,1,NY,01001
29.2,11.0,1,NY,01001
31.1,8.8,1,NY,01001
31.8,10.4,1,NY,01001
25.7,11.5,1,NY,01001
26.6,10.6,1,NY,01001
27.1,10.3,1,NY,01001
43.2,11.8,1,NY,01001
25.6,10.8,1,NY,01001
32.8,10.1,1,NY,01001
29.9,10.5,1,NY,01001
32.4,9.2,1,NY,01001
30.9,10.4,1,NY,01001
42.0,11.4,1,NY,01001
43.0,12.1,1,NY,01001
31.7,8.0,1,NY,01001
28.8,10.4,1,NY,01001
31.1,9.8,1,NY,01001
32.5,9.9,1,NY,01001
36.2,11.8,1,NY,01001
31.6,8.5,1,NY,01001
29.7,9.8,1,NY,01001
30.1,10.1,1,NY,01001
37.2,12.4,1,NY,01001
42.5,11.4,1,NY,01001
32.3,11.5,1,NY,01001
43.4,12.4,1,NY,01001
38.8,12.1,1,NY,01001
25.2,11.0,1,NY,01001
31.0,11.9,1,NY,01001
31.6,11.1,1,NY,01001
30.3,10.0,1,NY,01001
32.8,11.1,1,NY,01001
33.0,9.8,1,NY,01001
32.8,11.1,1,NY,01001
40.9,11.3,1,NY,01001
34.0,12.2,1,NY,01001
32.7,10.4,1,NY,01001
32.0,10.3,1,NY,01001
34.1,11.6,1,NY,01001
28.3,12.0,1,NY,01001
30.7,12.2,1,NY,01001
32.3,9.4,1,NY,01001
39.7,12.4,1,NY,01001
30.9,9.9,1,NY,01001
32.6,10.2,1,NY,01001
46.2,7.2,1,NC,01001
44.4,6.3,1,NC,01001
40.4,8.2,1,NC,01001
48.9,6.9,1,NC,01001
38.8,7.1,1,NC,01001
37.6,6.2,1,NC,01001
49.1,6.0,1,NC,01001
48.2,7.5,1,NC,01001
50.0,6.1,1,NC,01001
51.3,5.8,1,NC,01001
41.2,6.0,1,NC,01001
44.5,6.5,1,NC,01001
47.2,6.9,1,NC,01001
43.9,6.2,1,NC,01001
48.0,7.3,1,NC,01001
50.5,5.2,1,NC,01001
45.2,7.0,1,NC,01001
45.6,6.9,1,NC,01001
47.3,7.1,1,NC,01001
42.8,5.4,1,NC,01001
48.5,7.4,1,NC,01001
42.1,5.7,1,NC,01001
45.9,6.4,1,NC,01001
50.5,5.8,1,NC,01001
49.7,6.0,1,NC,01001
49.2,6.5,1,NC,01001
48.2,7.2,1,NC,01001
48.8,5.3,1,NC,01001
45.8,7.2,1,NC,01001
45.0,7.3,1,NC,01001
49.2,5.9,1,NC,01001
47.2,8.1,1,NC,01001
48.1,7.5,1,NC,01001
44.5,7.1,1,NC,01001
47.3,8.4,1,NC,01001
46.9,7.0,1,NC,01001
47.7,7.7,1,NC,01001
40.8,5.3,1,NC,01001
46.6,8.6,1,NC,01001
48.5,6.5,1,NC,01001
45.4,7.2,1,NC,01001
46.8,7.5,1,NC,01001
48.2,6.5,1,NC,01001
37.6,4.6,1,NC,01001
42.3,5.6,1,NC,01001
47.7,7.7,1,NC,01001
49.3,7.1,1,NC,01001
49.6,5.5,1,NC,01001
45.4,7.2,1,NC,01001
39.0,4.4,1,NC,01001
48.3,6.9,1,NC,01001
49.3,5.9,1,NC,01001
47.9,7.0,1,NC,01001
48.3,5.7,1,NC,01001
46.1,6.9,1,NC,01001
43.7,6.5,1,NC,01001
40.6,5.0,1,NC,01001
41.1,5.8,1,NC,01001
48.6,7.3,1,NC,01001
47.7,7.2,1,NC,01001
38.3,5.6,1,NC,01001
48.5,7.5,1,NC,01001
49.0,7.8,1,NC,01001
47.6,8.0,1,NC,01001
51.7,6.3,1,NC,01001
46.7,7.5,1,NC,01001
50.1,5.7,1,NC,01001
46.6,7.7,1,NC,01001
50.0,5.5,1,NC,01001
48.2,7.3,1,NC,01001
50.4,5.9,1,NC,01001
48.3,7.3,1,NC,01001
46.0,8.3,1,NC,01001
48.8,6.8,1,NC,01001
45.5,5.7,1,NC,01001
46.6,6.9,1,NC,01001
49.4,7.4,1,NC,01001
50.2,6.5,1,NC,01001
44.8,7.0,1,NC,01001
46.3,7.4,1,NC,01001
45.7,6.2,1,NC,01001
49.3,6.5,1,NC,01001
49.9,7.4,1,NC,01001
47.9,6.9,1,NC,01001
43.7,6.8,1,NC,01001
43.3,7.3,1,NC,01001
38.6,4.7,1,NC,01001
41.7,5.9,1,NC,01001
49.2,6.5,1,NC,01001
48.6,7.1,1,NC,01001
46.4,8.4,1,NC,01001
47.7,7.5,1,NC,01001
46.3,8.0,1,NC,01001
49.0,7.1,1,NC,01001
38.6,6.6,1,NC,01001
48.6,6.5,1,NC,01001
43.8,7.1,1,NC,01001
48.6,7.6,1,NC,01001
43.8,6.8,1,NC,01001
38.1,5.5,1,NC,01001
19.0,7.0,1,ND,01001
10.8,5.5,1,ND,01001
10.0,7.0,1,ND,01001
19.5,8.2,1,ND,01001
10.2,7.1,1,ND,01001
21.8,8.1,1,ND,01001
12.1,7.9,1,ND,01001
11.8,5.0,1,ND,01001
10.8,5.6,1,ND,01001
8.6,8.2,1,ND,01001
10.5,2.8,1,ND,01001
13.7,9.0,1,ND,01001
17.7,8.3,1,ND,01001
10.5,6.7,1,ND,01001
13.0,4.5,1,ND,01001
10.8,6.4,1,ND,01001
20.6,8.3,1,ND,01001
9.3,6.3,1,ND,01001
15.7,5.5,1,ND,01001
9.6,6.2,1,ND,01001
17.5,6.4,1,ND,01001
10.5,5.0,1,ND,01001
11.6,4.4,1,ND,01001
12.0,5.2,1,ND,01001
11.7,7.2,1,ND,01001
12.0,4.2,1,ND,01001
18.0,9.1,1,ND,01001
13.8,6.7,1,ND,01001
15.3,6.4,1,ND,01001
14.7,5.8,1,ND,01001
14.2,8.1,1,ND,01001
8.8,6.5,1,ND,01001
14.6,6.1,1,ND,01001
9.8,8.8,1,ND,01001
10.3,7.6,1,ND,01001
8.9,6.8,1,ND,01001
11.5,4.7,1,ND,01001
12.1,7.5,1,ND,01001
12.6,5.5,1,ND,01001
10.5,9.1,1,ND,01001
11.3,3.8,1,ND,01001
10.6,5.2,1,ND,01001
14.8,4.6,1,ND,01001
20.8,7.7,1,ND,01001
17.7,6.9,1,ND,01001
9.0,5.4,1,ND,01001
11.7,5.7,1,ND,01001
9.7,8.8,1,ND,01001
10.1,6.0,1,ND,01001
9.5,7.4,1,ND,01001
13.8,7.8,1,ND,01001
10.3,5.9,1,ND,01001
15.3,8.7,1,ND,01001
39.7,9.4,1,OH,01001
35.0,9.7,1,OH,01001
34.7,9.8,1,OH,01001
35.2,10.9,1,OH,01001
38.9,9.3,1,OH,01001
34.9,9.4,1,OH,01001
37.3,9.3,1,OH,01001
39.0,9.4,1,OH,01001
37.7,9.1,1,OH,01001
36.5,10.2,1,OH,01001
36.2,10.2,1,OH,01001
37.4,10.6,1,OH,01001
38.8,9.0,1,OH,01001
38.1,10.1,1,OH,01001
35.4,9.4,1,OH,01001
36.4,9.7,1,OH,01001
34.8,9.9,1,OH,01001
36.0,10.3,1,OH,01001
35.8,9.9,1,OH,01001
34.2,10.0,1,OH,01001
36.1,9.4,1,OH,01001
35.8,9.7,1,OH,01001
36.6,8.7,1,OH,01001
37.7,10.1,1,OH,01001
37.0,9.2,1,OH,01001
34.0,10.3,1,OH,01001
39.2,7.5,1,OH,01001
34.7,11.1,1,OH,01001
37.9,10.2,1,OH,01001
37.7,9.9,1,OH,01001
38.4,8.7,1,OH,01001
35.3,10.1,1,OH,01001
35.6,10.3,1,OH,01001
37.3,10.3,1,OH,01001
34.6,10.0,1,OH,01001
38.8,10.2,1,OH,01001
37.6,9.1,1,OH,01001
35.7,9.9,1,OH,01001
35.1,9.9,1,OH,01001
39.5,9.4,1,OH,01001
36.7,9.1,1,OH,01001
35.2,9.5,1,OH,01001
35.9,10.6,1,OH,01001
40.0,8.0,1,OH,01001
36.0,9.3,1,OH,01001
35.6,10.3,1,OH,01001
35.5,9.4,1,OH,01001
35.4,10.3,1,OH,01001
37.0,10.0,1,OH,01001
35.6,10.6,1,OH,01001
35.7,9.9,1,OH,01001
35.5,10.1,1,OH,01001
39.0,8.1,1,OH,01001
34.6,9.4,1,OH,01001
37.4,10.6,1,OH,01001
37.6,8.8,1,OH,01001
37.9,10.2,1,OH,01001
38.4,9.6,1,OH,01001
34.8,9.6,1,OH,01001
37.4,9.6,1,OH,01001
37.8,9.3,1,OH,01001
35.6,10.0,1,OH,01001
35.0,10.4,1,OH,01001
37.3,9.4,1,OH,01001
37.9,9.3,1,OH,01001
39.8,10.1,1,OH,01001
36.1,11.6,1,OH,01001
36.1,9.5,1,OH,01001
35.0,10.0,1,OH,01001
34.4,9.9,1,OH,01001
39.0,10.0,1,OH,01001
35.6,10.0,1,OH,01001
39.9,9.2,1,OH,01001
35.2,9.9,1,OH,01001
36.0,10.3,1,OH,01001
36.7,11.1,1,OH,01001
36.8,11.3,1,OH,01001
35.5,11.0,1,OH,01001
37.1,10.4,1,OH,01001
35.9,9.6,1,OH,01001
35.1,10.2,1,OH,01001
39.0,9.6,1,OH,01001
38.4,9.6,1,OH,01001
39.2,9.3,1,OH,01001
35.6,10.1,1,OH,01001
33.4,10.2,1,OH,01001
35.2,10.0,1,OH,01001
35.6,10.1,1,OH,01001
42.1,5.8,1,OK,01001
39.6,6.6,1,OK,01001
46.6,6.5,1,OK,01001
37.6,4.6,1,OK,01001
43.4,7.2,1,OK,01001
41.7,6.8,1,OK,01001
48.3,7.5,1,OK,01001
42.9,6.5,1,OK,01001
42.3,6.6,1,OK,01001
46.1,6.0,1,OK,01001
42.6,5.9,1,OK,01001
47.8,6.9,1,OK,01001
34.1,1.0,1,OK,01001
43.5,6.1,1,OK,01001
45.8,6.2,1,OK,01001
44.4,6.1,1,OK,01001
45.8,6.3,1,OK,01001
40.8,6.4,1,OK,01001
41.5,5.4,1,OK,01001
42.0,6.9,1,OK,01001
41.9,6.5,1,OK,01001
40.9,6.6,1,OK,01001
39.5,5.9,1,OK,01001
41.0,7.0,1,OK,01001
45.0,6.3,1,OK,01001
43.5,6.3,1,OK,01001
39.8,6.9,1,OK,01001
43.9,6.7,1,OK,01001
44.3,6.6,1,OK,01001
38.4,5.4,1,OK,01001
44.8,5.8,1,OK,01001
44.1,5.6,1,OK,01001
44.8,6.6,1,OK,01001
46.5,6.1,1,OK,01001
46.8,6.7,1,OK,01001
39.5,6.3,1,OK,01001
41.7,6.4,1,OK,01001
43.6,6.4,1,OK,01001
45.1,5.7,1,OK,01001
45.4,6.3,1,OK,01001
42.4,5.7,1,OK,01001
41.7,6.1,1,OK,01001
47.3,6.4,1,OK,01001
43.9,6.3,1,OK,01001
47.2,6.8,1,OK,01001
44.0,5.7,1,OK,01001
40.7,6.6,1,OK,01001
47.5,6.7,1,OK,01001
41.9,6.0,1,OK,01001
46.0,6.4,1,OK,01001
43.6,5.8,1,OK,01001
41.2,6.6,1,OK,01001
39.6,5.6,1,OK,01001
42.9,5.3,1,OK,01001
42.6,6.1,1,OK,01001
42.7,5.2,1,OK,01001
39.9,5.8,1,OK,01001
42.4,8.1,1,OK,01001
41.4,6.4,1,OK,01001
41.7,6.2,1,OK,01001
44.5,5.3,1,OK,01001
45.5,6.5,1,OK,01001
43.8,6.0,1,OK,01001
46.2,6.3,1,OK,01001
42.0,7.0,1,OK,01001
40.8,5.6,1,OK,01001
44.0,5.9,1,OK,01001
44.0,5.8,1,OK,01001
44.8,5.8,1,OK,01001
35.9,2.8,1,OK,01001
45.5,6.4,1,OK,01001
41.1,5.2,1,OK,01001
42.3,5.5,1,OK,01001
39.2,5.3,1,OK,01001
42.5,6.4,1,OK,01001
38.7,5.9,1,OK,01001
39.2,5.8,1,OK,01001
26.7,2.4,1,OR,01001
40.9,2.1,1,OR,01001
37.3,3.0,1,OR,01001
41.9,3.6,1,OR,01001
40.6,4.0,1,OR,01001
42.8,1.2,1,OR,01001
29.7,2.0,1,OR,01001
42.6,1.3,1,OR,01001
29.6,2.1,1,OR,01001
38.7,1.1,1,OR,01001
35.1,4.9,1,OR,01001
27.4,1.7,1,OR,01001
26.3,0.2,1,OR,01001
33.0,3.8,1,OR,01001
36.4,1.4,1,OR,01001
33.2,3.3,1,OR,01001
37.6,0.7,1,OR,01001
28.4,1.1,1,OR,01001
27.6,0.1,1,OR,01001
38.5,1.7,1,OR,01001
42.1,1.3,1,OR,01001
37.9,2.4,1,OR,01001
28.2,1.7,1,OR,01001
38.7,2.7,1,OR,01001
34.8,4.9,1,OR,01001
40.2,3.7,1,OR,01001
40.8,2.4,1,OR,01001
35.0,5.0,1,OR,01001
40.4,2.3,1,OR,01001
33.7,4.8,1,OR,01001
27.8,2.2,1,OR,01001
26.0,1.5,1,OR,01001
34.0,4.1,1,OR,01001
40.4,3.5,1,OR,01001
31.7,2.4,1,OR,01001
40.7,2.6,1,OR,01001
38.9,10.3,1,PA,01001
37.7,9.5,1,PA,01001
35.9,9.9,1,PA,01001
35.9,8.5,1,PA,01001
37.3,10.0,1,PA,01001
39.0,11.2,1,PA,01001
36.2,10.4,1,PA,01001
33.6,11.0,1,PA,01001
40.0,11.5,1,PA,01001
35.5,9.6,1,PA,01001
34.0,9.6,1,PA,01001
33.4,9.7,1,PA,01001
35.9,12.4,1,PA,01001
35.4,10.4,1,PA,01001
39.8,10.7,1,PA,01001
34.2,9.9,1,PA,01001
34.5,10.5,1,PA,01001
34.3,9.8,1,PA,01001
35.8,11.4,1,PA,01001
33.6,10.4,1,PA,01001
38.7,10.4,1,PA,01001
38.6,11.4,1,PA,01001
41.9,11.1,1,PA,01001
33.9,11.2,1,PA,01001
33.0,9.5,1,PA,01001
36.7,9.0,1,PA,01001
33.7,10.5,1,PA,01001
38.4,10.0,1,PA,01001
38.4,10.3,1,PA,01001
37.7,8.9,1,PA,01001
37.6,10.5,1,PA,01001
35.2,9.6,1,PA,01001
34.5,10.9,1,PA,01001
38.1,10.7,1,PA,01001
34.2,11.7,1,PA,01001
39.5,10.9,1,PA,01001
35.5,9.6,1,PA,01001
38.6,11.3,1,PA,01001
38.9,11.9,1,PA,01001
35.0,11.9,1,PA,01001
34.5,10.8,1,PA,01001
32.8,11.1,1,PA,01001
34.6,10.4,1,PA,01001
37.4,10.6,1,PA,01001
34.9,11.9,1,PA,01001
40.6,11.3,1,PA,01001
36.6,11.2,1,PA,01001
38.1,12.2,1,PA,01001
37.0,11.2,1,PA,01001
38.4,10.8,1,PA,01001
42.5,11.5,1,PA,01001
34.5,11.9,1,PA,01001
32.4,10.3,1,PA,01001
36.6,11.5,1,PA,01001
37.4,10.9,1,PA,01001
34.3,9.4,1,PA,01001
32.2,10.9,1,PA,01001
33.2,11.1,1,PA,01001
33.3,11.3,1,PA,01001
36.4,10.9,1,PA,01001
34.0,10.2,1,PA,01001
33.0,10.5,1,PA,01001
37.5,9.3,1,PA,01001
33.7,11.8,1,PA,01001
37.4,9.6,1,PA,01001
34.3,11.4,1,PA,01001
39.5,10.9,1,PA,01001
38.6,9.9,1,RI,01001
37.4,10.4,1,RI,01001
39.0,9.9,1,RI,01001
37.0,10.9,1,RI,01001
38.7,10.8,1,RI,01001
48.6,6.2,1,SC,01001
50.9,5.6,1,SC,01001
50.9,4.2,1,SC,01001
47.6,5.9,1,SC,01001
50.6,4.0,1,SC,01001
50.6,4.6,1,SC,01001
54.6,5.1,1,SC,01001
53.2,5.8,1,SC,01001
51.7,5.8,1,SC,01001
54.5,6.1,1,SC,01001
46.7,6.2,1,SC,01001
48.0,6.1,1,SC,01001
49.1,6.6,1,SC,01001
51.8,5.7,1,SC,01001
53.0,5.4,1,SC,01001
50.3,6.4,1,SC,01001
50.6,6.4,1,SC,01001
53.6,6.2,1,SC,01001
50.5,6.1,1,SC,01001
49.2,6.2,1,SC,01001
51.3,6.1,1,SC,01001
52.2,5.2,1,SC,01001
47.2,6.4,1,SC,01001
49.2,6.3,1,SC,01001
51.9,4.4,1,SC,01001
51.1,5.4,1,SC,01001
53.6,4.8,1,SC,01001
49.6,6.4,1,SC,01001
48.5,6.7,1,SC,01001
48.4,6.2,1,SC,01001
50.7,6.5,1,SC,01001
50.5,6.2,1,SC,01001
49.6,6.1,1,SC,01001
51.2,5.9,1,SC,01001
50.0,6.6,1,SC,01001
49.4,6.5,1,SC,01001
45.9,4.7,1,SC,01001
51.8,5.5,1,SC,01001
46.7,5.9,1,SC,01001
50.7,5.9,1,SC,01001
49.9,6.3,1,SC,01001
47.2,6.1,1,SC,01001
51.5,6.2,1,SC,01001
47.9,6.1,1,SC,01001
51.9,5.6,1,SC,01001
47.3,6.2,1,SC,01001
18.0,2.9,1,SD,01001
15.6,3.3,1,SD,01001
24.8,4.6,1,SD,01001
19.8,2.4,1,SD,01001
14.5,3.7,1,SD,01001
12.5,4.0,1,SD,01001
19.4,3.5,1,SD,01001
17.8,3.5,1,SD,01001
25.6,7.7,1,SD,01001
14.1,4.0,1,SD,01001
20.4,2.6,1,SD,01001
13.7,4.0,1,SD,01001
18.9,2.4,1,SD,01001
13.2,4.5,1,SD,01001
17.0,4.9,1,SD,01001
26.2,4.7,1,SD,01001
16.2,1.1,1,SD,01001
12.1,3.9,1,SD,01001
14.7,5.1,1,SD,01001
19.4,5.9,1,SD,01001
18.3,1.8,1,SD,01001
14.1,4.1,1,SD,01001
25.8,4.4,1,SD,01001
15.1,4.3,1,SD,01001
14.1,4.7,1,SD,01001
21.7,3.3,1,SD,01001
24.8,7.4,1,SD,01001
14.0,4.6,1,SD,01001
16.4,4.0,1,SD,01001
14.9,0.3,1,SD,01001
24.3,9.2,1,SD,01001
19.4,4.8,1,SD,01001
16.9,1.2,1,SD,01001
17.0,4.6,1,SD,01001
25.6,5.8,1,SD,01001
17.2,3.3,1,SD,01001
24.1,6.2,1,SD,01001
14.7,3.5,1,SD,01001
14.8,2.3,1,SD,01001
25.4,4.5,1,SD,01001
17.2,2.4,1,SD,01001
20.4,3.7,1,SD,01001
15.5,1.6,1,SD,01001
12.6,3.6,1,SD,01001
11.2,3.4,1,SD,01001
25.7,7.3,1,SD,01001
25.1,5.7,1,SD,01001
14.8,1.8,1,SD,01001
16.7,3.4,1,SD,01001
15.1,3.0,1,SD,01001
25.6,4.6,1,SD,01001
26.1,6.2,1,SD,01001
21.7,7.9,1,SD,01001
16.5,5.1,1,SD,01001
13.4,4.7,1,SD,01001
15.8,1.9,1,SD,01001
14.5,3.9,1,SD,01001
22.1,6.1,1,SD,01001
18.3,5.1,1,SD,01001
24.1,4.1,1,SD,01001
22.5,3.7,1,SD,01001
17.2,2.2,1,SD,01001
18.8,2.3,1,SD,01001
15.9,5.0,1,SD,01001
19.1,2.6,1,SD,01001
22.4,7.5,1,SD,01001
43.0,6.5,1,TN,01001
45.8,7.4,1,TN,01001
46.2,8.8,1,TN,01001
43.6,7.1,1,TN,01001
43.8,5.9,1,TN,01001
46.2,6.9,1,TN,01001
41.8,6.7,1,TN,01001
45.2,7.8,1,TN,01001
45.8,8.7,1,TN,01001
40.7,6.5,1,TN,01001
46.0,9.0,1,TN,01001
46.9,8.7,1,TN,01001
41.5,5.9,1,TN,01001
44.7,8.3,1,TN,01001
42.8,5.4,1,TN,01001
45.1,7.4,1,TN,01001
45.7,8.6,1,TN,01001
42.2,7.1,1,TN,01001
46.4,9.0,1,TN,01001
47.5,9.1,1,TN,01001
45.1,7.8,1,TN,01001
45.5,8.9,1,TN,01001
44.5,7.9,1,TN,01001
47.7,8.8,1,TN,01001
42.2,7.7,1,TN,01001
45.7,7.4,1,TN,01001
45.2,8.5,1,TN,01001
45.2,6.9,1,TN,01001
42.3,5.7,1,TN,01001
42.9,5.8,1,TN,01001
43.5,7.4,1,TN,01001
42.8,5.6,1,TN,01001
46.1,7.1,1,TN,01001
41.8,5.9,1,TN,01001
47.0,8.5,1,TN,01001
47.7,8.7,1,TN,01001
42.5,5.9,1,TN,01001
46.6,8.8,1,TN,01001
46.8,8.9,1,TN,01001
44.6,8.1,1,TN,01001
46.3,8.9,1,TN,01001
45.3,8.6,1,TN,01001
46.1,9.0,1,TN,01001
45.0,8.1,1,TN,01001
42.9,5.4,1,TN,01001
38.9,6.0,1,TN,01001
43.6,5.9,1,TN,01001
43.8,7.9,1,TN,01001
45.8,8.1,1,TN,01001
45.7,7.7,1,TN,01001
46.4,8.9,1,TN,01001
45.9,7.0,1,TN,01001
44.9,6.5,1,TN,01001
45.7,7.0,1,TN,01001
47.0,8.2,1,TN,01001
44.6,8.6,1,TN,01001
46.6,8.9,1,TN,01001
45.5,7.5,1,TN,01001
45.6,7.5,1,TN,01001
46.0,8.3,1,TN,01001
45.5,6.9,1,TN,01001
44.4,6.3,1,TN,01001
45.2,8.8,1,TN,01001
45.5,7.0,1,TN,01001
42.5,7.0,1,TN,01001
43.7,8.0,1,TN,01001
44.1,8.3,1,TN,01001
47.3,9.4,1,TN,01001
43.6,8.1,1,TN,01001
45.2,6.5,1,TN,01001
44.4,8.1,1,TN,01001
44.4,6.9,1,TN,01001
44.6,6.7,1,TN,01001
45.2,9.1,1,TN,01001
46.3,8.3,1,TN,01001
41.7,7.1,1,TN,01001
43.9,7.3,1,TN,01001
41.3,4.7,1,TN,01001
48.1,8.5,1,TN,01001
45.2,7.9,1,TN,01001
44.9,8.4,1,TN,01001
42.4,6.5,1,TN,01001
45.6,9.2,1,TN,01001
46.9,8.3,1,TN,01001
45.6,8.6,1,TN,01001
40.0,5.6,1,TN,01001
42.3,5.9,1,TN,01001
43.6,7.4,1,TN,01001
44.9,7.6,1,TN,01001
42.8,6.1,1,TN,01001
47.2,9.1,1,TN,01001
44.5,8.3,1,TN,01001
44.4,7.8,1,TN,01001
46.0,8.6,1,TN,01001
46.0,8.5,1,TN,01001
52.5,6.2,1,TX,01001
46.2,4.1,1,TX,01001
54.4,6.1,1,TX,01001
61.2,6.9,1,TX,01001
48.3,7.2,1,TX,01001
42.2,5.8,1,TX,01001
58.7,6.4,1,TX,01001
58.2,7.7,1,TX,01001
41.2,4.4,1,TX,01001
54.3,5.7,1,TX,01001
55.3,6.1,1,TX,01001
48.6,7.6,1,TX,01001
60.3,6.4,1,TX,01001
52.7,6.5,1,TX,01001
57.2,6.3,1,TX,01001
53.5,5.7,1,TX,01001
47.2,4.8,1,TX,01001
51.1,6.0,1,TX,01001
51.6,8.4,1,TX,01001
60.4,7.3,1,TX,01001
54.8,6.2,1,TX,01001
52.2,5.4,1,TX,01001
43.8,5.9,1,TX,01001
65.1,8.5,1,TX,01001
52.1,7.8,1,TX,01001
55.3,6.7,1,TX,01001
53.2,6.2,1,TX,01001
55.7,6.0,1,TX,01001
60.9,7.3,1,TX,01001
50.4,7.0,1,TX,01001
67.4,7.6,1,TX,01001
51.7,7.7,1,TX,01001
40.9,5.8,1,TX,01001
51.9,7.4,1,TX,01001
41.2,5.1,1,TX,01001
59.2,7.1,1,TX,01001
53.0,6.3,1,TX,01001
45.2,6.6,1,TX,01001
48.0,7.0,1,TX,01001
42.3,4.2,1,TX,01001
49.8,6.1,1,TX,01001
51.7,7.4,1,TX,01001
49.4,6.8,1,TX,01001
43.5,6.3,1,TX,01001
59.0,7.9,1,TX,01001
55.6,6.1,1,TX,01001
51.5,7.5,1,TX,01001
51.3,6.6,1,TX,01001
48.5,6.9,1,TX,01001
51.6,5.9,1,TX,01001
46.7,6.7,1,TX,01001
49.6,5.1,1,TX,01001
50.5,5.3,1,TX,01001
44.9,5.5,1,TX,01001
46.6,3.8,1,TX,01001
35.4,2.0,1,TX,01001
50.9,6.5,1,TX,01001
45.3,3.7,1,TX,01001
39.8,4.7,1,TX,01001
50.4,7.9,1,TX,01001
49.8,6.8,1,TX,01001
58.0,6.0,1,TX,01001
46.5,5.9,1,TX,01001
59.0,6.4,1,TX,01001
43.2,6.4,1,TX,01001
62.2,7.3,1,TX,01001
50.2,7.1,1,TX,01001
47.8,4.6,1,TX,01001
53.9,6.9,1,TX,01001
51.4,6.1,1,TX,01001
46.0,3.1,1,TX,01001
50.9,7.2,1,TX,01001
51.1,4.9,1,TX,01001
49.4,7.7,1,TX,01001
57.4,7.3,1,TX,01001
48.6,6.4,1,TX,01001
43.5,5.4,1,TX,01001
47.7,7.6,1,TX,01001
59.4,7.3,1,TX,01001
51.2,7.9,1,TX,01001
52.6,6.4,1,TX,01001
59.0,7.2,1,TX,01001
44.7,3.7,1,TX,01001
60.3,7.2,1,TX,01001
47.3,5.9,1,TX,01001
52.6,5.7,1,TX,01001
48.1,4.9,1,TX,01001
59.6,6.3,1,TX,01001
56.5,5.5,1,TX,01001
41.9,6.7,1,TX,01001
48.7,7.0,1,TX,01001
51.9,6.0,1,TX,01001
55.5,6.5,1,TX,01001
56.2,5.7,1,TX,01001
42.3,4.7,1,TX,01001
45.2,6.5,1,TX,01001
51.3,6.6,1,TX,01001
38.6,4.4,1,TX,01001
46.2,7.1,1,TX,01001
57.2,6.9,1,TX,01001
58.8,7.0,1,TX,01001
52.0,5.9,1,TX,01001
37.2,3.1,1,TX,01001
49.4,7.4,1,TX,01001
54.6,5.9,1,TX,01001
40.4,5.7,1,TX,01001
51.5,6.2,1,TX,01001
67.0,8.1,1,TX,01001
51.8,6.3,1,TX,01001
43.0,4.4,1,TX,01001
51.4,7.2,1,TX,01001
51.2,8.2,1,TX,01001
53.4,5.7,1,TX,01001
48.0,4.7,1,TX,01001
45.2,3.3,1,TX,01001
50.6,8.2,1,TX,01001
41.1,5.7,1,TX,01001
49.2,5.1,1,TX,01001
48.9,7.1,1,TX,01001
59.8,7.1,1,TX,01001
56.0,6.8,1,TX,01001
48.2,5.0,1,TX,01001
58.9,7.1,1,TX,01001
64.5,8.3,1,TX,01001
62.6,7.2,1,TX,01001
51.6,6.9,1,TX,01001
49.2,6.5,1,TX,01001
57.7,5.3,1,TX,01001
50.9,6.5,1,TX,01001
54.4,6.1,1,TX,01001
65.6,8.3,1,TX,01001
47.9,6.2,1,TX,01001
52.3,5.4,1,TX,01001
51.2,5.4,1,TX,01001
48.3,7.3,1,TX,01001
57.8,7.5,1,TX,01001
63.3,7.4,1,TX,01001
48.9,7.8,1,TX,01001
49.0,6.9,1,TX,01001
41.7,4.4,1,TX,01001
52.4,6.4,1,TX,01001
60.2,7.2,1,TX,01001
58.2,6.9,1,TX,01001
55.6,6.9,1,TX,01001
52.9,5.7,1,TX,01001
58.1,7.0,1,TX,01001
51.9,5.8,1,TX,01001
38.9,5.2,1,TX,01001
60.6,6.8,1,TX,01001
53.7,6.9,1,TX,01001
48.6,4.9,1,TX,01001
43.9,5.1,1,TX,01001
45.2,4.8,1,TX,01001
52.5,7.3,1,TX,01001
50.7,4.9,1,TX,01001
60.3,6.9,1,TX,01001
53.9,5.7,1,TX,01001
51.5,6.0,1,TX,01001
46.7,3.9,1,TX,01001
52.9,6.6,1,TX,01001
60.3,7.0,1,TX,01001
58.8,7.0,1,TX,01001
57.0,6.3,1,TX,01001
50.8,6.0,1,TX,01001
47.7,4.3,1,TX,01001
53.6,6.5,1,TX,01001
52.2,7.2,1,TX,01001
48.9,5.9,1,TX,01001
48.3,7.2,1,TX,01001
57.3,7.2,1,TX,01001
39.7,5.0,1,TX,01001
51.7,7.7,1,TX,01001
45.6,5.9,1,TX,01001
53.2,5.6,1,TX,01001
52.2,6.6,1,TX,01001
56.2,7.0,1,TX,01001
49.0,6.4,1,TX,01001
62.6,7.0,1,TX,01001
39.0,5.0,1,TX,01001
38.8,3.5,1,TX,01001
58.2,7.1,1,TX,01001
50.0,7.0,1,TX,01001
52.6,5.7,1,TX,01001
50.5,7.1,1,TX,01001
40.6,4.9,1,TX,01001
51.5,6.5,1,TX,01001
55.5,6.2,1,TX,01001
40.4,5.1,1,TX,01001
50.9,4.8,1,TX,01001
51.3,8.1,1,TX,01001
41.0,5.4,1,TX,01001
48.6,4.8,1,TX,01001
53.9,6.0,1,TX,01001
49.5,7.3,1,TX,01001
49.9,5.5,1,TX,01001
60.7,6.5,1,TX,01001
41.0,6.1,1,TX,01001
53.1,5.8,1,TX,01001
50.2,6.8,1,TX,01001
50.6,6.7,1,TX,01001
52.5,5.8,1,TX,01001
54.9,7.0,1,TX,01001
54.5,6.6,1,TX,01001
56.2,6.6,1,TX,01001
61.5,6.5,1,TX,01001
53.3,7.5,1,TX,01001
49.7,5.2,1,TX,01001
47.9,5.8,1,TX,01001
49.8,7.0,1,TX,01001
53.0,5.7,1,TX,01001
37.5,3.6,1,TX,01001
51.4,6.1,1,TX,01001
51.6,6.9,1,TX,01001
66.0,8.3,1,TX,01001
49.2,6.6,1,TX,01001
49.0,5.6,1,TX,01001
48.8,6.9,1,TX,01001
51.4,6.1,1,TX,01001
41.7,5.1,1,TX,01001
51.1,6.9,1,TX,01001
49.7,6.5,1,TX,01001
53.1,6.6,1,TX,01001
43.8,3.8,1,TX,01001
49.2,7.2,1,TX,01001
51.5,8.2,1,TX,01001
50.0,5.4,1,TX,01001
54.4,6.0,1,TX,01001
54.2,5.8,1,TX,01001
55.6,6.4,1,TX,01001
51.5,6.6,1,TX,01001
49.1,4.5,1,TX,01001
56.7,6.1,1,TX,01001
55.6,7.4,1,TX,01001
51.3,7.2,1,TX,01001
59.7,6.7,1,TX,01001
55.2,6.3,1,TX,01001
57.5,7.1,1,TX,01001
49.6,5.6,1,TX,01001
56.7,7.3,1,TX,01001
61.5,7.2,1,TX,01001
59.7,7.5,1,TX,01001
42.6,6.8,1,TX,01001
47.2,7.0,1,TX,01001
47.0,7.1,1,TX,01001
67.0,8.2,1,TX,01001
53.8,6.3,1,TX,01001
56.8,5.2,1,TX,01001
48.1,5.0,1,TX,01001
49.4,7.1,1,TX,01001
51.3,7.4,1,TX,01001
43.4,4.1,1,TX,01001
48.9,7.0,1,TX,01001
64.3,7.9,1,TX,01001
58.3,6.3,1,TX,01001
27.3,0.0,1,UT,01001
24.8,1.0,1,UT,01001
22.5,1.2,1,UT,01001
20.7,-0.2,1,UT,01001
18.8,-1.2,1,UT,01001
27.1,0.9,1,UT,01001
19.1,0.5,1,UT,01001
26.2,1.6,1,UT,01001
27.3,1.0,1,UT,01001
28.2,3.9,1,UT,01001
27.3,-0.3,1,UT,01001
27.2,0.2,1,UT,01001
30.9,0.9,1,UT,01001
28.1,0.5,1,UT,01001
22.8,0.3,1,UT,01001
24.2,0.3,1,UT,01001
17.6,-0.5,1,UT,01001
27.8,1.4,1,UT,01001
30.7,2.1,1,UT,01001
22.8,-0.3,1,UT,01001
23.8,-1.2,1,UT,01001
19.0,-0.5,1,UT,01001
26.9,0.5,1,UT,01001
18.5,-0.1,1,UT,01001
25.2,0.7,1,UT,01001
20.9,0.1,1,UT,01001
34.7,-0.5,1,UT,01001
29.3,2.9,1,UT,01001
24.8,1.7,1,UT,01001
27.8,11.4,1,VT,01001
29.6,12.3,1,VT,01001
25.0,11.9,1,VT,01001
27.8,11.8,1,VT,01001
24.4,12.3,1,VT,01001
26.4,11.8,1,VT,01001
26.5,10.7,1,VT,01001
25.6,12.2,1,VT,01001
27.4,12.5,1,VT,01001
25.0,12.4,1,VT,01001
28.6,12.0,1,VT,01001
26.0,11.8,1,VT,01001
30.0,11.7,1,VT,01001
28.9,12.3,1,VT,01001
45.0,7.9,1,VA,01001
43.7,9.5,1,VA,01001
39.3,7.4,1,VA,01001
44.4,7.6,1,VA,01001
42.4,8.1,1,VA,01001
43.4,8.0,1,VA,01001
43.2,9.5,1,VA,01001
40.7,9.2,1,VA,01001
38.2,7.4,1,VA,01001
43.1,7.8,1,VA,01001
39.0,7.2,1,VA,01001
41.3,7.0,1,VA,01001
45.3,7.6,1,VA,01001
41.1,7.5,1,VA,01001
43.9,8.1,1,VA,01001
43.2,7.8,1,VA,01001
43.4,8.0,1,VA,01001
40.2,7.6,1,VA,01001
46.2,7.6,1,VA,01001
43.5,7.4,1,VA,01001
45.1,7.7,1,VA,01001
40.4,9.6,1,VA,01001
39.8,7.6,1,VA,01001
42.0,8.8,1,VA,01001
43.8,7.6,1,VA,01001
40.8,7.0,1,VA,01001
45.3,7.7,1,VA,01001
43.9,7.6,1,VA,01001
43.0,9.8,1,VA,01001
41.7,9.7,1,VA,01001
39.5,7.8,1,VA,01001
43.7,8.3,1,VA,01001
42.9,7.5,1,VA,01001
39.5,9.4,1,VA,01001
39.5,7.7,1,VA,01001
45.7,7.4,1,VA,01001
43.4,7.5,1,VA,01001
39.1,7.8,1,VA,01001
41.8,9.3,1,VA,01001
45.8,7.4,1,VA,01001
43.9,7.2,1,VA,01001
43.9,7.7,1,VA,01001
45.0,7.7,1,VA,01001
43.5,6.9,1,VA,01001
35.7,7.6,1,VA,01001
47.0,7.5,1,VA,01001
46.2,7.6,1,VA,01001
44.2,7.3,1,VA,01001
44.0,8.8,1,VA,01001
44.2,7.4,1,VA,01001
44.3,7.3,1,VA,01001
41.3,6.4,1,VA,01001
41.8,10.5,1,VA,01001
42.6,7.8,1,VA,01001
44.6,7.9,1,VA,01001
41.3,9.1,1,VA,01001
45.6,7.4,1,VA,01001
45.1,7.7,1,VA,01001
44.7,7.3,1,VA,01001
41.2,8.1,1,VA,01001
42.8,9.0,1,VA,01001
45.1,7.4,1,VA,01001
45.9,7.5,1,VA,01001
44.4,8.2,1,VA,01001
44.6,7.8,1,VA,01001
42.1,8.2,1,VA,01001
40.3,9.6,1,VA,01001
41.9,6.9,1,VA,01001
43.4,6.9,1,VA,01001
44.0,7.5,1,VA,01001
43.8,7.6,1,VA,01001
46.2,7.6,1,VA,01001
42.9,9.7,1,VA,01001
40.8,7.9,1,VA,01001
40.6,9.4,1,VA,01001
43.9,7.7,1,VA,01001
42.2,7.8,1,VA,01001
40.6,7.4,1,VA,01001
40.7,9.7,1,VA,01001
40.7,7.3,1,VA,01001
41.4,6.2,1,VA,01001
39.8,9.1,1,VA,01001
39.7,7.5,1,VA,01001
46.6,7.6,1,VA,01001
42.4,8.2,1,VA,01001
42.9,8.9,1,VA,01001
46.5,7.6,1,VA,01001
46.0,7.5,1,VA,01001
39.0,7.4,1,VA,01001
40.0,9.2,1,VA,01001
41.0,6.9,1,VA,01001
44.3,8.6,1,VA,01001
39.3,6.3,1,VA,01001
40.4,8.0,1,VA,01001
46.6,7.6,1,VA,01001
43.7,9.5,1,VA,01001
42.3,6.9,1,VA,01001
41.8,7.4,1,VA,01001
44.3,9.6,1,VA,01001
47.7,7.6,1,VA,01001
45.9,7.7,1,VA,01001
40.8,7.1,1,VA,01001
44.4,6.6,1,VA,01001
45.8,7.4,1,VA,01001
42.6,9.6,1,VA,01001
42.8,9.5,1,VA,01001
46.9,7.6,1,VA,01001
42.8,8.6,1,VA,01001
40.6,7.8,1,VA,01001
47.4,7.5,1,VA,01001
42.1,9.9,1,VA,01001
46.4,7.7,1,VA,01001
43.7,8.5,1,VA,01001
42.8,9.8,1,VA,01001
42.8,9.8,1,VA,01001
43.4,6.8,1,VA,01001
47.2,7.5,1,VA,01001
48.0,7.5,1,VA,01001
39.1,6.1,1,VA,01001
45.8,7.6,1,VA,01001
47.2,7.6,1,VA,01001
48.2,7.5,1,VA,01001
41.3,8.0,1,VA,01001
44.9,7.7,1,VA,01001
43.6,7.8,1,VA,01001
43.5,7.9,1,VA,01001
42.5,10.0,1,VA,01001
47.4,7.6,1,VA,01001
47.9,7.4,1,VA,01001
42.8,10.0,1,VA,01001
46.4,7.8,1,VA,01001
39.8,9.4,1,VA,01001
33.5,6.8,1,WA,01001
31.4,3.5,1,WA,01001
34.2,3.9,1,WA,01001
28.3,4.9,1,WA,01001
40.0,3.8,1,WA,01001
40.6,3.7,1,WA,01001
32.2,4.2,1,WA,01001
39.6,3.8,1,WA,01001
28.1,4.7,1,WA,01001
27.6,7.1,1,WA,01001
34.3,5.1,1,WA,01001
32.4,4.1,1,WA,01001
31.7,5.8,1,WA,01001
42.2,4.2,1,WA,01001
42.2,3.8,1,WA,01001
37.4,3.4,1,WA,01001
37.4,3.8,1,WA,01001
41.7,3.5,1,WA,01001
30.3,5.5,1,WA,01001
33.4,4.7,1,WA,01001
36.6,3.0,1,WA,01001
29.8,5.7,1,WA,01001
39.7,3.9,1,WA,01001
26.8,5.8,1,WA,01001
42.6,3.5,1,WA,01001
27.6,6.3,1,WA,01001
36.6,3.1,1,WA,01001
42.5,4.0,1,WA,01001
35.8,4.8,1,WA,01001
33.2,2.9,1,WA,01001
36.3,4.3,1,WA,01001
31.0,5.5,1,WA,01001
29.3,7.0,1,WA,01001
40.9,3.1,1,WA,01001
42.3,3.9,1,WA,01001
35.7,4.8,1,WA,01001
33.5,4.6,1,WA,01001
33.7,5.4,1,WA,01001
30.9,4.4,1,WA,01001
39.1,9.3,1,WV,01001
39.7,9.8,1,WV,01001
41.4,8.1,1,WV,01001
40.4,8.5,1,WV,01001
37.4,9.2,1,WV,01001
41.3,8.0,1,WV,01001
39.9,8.6,1,WV,01001
40.7,8.1,1,WV,01001
39.5,9.1,1,WV,01001
39.1,7.8,1,WV,01001
40.1,8.9,1,WV,01001
37.4,8.6,1,WV,01001
37.4,8.3,1,WV,01001
38.6,8.9,1,WV,01001
36.2,8.5,1,WV,01001
38.0,8.6,1,WV,01001
39.4,9.0,1,WV,01001
40.3,8.3,1,WV,01001
40.3,9.8,1,WV,01001
41.2,7.9,1,WV,01001
40.3,9.1,1,WV,01001
42.3,8.3,1,WV,01001
42.0,8.0,1,WV,01001
40.3,7.1,1,WV,01001
38.3,8.4,1,WV,01001
37.6,8.7,1,WV,01001
39.7,7.4,1,WV,01001
38.5,6.6,1,WV,01001
38.5,8.5,1,WV,01001
42.5,8.0,1,WV,01001
37.8,8.5,1,WV,01001
39.4,8.0,1,WV,01001
39.4,9.8,1,WV,01001
38.5,8.1,1,WV,01001
37.7,9.4,1,WV,01001
37.2,8.6,1,WV,01001
39.2,9.2,1,WV,01001
34.4,7.9,1,WV,01001
36.3,8.8,1,WV,01001
41.2,8.1,1,WV,01001
38.6,7.3,1,WV,01001
35.5,8.8,1,WV,01001
39.4,8.9,1,WV,01001
40.3,8.3,1,WV,01001
39.5,7.6,1,WV,01001
39.1,8.9,1,WV,01001
35.2,8.8,1,WV,01001
39.3,9.3,1,WV,01001
39.3,9.3,1,WV,01001
42.1,8.3,1,WV,01001
37.0,7.9,1,WV,01001
38.1,8.6,1,WV,01001
39.8,8.8,1,WV,01001
39.9,9.1,1,WV,01001
39.9,7.2,1,WV,01001
24.6,11.0,1,WI,01001
19.3,10.5,1,WI,01001
19.5,10.5,1,WI,01001
19.1,10.5,1,WI,01001
26.4,11.3,1,WI,01001
21.8,9.2,1,WI,01001
18.7,10.6,1,WI,01001
26.5,11.5,1,WI,01001
21.2,10.9,1,WI,01001
21.6,11.1,1,WI,01001
26.8,11.2,1,WI,01001
24.5,9.0,1,WI,01001
27.5,10.8,1,WI,01001
26.9,10.5,1,WI,01001
26.6,10.0,1,WI,01001
18.5,10.9,1,WI,01001
20.8,10.1,1,WI,01001
21.4,10.4,1,WI,01001
20.8,10.4,1,WI,01001
26.6,11.1,1,WI,01001
20.6,10.9,1,WI,01001
25.2,8.6,1,WI,01001
27.8,10.3,1,WI,01001
26.3,11.2,1,WI,01001
25.9,9.8,1,WI,01001
18.9,10.3,1,WI,01001
22.6,10.9,1,WI,01001
28.1,10.4,1,WI,01001
23.9,10.5,1,WI,01001
29.8,9.7,1,WI,01001
26.6,10.6,1,WI,01001
22.4,8.6,1,WI,01001
26.4,9.4,1,WI,01001
21.5,11.6,1,WI,01001
21.0,11.2,1,WI,01001
27.1,10.8,1,WI,01001
22.0,11.2,1,WI,01001
24.4,11.2,1,WI,01001
26.1,11.4,1,WI,01001
23.9,12.1,1,WI,01001
30.5,10.8,1,WI,01001
22.4,9.5,1,WI,01001
24.9,11.5,1,WI,01001
20.0,10.6,1,WI,01001
26.2,11.9,1,WI,01001
29.3,11.0,1,WI,01001
21.3,9.1,1,WI,01001
20.2,9.1,1,WI,01001
19.0,10.0,1,WI,01001
24.0,11.7,1,WI,01001
19.9,11.2,1,WI,01001
29.5,9.9,1,WI,01001
25.0,9.7,1,WI,01001
28.4,10.1,1,WI,01001
19.9,10.5,1,WI,01001
19.8,9.6,1,WI,01001
25.5,10.3,1,WI,01001
18.7,10.9,1,WI,01001
24.4,12.0,1,WI,01001
27.8,10.9,1,WI,01001
20.2,10.6,1,WI,01001
21.9,9.6,1,WI,01001
22.9,8.8,1,WI,01001
19.1,10.2,1,WI,01001
27.6,9.2,1,WI,01001
18.4,10.5,1,WI,01001
27.3,10.8,1,WI,01001
28.5,10.8,1,WI,01001
25.8,12.4,1,WI,01001
25.9,12.1,1,WI,01001
26.4,11.4,1,WI,01001
22.9,10.8,1,WI,01001
19.7,0.2,1,WY,01001
21.0,4.8,1,WY,01001
23.8,4.4,1,WY,01001
18.8,-0.0,1,WY,01001
21.5,0.2,1,WY,01001
25.0,6.3,1,WY,01001
15.5,-1.6,1,WY,01001
25.2,1.0,1,WY,01001
19.7,0.8,1,WY,01001
23.2,3.0,1,WY,01001
24.9,0.2,1,WY,01001
14.9,-1.1,1,WY,01001
20.0,-0.0,1,WY,01001
24.5,3.8,1,WY,01001
19.6,2.5,1,WY,01001
25.0,0.8,1,WY,01001
22.9,4.4,1,WY,01001
12.1,-0.4,1,WY,01001
15.4,-2.2,1,WY,01001
15.1,1.1,1,WY,01001
15.7,-2.5,1,WY,01001
21.0,3.0,1,WY,01001
24.1,5.4,1,WY,01001
58.5,9.3,2,AL,01001
61.5,7.9,2,AL,01001
61.7,11.1,2,AL,01001
55.5,8.2,2,AL,01001
53.9,9.4,2,AL,01001
59.9,10.2,2,AL,01001
59.4,8.9,2,AL,01001
54.3,9.0,2,AL,01001
55.7,9.2,2,AL,01001
52.9,8.5,2,AL,01001
56.7,9.1,2,AL,01001
57.4,7.3,2,AL,01001
57.5,6.7,2,AL,01001
54.6,8.9,2,AL,01001
54.1,9.8,2,AL,01001
60.7,9.1,2,AL,01001
51.7,8.8,2,AL,01001
60.1,8.4,2,AL,01001
56.2,8.8,2,AL,01001
60.7,8.8,2,AL,01001
59.4,9.0,2,AL,01001
53.4,9.4,2,AL,01001
61.7,9.8,2,AL,01001
58.5,8.8,2,AL,01001
51.5,8.6,2,AL,01001
58.0,9.0,2,AL,01001
60.3,7.7,2,AL,01001
53.1,8.3,2,AL,01001
53.4,7.6,2,AL,01001
51.4,8.2,2,AL,01001
61.0,8.5,2,AL,01001
55.2,7.0,2,AL,01001
55.2,7.0,2,AL,01001
62.4,10.7,2,AL,01001
61.6,8.7,2,AL,01001
51.7,8.9,2,AL,01001
54.3,8.3,2,AL,01001
53.7,7.8,2,AL,01001
51.1,8.7,2,AL,01001
51.4,8.1,2,AL,01001
57.3,9.1,2,AL,01001
50.9,8.0,2,AL,01001
59.4,9.2,2,AL,01001
58.8,9.4,2,AL,01001
51.6,8.5,2,AL,01001
56.0,6.5,2,AL,01001
52.2,7.9,2,AL,01001
52.7,8.7,2,AL,01001
61.5,8.3,2,AL,01001
59.1,7.9,2,AL,01001
59.1,9.1,2,AL,01001
52.3,8.7,2,AL,01001
56.4,7.9,2,AL,01001
55.1,8.0,2,AL,01001
60.2,9.6,2,AL,01001
55.0,9.8,2,AL,01001
59.2,9.6,2,AL,01001
54.2,8.7,2,AL,01001
55.3,8.6,2,AL,01001
55.7,6.8,2,AL,01001
55.2,8.6,2,AL,01001
56.1,8.8,2,AL,01001
54.7,7.6,2,AL,01001
53.1,7.6,2,AL,01001
58.6,7.0,2,AL,01001
58.5,8.2,2,AL,01001
51.9,8.1,2,AL,01001
31.3,-3.2,2,AZ,01001
44.2,-2.7,2,AZ,01001
33.1,-3.4,2,AZ,01001
41.4,-2.9,2,AZ,01001
43.8,-2.3,2,AZ,01001
39.2,-2.8,2,AZ,01001
53.1,-2.5,2,AZ,01001
52.6,-2.1,2,AZ,01001
43.1,-3.1,2,AZ,01001
31.8,-4.0,2,AZ,01001
50.3,-2.4,2,AZ,01001
51.1,-2.1,2,AZ,01001
44.1,-2.8,2,AZ,01001
41.6,-2.5,2,AZ,01001
54.9,-2.0,2,AZ,01001
51.6,6.7,2,AR,01001
53.9,6.6,2,AR,01001
45.1,6.3,2,AR,01001
44.4,5.3,2,AR,01001
45.0,6.4,2,AR,01001
53.0,6.4,2,AR,01001
52.1,5.5,2,AR,01001
44.4,5.6,2,AR,01001
53.4,5.9,2,AR,01001
50.0,4.4,2,AR,01001
47.0,7.3,2,AR,01001
47.5,6.3,2,AR,01001
52.0,6.1,2,AR,01001
52.2,4.6,2,AR,01001
48.4,5.8,2,AR,01001
48.0,7.2,2,AR,01001
46.7,5.0,2,AR,01001
49.2,6.1,2,AR,01001
48.2,5.6,2,AR,01001
50.8,4.9,2,AR,01001
52.0,6.0,2,AR,01001
53.4,6.9,2,AR,01001
48.0,4.9,2,AR,01001
46.5,4.9,2,AR,01001
45.3,7.2,2,AR,01001
48.8,4.9,2,AR,01001
50.1,4.7,2,AR,01001
47.4,7.2,2,AR,01001
50.4,4.3,2,AR,01001
49.5,4.4,2,AR,01001
48.6,3.9,2,AR,01001
47.2,6.6,2,AR,01001
45.8,6.5,2,AR,01001
47.3,6.0,2,AR,01001
51.1,5.8,2,AR,01001
46.1,5.1,2,AR,01001
52.4,4.9,2,AR,01001
46.8,6.7,2,AR,01001
50.0,6.0,2,AR,01001
52.5,6.7,2,AR,01001
50.7,4.4,2,AR,01001
47.3,4.7,2,AR,01001
50.2,6.0,2,AR,01001
44.5,5.6,2,AR,01001
45.2,6.4,2,AR,01001
52.5,5.0,2,AR,01001
48.1,6.7,2,AR,01001
50.8,6.7,2,AR,01001
48.5,5.1,2,AR,01001
50.6,4.2,2,AR,01001
44.9,6.2,2,AR,01001
51.2,4.3,2,AR,01001
48.7,5.3,2,AR,01001
51.2,6.6,2,AR,01001
48.7,4.1,2,AR,01001
48.2,6.6,2,AR,01001
46.7,4.0,2,AR,01001
47.2,5.7,2,AR,01001
50.8,6.7,2,AR,01001
49.4,5.1,2,AR,01001
46.3,7.0,2,AR,01001
49.2,5.8,2,AR,01001
49.0,4.8,2,AR,01001
47.2,4.5,2,AR,01001
45.4,6.2,2,AR,01001
48.0,5.2,2,AR,01001
49.2,4.0,2,AR,01001
45.8,6.8,2,AR,01001
46.0,6.2,2,AR,01001
52.9,5.4,2,AR,01001
46.5,5.8,2,AR,01001
45.1,5.5,2,AR,01001
48.8,6.1,2,AR,01001
48.9,6.0,2,AR,01001
48.3,5.2,2,AR,01001
47.1,-2.4,2,CA,01001
27.9,-2.4,2,CA,01001
42.2,-3.5,2,CA,01001
44.5,-2.4,2,CA,01001
42.5,-3.4,2,CA,01001
46.8,-1.8,2,CA,01001
47.8,-2.2,2,CA,01001
39.3,-2.2,2,CA,01001
38.0,-3.3,2,CA,01001
39.6,-2.7,2,CA,01001
45.6,-1.5,2,CA,01001
41.3,-2.8,2,CA,01001
55.7,-2.7,2,CA,01001
41.6,-3.1,2,CA,01001
45.1,-2.7,2,CA,01001
48.2,-2.3,2,CA,01001
42.3,-2.7,2,CA,01001
30.2,-2.4,2,CA,01001
47.3,-2.2,2,CA,01001
40.3,-2.6,2,CA,01001
47.9,-1.9,2,CA,01001
39.0,-3.3,2,CA,01001
42.6,-3.3,2,CA,01001
47.2,-2.7,2,CA,01001
31.3,-0.9,2,CA,01001
25.7,-3.5,2,CA,01001
45.9,-2.9,2,CA,01001
46.2,-2.2,2,CA,01001
36.7,-3.0,2,CA,01001
53.7,-1.3,2,CA,01001
37.9,-3.2,2,CA,01001
30.4,-3.5,2,CA,01001
51.0,-2.7,2,CA,01001
47.8,-3.0,2,CA,01001
44.1,-2.8,2,CA,01001
47.6,-3.0,2,CA,01001
48.5,-2.8,2,CA,01001
48.9,-2.2,2,CA,01001
48.3,-2.1,2,CA,01001
46.2,-2.4,2,CA,01001
47.3,-2.6,2,CA,01001
46.9,-1.7,2,CA,01001
45.5,-2.6,2,CA,01001
47.0,-2.4,2,CA,01001
39.9,-1.8,2,CA,01001
30.8,-2.8,2,CA,01001
34.2,-1.6,2,CA,01001
48.2,-2.3,2,CA,01001
46.2,-2.8,2,CA,01001
46.6,-3.0,2,CA,01001
48.0,-2.7,2,CA,01001
43.0,-2.4,2,CA,01001
37.6,-2.2,2,CA,01001
37.9,-2.9,2,CA,01001
34.0,-3.3,2,CA,01001
44.9,-1.8,2,CA,01001
47.5,-2.6,2,CA,01001
45.7,-2.8,2,CA,01001
27.7,-2.9,2,CO,01001
24.4,-0.1,2,CO,01001
28.2,-2.5,2,CO,01001
23.9,-2.1,2,CO,01001
35.5,0.3,2,CO,01001
32.7,-1.6,2,CO,01001
26.6,-1.2,2,CO,01001
32.0,-0.8,2,CO,01001
19.2,-2.4,2,CO,01001
29.8,-1.9,2,CO,01001
19.8,-1.5,2,CO,01001
22.3,-0.9,2,CO,01001
23.0,-2.2,2,CO,01001
31.9,-1.1,2,CO,01001
25.0,-0.6,2,CO,01001
25.7,-2.3,2,CO,01001
31.8,-0.7,2,CO,01001
23.6,-2.6,2,CO,01001
30.2,-0.2,2,CO,01001
19.2,-2.6,2,CO,01001
28.0,-1.5,2,CO,01001
30.2,-0.4,2,CO,01001
28.2,-1.0,2,CO,01001
22.4,-2.9,2,CO,01001
22.3,-1.3,2,CO,01001
15.7,-3.7,2,CO,01001
15.3,-4.5,2,CO,01001
16.3,-2.9,2,CO,01001
29.9,-0.7,2,CO,01001
15.1,-3.7,2,CO,01001
28.9,-1.1,2,CO,01001
30.9,-2.0,2,CO,01001
28.8,-2.5,2,CO,01001
15.5,-2.4,2,CO,01001
24.5,-2.9,2,CO,01001
24.2,-0.5,2,CO,01001
32.8,-1.2,2,CO,01001
28.7,-2.4,2,CO,01001
25.0,-5.2,2,CO,01001
26.9,-1.4,2,CO,01001
17.7,-2.2,2,CO,01001
16.9,-6.7,2,CO,01001
28.5,-2.6,2,CO,01001
26.6,-2.2,2,CO,01001
24.7,-4.5,2,CO,01001
33.2,-1.6,2,CO,01001
21.0,-2.9,2,CO,01001
20.2,-1.7,2,CO,01001
24.6,-5.1,2,CO,01001
17.6,-3.3,2,CO,01001
32.6,-1.7,2,CO,01001
33.9,-0.6,2,CO,01001
20.0,-4.9,2,CO,01001
22.0,0.0,2,CO,01001
18.1,-3.0,2,CO,01001
19.3,-2.5,2,CO,01001
16.4,-3.0,2,CO,01001
24.8,-2.4,2,CO,01001
23.7,-6.0,2,CO,01001
16.1,-2.5,2,CO,01001
23.3,-0.9,2,CO,01001
24.2,-5.9,2,CO,01001
27.1,-2.4,2,CO,01001
27.0,-3.8,2,CO,01001
35.2,7.6,2,CT,01001
33.8,7.7,2,CT,01001
31.5,7.8,2,CT,01001
34.5,7.1,2,CT,01001
34.0,6.7,2,CT,01001
34.8,7.1,2,CT,01001
33.1,7.4,2,CT,01001
33.2,7.1,2,CT,01001
42.2,8.1,2,DE,01001
40.8,8.2,2,DE,01001
43.7,8.3,2,DE,01001
65.2,8.1,2,FL,01001
64.0,8.8,2,FL,01001
62.7,8.2,2,FL,01001
65.0,8.6,2,FL,01001
69.4,7.6,2,FL,01001
73.7,7.6,2,FL,01001
62.1,8.3,2,FL,01001
70.7,7.1,2,FL,01001
66.2,7.5,2,FL,01001
66.2,9.6,2,FL,01001
72.7,7.2,2,FL,01001
63.7,8.4,2,FL,01001
69.5,6.6,2,FL,01001
63.9,8.0,2,FL,01001
65.8,10.1,2,FL,01001
62.3,8.4,2,FL,01001
67.8,9.3,2,FL,01001
62.9,7.8,2,FL,01001
62.6,9.0,2,FL,01001
64.2,8.0,2,FL,01001
70.5,6.9,2,FL,01001
62.7,8.0,2,FL,01001
63.2,8.7,2,FL,01001
69.4,7.2,2,FL,01001
71.6,7.1,2,FL,01001
67.0,7.5,2,FL,01001
69.6,6.9,2,FL,01001
68.9,7.6,2,FL,01001
61.6,8.5,2,FL,01001
70.1,7.6,2,FL,01001
62.0,8.3,2,FL,01001
63.2,9.1,2,FL,01001
63.2,7.9,2,FL,01001
68.2,8.3,2,FL,01001
72.5,8.1,2,FL,01001
63.3,9.3,2,FL,01001
65.2,8.1,2,FL,01001
62.4,8.3,2,FL,01001
62.9,8.6,2,FL,01001
69.0,6.9,2,FL,01001
66.6,8.2,2,FL,01001
71.5,7.2,2,FL,01001
74.0,7.3,2,FL,01001
74.4,7.3,2,FL,01001
64.9,10.1,2,FL,01001
62.7,9.3,2,FL,01001
70.1,7.2,2,FL,01001
69.2,8.1,2,FL,01001
69.3,7.4,2,FL,01001
72.5,7.3,2,FL,01001
67.5,7.4,2,FL,01001
69.0,7.5,2,FL,01001
69.0,7.4,2,FL,01001
67.2,9.3,2,FL,01001
67.2,10.1,2,FL,01001
71.1,7.6,2,FL,01001
62.7,8.9,2,FL,01001
69.0,6.1,2,FL,01001
68.9,8.1,2,FL,01001
67.3,7.8,2,FL,01001
63.6,8.5,2,FL,01001
63.2,8.2,2,FL,01001
64.2,8.2,2,FL,01001
68.2,8.5,2,FL,01001
63.3,8.7,2,FL,01001
62.2,8.9,2,FL,01001
62.2,8.4,2,FL,01001
61.4,9.3,2,GA,01001
61.1,8.6,2,GA,01001
61.6,9.2,2,GA,01001
61.8,9.4,2,GA,01001
58.2,10.4,2,GA,01001
54.4,9.9,2,GA,01001
54.6,10.0,2,GA,01001
52.8,9.0,2,GA,01001
59.7,8.8,2,GA,01001
60.5,8.3,2,GA,01001
58.1,9.9,2,GA,01001
59.0,9.4,2,GA,01001
63.4,10.4,2,GA,01001
61.6,8.4,2,GA,01001
61.4,9.2,2,GA,01001
59.9,9.0,2,GA,01001
58.5,9.8,2,GA,01001
55.9,9.7,2,GA,01001
61.0,9.3,2,GA,01001
64.2,10.1,2,GA,01001
60.0,9.3,2,GA,01001
54.9,10.7,2,GA,01001
52.3,9.8,2,GA,01001
64.1,10.0,2,GA,01001
62.0,9.8,2,GA,01001
58.3,9.0,2,GA,01001
52.0,8.6,2,GA,01001
52.5,9.4,2,GA,01001
54.8,9.7,2,GA,01001
62.0,10.7,2,GA,01001
55.9,10.8,2,GA,01001
62.6,9.0,2,GA,01001
54.1,10.3,2,GA,01001
60.3,8.5,2,GA,01001
60.7,8.4,2,GA,01001
57.6,10.3,2,GA,01001
60.7,8.2,2,GA,01001
56.2,10.9,2,GA,01001
57.5,9.4,2,GA,01001
60.8,10.8,2,GA,01001
51.1,9.4,2,GA,01001
51.3,9.2,2,GA,01001
62.5,9.3,2,GA,01001
55.0,10.6,2,GA,01001
59.0,8.8,2,GA,01001
60.0,10.5,2,GA,01001
61.0,9.4,2,GA,01001
54.9,10.8,2,GA,01001
61.6,9.3,2,GA,01001
62.8,8.8,2,GA,01001
60.5,9.4,2,GA,01001
55.2,10.3,2,GA,01001
59.5,9.5,2,GA,01001
60.8,9.1,2,GA,01001
48.3,8.6,2,GA,01001
56.2,10.9,2,GA,01001
52.5,8.4,2,GA,01001
52.7,9.6,2,GA,01001
54.2,9.6,2,GA,01001
54.8,10.6,2,GA,01001
49.4,8.7,2,GA,01001
57.9,10.1,2,GA,01001
63.4,9.7,2,GA,01001
52.2,8.7,2,GA,01001
62.7,9.5,2,GA,01001
55.8,9.6,2,GA,01001
54.2,10.2,2,GA,01001
52.1,9.1,2,GA,01001
53.5,9.9,2,GA,01001
57.7,10.4,2,GA,01001
53.6,10.0,2,GA,01001
56.4,8.9,2,GA,01001
54.1,9.7,2,GA,01001
55.8,10.5,2,GA,01001
55.9,10.3,2,GA,01001
59.0,9.9,2,GA,01001
59.9,8.7,2,GA,01001
54.8,10.1,2,GA,01001
55.5,9.4,2,GA,01001
60.1,8.6,2,GA,01001
58.2,9.7,2,GA,01001
59.1,9.8,2,GA,01001
59.4,9.9,2,GA,01001
57.3,9.9,2,GA,01001
56.2,9.5,2,GA,01001
61.4,8.4,2,GA,01001
59.2,9.3,2,GA,01001
60.7,9.9,2,GA,01001
61.6,8.9,2,GA,01001
56.7,10.5,2,GA,01001
61.9,9.1,2,GA,01001
61.8,8.4,2,GA,01001
50.7,9.3,2,GA,01001
57.4,10.4,2,GA,01001
62.5,9.2,2,GA,01001
58.9,9.9,2,GA,01001
54.8,10.1,2,GA,01001
57.8,9.0,2,GA,01001
55.9,9.5,2,GA,01001
61.8,9.1,2,GA,01001
61.9,9.5,2,GA,01001
56.6,9.5,2,GA,01001
59.8,8.9,2,GA,01001
55.1,9.3,2,GA,01001
51.3,9.0,2,GA,01001
57.7,8.8,2,GA,01001
55.1,9.7,2,GA,01001
54.9,9.5,2,GA,01001
55.3,10.1,2,GA,01001
53.7,9.9,2,GA,01001
58.4,9.9,2,GA,01001
51.1,9.0,2,GA,01001
62.8,10.0,2,GA,01001
56.2,9.6,2,GA,01001
53.4,9.4,2,GA,01001
59.4,9.6,2,GA,01001
56.3,9.7,2,GA,01001
61.3,10.8,2,GA,01001
49.9,8.9,2,GA,01001
60.5,9.9,2,GA,01001
57.8,9.6,2,GA,01001
55.3,10.3,2,GA,01001
58.6,9.5,2,GA,01001
59.0,9.3,2,GA,01001
61.9,8.7,2,GA,01001
56.5,10.3,2,GA,01001
53.3,8.8,2,GA,01001
59.5,9.8,2,GA,01001
60.0,10.2,2,GA,01001
56.0,8.2,2,GA,01001
56.7,10.4,2,GA,01001
61.2,9.3,2,GA,01001
57.2,8.9,2,GA,01001
59.4,8.5,2,GA,01001
60.3,9.6,2,GA,01001
62.2,9.0,2,GA,01001
60.1,8.7,2,GA,01001
60.6,9.3,2,GA,01001
48.6,9.0,2,GA,01001
59.6,9.3,2,GA,01001
56.1,9.8,2,GA,01001
60.2,9.7,2,GA,01001
58.8,9.9,2,GA,01001
48.5,8.9,2,GA,01001
56.1,8.8,2,GA,01001
51.8,9.5,2,GA,01001
54.6,9.7,2,GA,01001
63.0,9.6,2,GA,01001
57.4,10.4,2,GA,01001
59.0,10.3,2,GA,01001
62.4,9.6,2,GA,01001
59.3,9.6,2,GA,01001
59.4,8.6,2,GA,01001
51.2,9.3,2,GA,01001
52.2,9.5,2,GA,01001
59.9,9.6,2,GA,01001
56.2,10.5,2,GA,01001
59.1,10.2,2,GA,01001
60.6,9.5,2,GA,01001
33.4,-1.8,2,ID,01001
24.4,-2.9,2,ID,01001
22.1,-4.6,2,ID,01001
15.5,-5.6,2,ID,01001
30.7,-0.1,2,ID,01001
17.8,-7.2,2,ID,01001
20.0,-3.6,2,ID,01001
24.4,-2.7,2,ID,01001
26.6,-1.0,2,ID,01001
18.3,-4.8,2,ID,01001
24.9,-0.1,2,ID,01001
15.2,-6.2,2,ID,01001
21.4,-2.0,2,ID,01001
33.8,-1.8,2,ID,01001
20.0,-3.8,2,ID,01001
25.9,-2.9,2,ID,01001
15.6,-4.7,2,ID,01001
27.1,-1.7,2,ID,01001
18.4,-2.7,2,ID,01001
27.4,-2.3,2,ID,01001
21.2,-3.8,2,ID,01001
16.1,-3.9,2,ID,01001
30.1,-2.0,2,ID,01001
28.7,-0.9,2,ID,01001
25.1,-1.6,2,ID,01001
13.7,-7.9,2,ID,01001
29.1,-1.5,2,ID,01001
30.3,0.3,2,ID,01001
31.6,0.1,2,ID,01001
19.5,-2.7,2,ID,01001
29.9,-1.1,2,ID,01001
24.0,-2.7,2,ID,01001
18.3,-4.1,2,ID,01001
23.5,-3.7,2,ID,01001
33.6,-0.1,2,ID,01001
23.2,-4.3,2,ID,01001
28.4,-2.8,2,ID,01001
33.0,-0.7,2,ID,01001
21.6,-5.8,2,ID,01001
26.4,-1.2,2,ID,01001
19.1,-1.8,2,ID,01001
27.8,-3.1,2,ID,01001
20.8,-2.7,2,ID,01001
28.0,-2.6,2,ID,01001
36.0,6.4,2,IL,01001
44.9,7.9,2,IL,01001
39.8,7.2,2,IL,01001
28.8,5.9,2,IL,01001
35.1,5.6,2,IL,01001
31.7,6.7,2,IL,01001
38.4,6.2,2,IL,01001
28.5,5.5,2,IL,01001
35.9,6.3,2,IL,01001
36.4,8.0,2,IL,01001
37.6,7.2,2,IL,01001
39.8,8.8,2,IL,01001
41.0,8.3,2,IL,01001
41.1,7.8,2,IL,01001
38.5,8.2,2,IL,01001
33.0,7.2,2,IL,01001
40.6,8.4,2,IL,01001
39.4,8.2,2,IL,01001
29.6,5.8,2,IL,01001
35.9,7.8,2,IL,01001
37.8,8.4,2,IL,01001
31.8,6.7,2,IL,01001
38.2,8.3,2,IL,01001
42.6,8.5,2,IL,01001
39.5,7.9,2,IL,01001
39.5,7.5,2,IL,01001
35.0,7.8,2,IL,01001
43.2,8.4,2,IL,01001
34.9,6.7,2,IL,01001
44.2,8.5,2,IL,01001
37.6,5.8,2,IL,01001
32.7,6.9,2,IL,01001
43.2,8.6,2,IL,01001
34.6,6.1,2,IL,01001
45.1,8.9,2,IL,01001
32.7,5.5,2,IL,01001
31.7,6.6,2,IL,01001
34.3,7.2,2,IL,01001
43.2,8.0,2,IL,01001
40.4,8.4,2,IL,01001
42.3,8.3,2,IL,01001
39.2,6.7,2,IL,01001
26.6,4.3,2,IL,01001
44.5,8.4,2,IL,01001
30.2,6.0,2,IL,01001
33.2,6.8,2,IL,01001
31.4,6.1,2,IL,01001
32.3,6.0,2,IL,01001
31.2,7.1,2,IL,01001
32.0,6.6,2,IL,01001
41.4,8.1,2,IL,01001
30.4,6.5,2,IL,01001
34.1,7.7,2,IL,01001
36.5,7.7,2,IL,01001
33.8,5.9,2,IL,01001
28.5,5.5,2,IL,01001
35.3,8.2,2,IL,01001
36.3,7.0,2,IL,01001
38.2,6.7,2,IL,01001
40.4,7.1,2,IL,01001
41.0,8.0,2,IL,01001
33.6,7.4,2,IL,01001
36.4,7.3,2,IL,01001
46.0,9.1,2,IL,01001
36.5,7.1,2,IL,01001
31.7,5.7,2,IL,01001
42.3,7.4,2,IL,01001
38.2,6.8,2,IL,01001
36.5,6.5,2,IL,01001
37.2,7.3,2,IL,01001
29.5,6.3,2,IL,01001
35.0,8.0,2,IL,01001
42.8,8.3,2,IL,01001
36.5,7.9,2,IL,01001
36.6,5.9,2,IL,01001
45.4,9.2,2,IL,01001
44.9,7.9,2,IL,01001
32.8,6.8,2,IL,01001
41.8,7.0,2,IL,01001
41.3,8.2,2,IL,01001
31.8,6.6,2,IL,01001
41.2,7.0,2,IL,01001
43.8,8.4,2,IL,01001
37.0,7.1,2,IL,01001
34.9,5.9,2,IL,01001
36.5,5.8,2,IL,01001
37.8,7.0,2,IL,01001
32.4,6.8,2,IL,01001
27.3,5.1,2,IL,01001
35.8,8.1,2,IL,01001
43.5,7.5,2,IL,01001
35.8,7.0,2,IL,01001
42.4,8.3,2,IL,01001
32.0,5.3,2,IL,01001
41.6,7.8,2,IL,01001
42.3,8.5,2,IL,01001
43.7,8.8,2,IL,01001
30.6,6.4,2,IL,01001
32.4,6.4,2,IL,01001
43.5,8.2,2,IL,01001
28.8,6.0,2,IL,01001
34.7,8.2,2,IL,01001
36.5,9.7,2,IN,01001
35.7,9.5,2,IN,01001
40.9,9.2,2,IN,01001
35.1,8.0,2,IN,01001
37.2,9.3,2,IN,01001
36.9,8.7,2,IN,01001
40.4,9.4,2,IN,01001
35.8,8.1,2,IN,01001
35.2,8.1,2,IN,01001
43.3,9.3,2,IN,01001
39.7,9.2,2,IN,01001
36.3,8.5,2,IN,01001
42.6,8.4,2,IN,01001
42.1,9.5,2,IN,01001
41.2,9.4,2,IN,01001
40.4,9.3,2,IN,01001
34.3,9.2,2,IN,01001
38.7,10.4,2,IN,01001
42.6,9.1,2,IN,01001
33.4,8.5,2,IN,01001
38.8,9.4,2,IN,01001
43.9,9.7,2,IN,01001
36.4,7.7,2,IN,01001
40.0,9.4,2,IN,01001
34.6,8.7,2,IN,01001
43.0,8.7,2,IN,01001
37.1,9.1,2,IN,01001
40.8,9.5,2,IN,01001
37.5,8.7,2,IN,01001
39.0,9.6,2,IN,01001
43.9,9.4,2,IN,01001
38.2,9.0,2,IN,01001
38.4,10.0,2,IN,01001
36.2,8.5,2,IN,01001
35.9,8.8,2,IN,01001
41.7,9.2,2,IN,01001
34.1,7.7,2,IN,01001
37.1,9.5,2,IN,01001
42.6,9.6,2,IN,01001
42.0,9.6,2,IN,01001
39.8,9.5,2,IN,01001
41.7,8.7,2,IN,01001
34.1,8.5,2,IN,01001
33.2,8.6,2,IN,01001
33.3,7.1,2,IN,01001
33.3,7.7,2,IN,01001
41.4,9.4,2,IN,01001
38.5,9.8,2,IN,01001
38.9,9.2,2,IN,01001
34.0,8.9,2,IN,01001
42.1,9.8,2,IN,01001
35.9,8.7,2,IN,01001
40.4,9.6,2,IN,01001
37.0,8.7,2,IN,01001
39.8,9.5,2,IN,01001
34.1,7.5,2,IN,01001
34.0,9.0,2,IN,01001
42.1,9.4,2,IN,01001
42.2,9.2,2,IN,01001
40.0,9.5,2,IN,01001
37.8,8.2,2,IN,01001
42.5,7.2,2,IN,01001
42.6,9.1,2,IN,01001
32.9,7.0,2,IN,01001
43.9,8.4,2,IN,01001
34.2,8.1,2,IN,01001
38.3,8.8,2,IN,01001
37.5,9.7,2,IN,01001
41.0,9.4,2,IN,01001
39.2,9.5,2,IN,01001
33.7,8.6,2,IN,01001
42.7,9.6,2,IN,01001
40.2,9.7,2,IN,01001
43.2,7.6,2,IN,01001
34.0,8.4,2,IN,01001
33.0,8.7,2,IN,01001
40.7,9.0,2,IN,01001
42.4,9.2,2,IN,01001
36.5,8.6,2,IN,01001
36.6,8.6,2,IN,01001
38.9,9.3,2,IN,01001
44.0,8.6,2,IN,01001
37.4,7.7,2,IN,01001
39.9,9.1,2,IN,01001
36.1,8.9,2,IN,01001
35.7,7.6,2,IN,01001
43.5,8.7,2,IN,01001
42.2,9.3,2,IN,01001
37.8,9.3,2,IN,01001
36.3,9.2,2,IN,01001
35.1,8.1,2,IN,01001
34.9,8.9,2,IN,01001
28.6,4.2,2,IA,01001
29.1,3.8,2,IA,01001
23.1,3.5,2,IA,01001
31.1,4.3,2,IA,01001
26.8,3.6,2,IA,01001
26.6,4.3,2,IA,01001
25.7,4.5,2,IA,01001
26.8,4.1,2,IA,01001
24.2,4.2,2,IA,01001
24.8,3.9,2,IA,01001
21.9,1.5,2,IA,01001
23.8,3.5,2,IA,01001
23.9,2.2,2,IA,01001
26.0,3.8,2,IA,01001
28.4,3.6,2,IA,01001
28.5,4.7,2,IA,01001
21.1,2.2,2,IA,01001
21.8,1.2,2,IA,01001
22.5,3.5,2,IA,01001
30.7,4.9,2,IA,01001
20.2,0.9,2,IA,01001
24.5,4.0,2,IA,01001
30.0,6.0,2,IA,01001
26.2,3.7,2,IA,01001
28.6,4.3,2,IA,01001
31.8,4.9,2,IA,01001
31.7,5.1,2,IA,01001
25.4,4.5,2,IA,01001
32.8,5.9,2,IA,01001
18.5,0.1,2,IA,01001
26.3,4.5,2,IA,01001
18.7,0.4,2,IA,01001
23.0,3.3,2,IA,01001
21.6,2.3,2,IA,01001
22.6,2.8,2,IA,01001
30.3,2.6,2,IA,01001
26.3,3.5,2,IA,01001
25.2,3.9,2,IA,01001
27.5,3.8,2,IA,01001
24.0,2.7,2,IA,01001
20.4,1.2,2,IA,01001
24.6,3.5,2,IA,01001
28.3,3.7,2,IA,01001
32.1,5.6,2,IA,01001
20.8,3.0,2,IA,01001
21.6,0.9,2,IA,01001
24.2,2.5,2,IA,01001
28.7,5.1,2,IA,01001
28.0,4.9,2,IA,01001
28.6,4.5,2,IA,01001
30.8,4.7,2,IA,01001
28.7,4.7,2,IA,01001
27.8,5.3,2,IA,01001
30.1,5.3,2,IA,01001
19.7,0.5,2,IA,01001
33.8,5.8,2,IA,01001
27.4,5.1,2,IA,01001
31.7,5.6,2,IA,01001
30.7,4.6,2,IA,01001
18.2,-1.1,2,IA,01001
29.9,4.9,2,IA,01001
30.3,5.1,2,IA,01001
29.7,3.9,2,IA,01001
27.1,4.5,2,IA,01001
29.6,2.8,2,IA,01001
20.2,2.1,2,IA,01001
26.8,3.4,2,IA,01001
30.8,4.5,2,IA,01001
29.2,3.2,2,IA,01001
29.8,4.6,2,IA,01001
20.1,0.4,2,IA,01001
18.1,-0.6,2,IA,01001
30.0,3.0,2,IA,01001
19.5,0.1,2,IA,01001
22.5,1.2,2,IA,01001
21.0,0.2,2,IA,01001
29.1,4.6,2,IA,01001
28.8,3.2,2,IA,01001
28.7,5.2,2,IA,01001
30.6,4.4,2,IA,01001
24.2,2.8,2,IA,01001
31.7,7.1,2,IA,01001
27.3,3.5,2,IA,01001
19.8,-0.4,2,IA,01001
27.1,4.4,2,IA,01001
26.8,4.5,2,IA,01001
29.9,3.7,2,IA,01001
29.4,4.1,2,IA,01001
31.8,4.5,2,IA,01001
31.3,5.2,2,IA,01001
30.1,4.4,2,IA,01001
30.3,5.2,2,IA,01001
31.1,4.5,2,IA,01001
23.6,2.1,2,IA,01001
19.4,1.0,2,IA,01001
22.4,3.9,2,IA,01001
25.0,2.6,2,IA,01001
20.1,2.0,2,IA,01001
22.0,1.8,2,IA,01001
38.6,3.0,2,KS,01001
37.7,3.1,2,KS,01001
34.6,3.5,2,KS,01001
38.4,1.8,2,KS,01001
34.6,1.1,2,KS,01001
39.2,3.4,2,KS,01001
33.7,3.6,2,KS,01001
37.6,2.3,2,KS,01001
35.8,2.1,2,KS,01001
40.1,2.4,2,KS,01001
42.7,4.8,2,KS,01001
30.2,-1.3,2,KS,01001
37.6,0.6,2,KS,01001
34.9,3.1,2,KS,01001
35.2,3.8,2,KS,01001
39.1,4.9,2,KS,01001
38.2,1.5,2,KS,01001
39.5,2.5,2,KS,01001
40.6,3.8,2,KS,01001
29.9,-0.9,2,KS,01001
36.1,3.2,2,KS,01001
34.0,3.2,2,KS,01001
37.6,4.6,2,KS,01001
36.4,1.8,2,KS,01001
39.0,2.5,2,KS,01001
33.3,0.6,2,KS,01001
35.4,2.2,2,KS,01001
34.4,0.7,2,KS,01001
36.6,1.6,2,KS,01001
37.7,4.0,2,KS,01001
36.0,3.6,2,KS,01001
31.4,-1.1,2,KS,01001
31.6,-0.4,2,KS,01001
34.9,-0.3,2,KS,01001
35.6,1.1,2,KS,01001
30.2,-2.4,2,KS,01001
37.9,2.9,2,KS,01001
32.4,-1.9,2,KS,01001
38.6,1.6,2,KS,01001
37.0,2.3,2,KS,01001
35.3,0.4,2,KS,01001
36.0,1.5,2,KS,01001
34.4,3.3,2,KS,01001
36.4,4.4,2,KS,01001
33.1,3.0,2,KS,01001
38.2,5.3,2,KS,01001
33.8,-0.2,2,KS,01001
37.5,1.6,2,KS,01001
37.0,1.5,2,KS,01001
41.3,3.4,2,KS,01001
32.6,-0.3,2,KS,01001
37.4,5.1,2,KS,01001
34.8,2.5,2,KS,01001
38.3,3.5,2,KS,01001
31.6,-1.1,2,KS,01001
37.3,4.0,2,KS,01001
36.2,2.5,2,KS,01001
36.0,2.4,2,KS,01001
32.2,2.2,2,KS,01001
37.0,0.5,2,KS,01001
38.2,4.5,2,KS,01001
34.1,2.7,2,KS,01001
40.9,3.0,2,KS,01001
35.6,3.0,2,KS,01001
36.4,0.0,2,KS,01001
32.6,2.8,2,KS,01001
40.0,3.2,2,KS,01001
33.4,-0.3,2,KS,01001
29.6,-1.2,2,KS,01001
38.1,5.0,2,KS,01001
33.1,1.3,2,KS,01001
35.4,3.1,2,KS,01001
35.2,1.1,2,KS,01001
30.3,-0.7,2,KS,01001
34.2,2.9,2,KS,01001
37.4,2.1,2,KS,01001
30.5,-0.7,2,KS,01001
36.5,1.5,2,KS,01001
33.6,3.6,2,KS,01001
35.5,1.6,2,KS,01001
35.0,3.3,2,KS,01001
32.2,0.1,2,KS,01001
33.9,0.5,2,KS,01001
35.0,2.3,2,KS,01001
36.4,3.3,2,KS,01001
32.7,-0.2,2,KS,01001
38.4,2.6,2,KS,01001
36.6,0.3,2,KS,01001
37.2,4.8,2,KS,01001
30.5,-1.0,2,KS,01001
30.7,-0.7,2,KS,01001
30.4,-0.3,2,KS,01001
35.8,1.4,2,KS,01001
34.6,-0.9,2,KS,01001
36.5,0.4,2,KS,01001
39.3,2.2,2,KS,01001
30.6,-0.9,2,KS,01001
32.0,-0.8,2,KS,01001
36.0,3.8,2,KS,01001
30.7,-1.5,2,KS,01001
32.2,2.1,2,KS,01001
31.7,-1.1,2,KS,01001
39.8,3.0,2,KS,01001
39.0,3.6,2,KS,01001
38.0,5.5,2,KS,01001
46.8,9.9,2,KY,01001
47.4,8.7,2,KY,01001
45.7,10.8,2,KY,01001
46.0,8.6,2,KY,01001
47.0,9.0,2,KY,01001
44.3,8.9,2,KY,01001
45.3,8.0,2,KY,01001
42.2,9.5,2,KY,01001
44.3,9.9,2,KY,01001
44.6,9.3,2,KY,01001
46.0,10.4,2,KY,01001
42.7,9.2,2,KY,01001
47.0,9.6,2,KY,01001
43.6,7.8,2,KY,01001
45.4,9.8,2,KY,01001
47.5,9.9,2,KY,01001
47.4,9.8,2,KY,01001
45.9,6.9,2,KY,01001
42.8,9.7,2,KY,01001
46.7,8.8,2,KY,01001
43.1,9.2,2,KY,01001
43.8,9.1,2,KY,01001
46.0,9.9,2,KY,01001
48.3,9.9,2,KY,01001
45.2,10.0,2,KY,01001
46.5,8.9,2,KY,01001
47.4,9.5,2,KY,01001
46.1,9.3,2,KY,01001
47.9,9.5,2,KY,01001
44.6,8.1,2,KY,01001
47.5,10.0,2,KY,01001
44.3,9.0,2,KY,01001
46.2,9.5,2,KY,01001
45.5,10.9,2,KY,01001
43.3,8.7,2,KY,01001
46.0,8.3,2,KY,01001
45.1,10.4,2,KY,01001
48.2,9.5,2,KY,01001
42.8,9.2,2,KY,01001
46.2,10.2,2,KY,01001
43.0,9.5,2,KY,01001
46.8,8.5,2,KY,01001
45.8,9.4,2,KY,01001
46.9,10.1,2,KY,01001
43.4,9.2,2,KY,01001
43.0,6.8,2,KY,01001
45.2,9.5,2,KY,01001
44.7,8.6,2,KY,01001
43.7,9.7,2,KY,01001
46.8,9.9,2,KY,01001
44.8,8.5,2,KY,01001
43.6,9.6,2,KY,01001
47.8,9.5,2,KY,01001
48.3,10.8,2,KY,01001
45.9,9.4,2,KY,01001
44.7,9.5,2,KY,01001
46.2,11.0,2,KY,01001
45.1,8.5,2,KY,01001
42.5,9.7,2,KY,01001
46.2,8.9,2,KY,01001
46.2,8.3,2,KY,01001
46.0,10.0,2,KY,01001
46.3,9.0,2,KY,01001
45.0,9.0,2,KY,01001
46.6,9.3,2,KY,01001
46.3,9.0,2,KY,01001
45.1,8.3,2,KY,01001
42.9,8.8,2,KY,01001
45.8,9.9,2,KY,01001
46.3,9.2,2,KY,01001
46.9,8.6,2,KY,01001
46.7,8.7,2,KY,01001
46.6,9.2,2,KY,01001
45.7,8.2,2,KY,01001
47.1,10.1,2,KY,01001
46.1,10.0,2,KY,01001
45.8,9.1,2,KY,01001
46.1,10.1,2,KY,01001
46.2,7.9,2,KY,01001
45.3,8.1,2,KY,01001
42.5,8.8,2,KY,01001
43.7,8.5,2,KY,01001
44.9,9.0,2,KY,01001
46.2,10.8,2,KY,01001
46.6,9.3,2,KY,01001
47.0,8.6,2,KY,01001
44.6,9.5,2,KY,01001
45.0,9.0,2,KY,01001
48.1,10.4,2,KY,01001
45.6,9.9,2,KY,01001
43.6,9.3,2,KY,01001
46.1,9.2,2,KY,01001
43.3,9.1,2,KY,01001
43.7,9.7,2,KY,01001
47.0,9.4,2,KY,01001
43.1,9.5,2,KY,01001
46.7,9.2,2,KY,01001
45.8,8.1,2,KY,01001
45.6,9.3,2,KY,01001
46.3,9.2,2,KY,01001
43.0,9.1,2,KY,01001
45.9,9.4,2,KY,01001
43.8,8.6,2,KY,01001
46.9,9.8,2,KY,01001
44.6,10.4,2,KY,01001
44.2,10.0,2,KY,01001
47.4,8.9,2,KY,01001
44.9,9.9,2,KY,01001
46.4,10.0,2,KY,01001
47.3,8.9,2,KY,01001
47.2,8.5,2,KY,01001
43.0,9.3,2,KY,01001
45.0,8.6,2,KY,01001
47.9,9.7,2,KY,01001
45.9,10.3,2,KY,01001
46.5,9.0,2,KY,01001
46.4,9.6,2,KY,01001
46.1,8.1,2,KY,01001
46.0,9.4,2,KY,01001
46.1,11.2,2,KY,01001
59.4,4.9,2,LA,01001
58.4,4.9,2,LA,01001
61.3,6.8,2,LA,01001
61.8,6.6,2,LA,01001
57.7,4.9,2,LA,01001
58.6,5.6,2,LA,01001
55.4,6.6,2,LA,01001
54.7,5.9,2,LA,01001
55.1,5.8,2,LA,01001
59.2,4.9,2,LA,01001
55.7,5.7,2,LA,01001
60.2,5.1,2,LA,01001
56.3,5.1,2,LA,01001
53.4,5.4,2,LA,01001
56.8,5.0,2,LA,01001
55.6,5.7,2,LA,01001
60.8,7.1,2,LA,01001
55.0,6.5,2,LA,01001
59.8,7.1,2,LA,01001
58.3,4.8,2,LA,01001
56.0,5.8,2,LA,01001
57.0,5.7,2,LA,01001
60.9,5.8,2,LA,01001
60.8,6.3,2,LA,01001
55.4,6.6,2,LA,01001
62.8,6.7,2,LA,01001
59.0,4.3,2,LA,01001
60.2,5.6,2,LA,01001
63.0,6.6,2,LA,01001
56.4,5.4,2,LA,01001
54.5,6.3,2,LA,01001
60.6,6.8,2,LA,01001
55.8,6.2,2,LA,01001
54.7,6.4,2,LA,01001
56.9,6.0,2,LA,01001
62.5,7.4,2,LA,01001
55.3,6.3,2,LA,01001
63.0,6.9,2,LA,01001
59.7,6.0,2,LA,01001
58.1,5.9,2,LA,01001
56.0,6.3,2,LA,01001
55.6,6.1,2,LA,01001
56.9,6.2,2,LA,01001
62.4,7.2,2,LA,01001
62.6,6.8,2,LA,01001
59.3,7.0,2,LA,01001
61.8,6.8,2,LA,01001
61.9,7.0,2,LA,01001
58.9,5.1,2,LA,01001
60.7,6.0,2,LA,01001
61.6,6.2,2,LA,01001
60.8,7.2,2,LA,01001
59.6,6.7,2,LA,01001
56.5,5.9,2,LA,01001
63.0,6.5,2,LA,01001
54.1,6.0,2,LA,01001
60.8,5.5,2,LA,01001
58.1,6.3,2,LA,01001
59.6,7.3,2,LA,01001
54.2,5.7,2,LA,01001
60.8,6.7,2,LA,01001
54.9,6.5,2,LA,01001
59.4,6.4,2,LA,01001
56.2,6.1,2,LA,01001
24.1,5.0,2,ME,01001
11.8,0.8,2,ME,01001
24.8,4.3,2,ME,01001
18.0,4.7,2,ME,01001
23.3,3.7,2,ME,01001
24.1,5.5,2,ME,01001
25.3,4.4,2,ME,01001
25.8,5.0,2,ME,01001
21.0,5.4,2,ME,01001
18.9,3.0,2,ME,01001
15.2,2.9,2,ME,01001
26.0,5.2,2,ME,01001
16.5,3.7,2,ME,01001
23.5,4.5,2,ME,01001
22.3,3.8,2,ME,01001
25.7,3.9,2,ME,01001
39.9,8.6,2,MD,01001
44.5,9.2,2,MD,01001
42.0,9.5,2,MD,01001
44.9,9.1,2,MD,01001
43.0,8.2,2,MD,01001
41.2,9.9,2,MD,01001
40.7,8.2,2,MD,01001
45.8,9.6,2,MD,01001
44.8,8.9,2,MD,01001
42.0,10.0,2,MD,01001
36.8,9.2,2,MD,01001
40.9,8.5,2,MD,01001
42.6,9.8,2,MD,01001
41.9,7.8,2,MD,01001
43.2,9.7,2,MD,01001
44.3,9.0,2,MD,01001
42.6,8.1,2,MD,01001
45.6,9.2,2,MD,01001
45.2,8.5,2,MD,01001
43.6,8.0,2,MD,01001
41.2,9.4,2,MD,01001
44.8,8.7,2,MD,01001
45.0,8.3,2,MD,01001
44.4,9.9,2,MD,01001
44.3,8.9,2,MD,01001
35.3,5.9,2,MA,01001
29.0,7.7,2,MA,01001
34.7,6.2,2,MA,01001
36.3,6.5,2,MA,01001
32.0,6.2,2,MA,01001
30.2,8.0,2,MA,01001
31.7,7.4,2,MA,01001
31.0,7.6,2,MA,01001
32.4,7.0,2,MA,01001
36.3,6.3,2,MA,01001
34.0,7.1,2,MA,01001
35.1,6.7,2,MA,01001
34.3,7.1,2,MA,01001
31.6,7.7,2,MA,01001
25.4,7.5,2,MI,01001
20.6,4.9,2,MI,01001
31.9,7.5,2,MI,01001
25.2,7.6,2,MI,01001
26.1,8.2,2,MI,01001
28.2,8.0,2,MI,01001
18.5,5.8,2,MI,01001
31.1,8.0,2,MI,01001
29.3,8.0,2,MI,01001
26.6,7.5,2,MI,01001
33.3,7.7,2,MI,01001
33.0,9.0,2,MI,01001
32.4,9.0,2,MI,01001
32.7,8.1,2,MI,01001
25.6,7.9,2,MI,01001
24.0,7.7,2,MI,01001
20.0,5.9,2,MI,01001
26.4,7.7,2,MI,01001
30.7,8.3,2,MI,01001
24.7,8.0,2,MI,01001
22.2,5.5,2,MI,01001
20.0,6.2,2,MI,01001
31.5,8.8,2,MI,01001
24.8,8.2,2,MI,01001
30.7,8.7,2,MI,01001
27.4,7.7,2,MI,01001
18.0,5.5,2,MI,01001
27.0,8.5,2,MI,01001
29.0,7.4,2,MI,01001
33.0,9.5,2,MI,01001
19.9,6.3,2,MI,01001
29.4,8.6,2,MI,01001
31.4,9.0,2,MI,01001
30.2,7.9,2,MI,01001
27.2,8.0,2,MI,01001
18.2,6.2,2,MI,01001
27.8,7.5,2,MI,01001
32.2,9.4,2,MI,01001
32.4,8.5,2,MI,01001
25.7,8.3,2,MI,01001
30.1,7.5,2,MI,01001
19.8,6.1,2,MI,01001
27.2,7.2,2,MI,01001
30.5,8.7,2,MI,01001
27.0,8.1,2,MI,01001
33.4,9.2,2,MI,01001
30.8,8.8,2,MI,01001
19.4,4.8,2,MI,01001
21.0,5.8,2,MI,01001
32.8,9.0,2,MI,01001
26.8,6.8,2,MI,01001
19.5,5.9,2,MI,01001
27.7,6.6,2,MI,01001
27.4,7.4,2,MI,01001
22.8,6.4,2,MI,01001
28.7,7.6,2,MI,01001
25.6,8.1,2,MI,01001
34.3,8.8,2,MI,01001
28.5,7.5,2,MI,01001
24.6,7.9,2,MI,01001
30.4,7.5,2,MI,01001
28.5,7.4,2,MI,01001
31.5,9.0,2,MI,01001
28.7,7.1,2,MI,01001
26.2,8.0,2,MI,01001
19.4,6.0,2,MI,01001
26.1,7.6,2,MI,01001
25.1,8.2,2,MI,01001
24.3,8.3,2,MI,01001
31.5,7.6,2,MI,01001
24.2,7.2,2,MI,01001
25.8,8.2,2,MI,01001
29.7,8.0,2,MI,01001
32.0,8.7,2,MI,01001
33.1,8.7,2,MI,01001
29.7,8.0,2,MI,01001
21.0,4.9,2,MI,01001
30.2,8.1,2,MI,01001
29.4,7.9,2,MI,01001
32.5,7.7,2,MI,01001
31.6,8.4,2,MI,01001
33.3,8.6,2,MI,01001
25.9,7.8,2,MI,01001
13.4,2.5,2,MN,01001
18.3,2.8,2,MN,01001
11.8,2.4,2,MN,01001
11.4,3.6,2,MN,01001
15.6,2.1,2,MN,01001
15.3,0.6,2,MN,01001
18.0,0.2,2,MN,01001
17.3,0.1,2,MN,01001
13.9,2.7,2,MN,01001
18.4,2.3,2,MN,01001
13.7,3.3,2,MN,01001
15.7,0.3,2,MN,01001
18.2,3.4,2,MN,01001
11.4,0.9,2,MN,01001
11.0,2.6,2,MN,01001
11.5,2.9,2,MN,01001
17.4,0.3,2,MN,01001
14.5,2.9,2,MN,01001
18.8,2.0,2,MN,01001
18.9,2.6,2,MN,01001
14.1,2.4,2,MN,01001
18.8,0.6,2,MN,01001
20.5,3.0,2,MN,01001
19.2,1.8,2,MN,01001
18.9,2.3,2,MN,01001
13.9,1.4,2,MN,01001
19.1,3.2,2,MN,01001
23.0,4.0,2,MN,01001
13.1,3.4,2,MN,01001
17.5,3.0,2,MN,01001
12.2,3.1,2,MN,01001
17.8,0.1,2,MN,01001
15.8,2.9,2,MN,01001
15.3,0.9,2,MN,01001
8.6,2.8,2,MN,01001
10.6,3.2,2,MN,01001
16.6,0.7,2,MN,01001
11.0,1.9,2,MN,01001
11.2,4.8,2,MN,01001
17.7,0.5,2,MN,01001
17.1,1.1,2,MN,01001
17.7,0.9,2,MN,01001
17.0,1.2,2,MN,01001
9.5,0.8,2,MN,01001
9.0,2.1,2,MN,01001
18.4,0.5,2,MN,01001
15.7,1.0,2,MN,01001
15.3,2.4,2,MN,01001
15.2,2.6,2,MN,01001
19.7,2.9,2,MN,01001
17.1,0.3,2,MN,01001
17.8,0.5,2,MN,01001
17.2,-0.6,2,MN,01001
9.5,-0.1,2,MN,01001
19.7,2.9,2,MN,01001
13.4,2.4,2,MN,01001
8.8,1.2,2,MN,01001
16.3,3.9,2,MN,01001
16.9,0.2,2,MN,01001
8.8,0.3,2,MN,01001
14.4,1.5,2,MN,01001
19.1,2.8,2,MN,01001
8.6,0.5,2,MN,01001
17.4,0.4,2,MN,01001
17.1,0.8,2,MN,01001
17.8,1.1,2,MN,01001
17.8,-0.3,2,MN,01001
9.4,3.5,2,MN,01001
11.2,2.3,2,MN,01001
18.5,1.6,2,MN,01001
16.8,2.4,2,MN,01001
17.6,0.9,2,MN,01001
15.3,2.0,2,MN,01001
18.1,1.4,2,MN,01001
14.4,0.8,2,MN,01001
14.8,0.3,2,MN,01001
14.6,2.9,2,MN,01001
14.5,0.8,2,MN,01001
20.0,2.8,2,MN,01001
14.1,3.4,2,MN,01001
17.7,0.5,2,MN,01001
18.7,2.6,2,MN,01001
17.4,-0.2,2,MN,01001
13.5,1.4,2,MN,01001
21.8,4.0,2,MN,01001
17.2,2.3,2,MN,01001
17.6,1.1,2,MN,01001
57.1,5.6,2,MS,01001
50.1,7.5,2,MS,01001
58.4,6.9,2,MS,01001
52.8,5.8,2,MS,01001
49.9,7.0,2,MS,01001
51.7,5.6,2,MS,01001
53.3,7.5,2,MS,01001
54.2,7.5,2,MS,01001
54.2,8.3,2,MS,01001
52.7,6.4,2,MS,01001
56.8,6.4,2,MS,01001
58.1,8.3,2,MS,01001
54.9,8.4,2,MS,01001
52.1,7.1,2,MS,01001
57.6,7.3,2,MS,01001
58.4,7.8,2,MS,01001
49.8,5.9,2,MS,01001
59.4,7.6,2,MS,01001
57.5,6.4,2,MS,01001
61.0,8.3,2,MS,01001
59.6,7.7,2,MS,01001
53.6,7.3,2,MS,01001
60.8,7.3,2,MS,01001
60.8,7.4,2,MS,01001
57.3,7.6,2,MS,01001
55.2,7.4,2,MS,01001
55.0,7.0,2,MS,01001
55.2,6.6,2,MS,01001
53.1,8.5,2,MS,01001
61.7,8.3,2,MS,01001
57.2,7.6,2,MS,01001
56.9,6.1,2,MS,01001
59.3,8.4,2,MS,01001
57.9,7.1,2,MS,01001
55.1,7.1,2,MS,01001
51.9,7.0,2,MS,01001
59.7,7.9,2,MS,01001
57.0,8.2,2,MS,01001
59.2,8.1,2,MS,01001
53.7,5.9,2,MS,01001
53.8,8.9,2,MS,01001
54.9,7.8,2,MS,01001
58.0,7.3,2,MS,01001
55.3,8.4,2,MS,01001
56.2,7.1,2,MS,01001
60.5,8.5,2,MS,01001
50.3,6.8,2,MS,01001
54.3,8.3,2,MS,01001
52.2,5.8,2,MS,01001
53.2,5.6,2,MS,01001
56.0,7.5,2,MS,01001
55.0,7.7,2,MS,01001
54.8,8.1,2,MS,01001
51.7,6.6,2,MS,01001
59.6,7.1,2,MS,01001
59.4,7.5,2,MS,01001
58.8,7.4,2,MS,01001
53.3,8.3,2,MS,01001
51.9,8.5,2,MS,01001
52.5,7.2,2,MS,01001
57.3,8.0,2,MS,01001
55.9,7.4,2,MS,01001
55.1,6.7,2,MS,01001
57.9,8.0,2,MS,01001
57.2,7.7,2,MS,01001
60.0,7.4,2,MS,01001
53.2,6.4,2,MS,01001
54.0,7.9,2,MS,01001
50.3,5.8,2,MS,01001
50.4,7.5,2,MS,01001
51.3,8.4,2,MS,01001
50.5,5.9,2,MS,01001
52.4,8.3,2,MS,01001
59.7,8.0,2,MS,01001
56.4,6.8,2,MS,01001
53.0,5.6,2,MS,01001
58.0,7.2,2,MS,01001
53.0,6.8,2,MS,01001
58.2,6.1,2,MS,01001
53.2,6.3,2,MS,01001
52.9,7.2,2,MS,01001
56.2,7.2,2,MS,01001
34.8,6.7,2,MO,01001
33.2,3.4,2,MO,01001
32.2,3.5,2,MO,01001
37.8,6.6,2,MO,01001
42.8,5.0,2,MO,01001
40.6,3.7,2,MO,01001
39.4,4.6,2,MO,01001
40.0,6.0,2,MO,01001
43.3,6.7,2,MO,01001
39.8,7.5,2,MO,01001
35.1,4.1,2,MO,01001
46.1,7.3,2,MO,01001
34.8,4.8,2,MO,01001
40.5,7.8,2,MO,01001
42.5,7.6,2,MO,01001
43.9,7.5,2,MO,01001
36.2,5.0,2,MO,01001
44.9,7.8,2,MO,01001
39.4,6.4,2,MO,01001
41.8,5.6,2,MO,01001
36.2,5.2,2,MO,01001
41.4,5.2,2,MO,01001
34.0,5.6,2,MO,01001
37.3,5.8,2,MO,01001
35.2,4.9,2,MO,01001
42.0,7.8,2,MO,01001
39.8,7.1,2,MO,01001
40.6,6.2,2,MO,01001
41.9,5.3,2,MO,01001
40.8,5.6,2,MO,01001
34.0,4.5,2,MO,01001
33.6,4.0,2,MO,01001
40.2,5.2,2,MO,01001
42.7,6.4,2,MO,01001
47.4,7.4,2,MO,01001
40.8,7.0,2,MO,01001
40.6,7.0,2,MO,01001
32.6,4.0,2,MO,01001
41.7,5.9,2,MO,01001
33.9,4.6,2,MO,01001
32.7,4.6,2,MO,01001
40.0,5.7,2,MO,01001
40.8,5.8,2,MO,01001
33.4,3.5,2,MO,01001
38.1,6.2,2,MO,01001
44.4,7.7,2,MO,01001
41.2,6.1,2,MO,01001
38.6,6.3,2,MO,01001
42.6,5.0,2,MO,01001
42.3,7.6,2,MO,01001
39.8,7.1,2,MO,01001
34.3,5.8,2,MO,01001
41.9,6.5,2,MO,01001
38.0,6.2,2,MO,01001
41.8,5.0,2,MO,01001
34.5,5.3,2,MO,01001
38.3,6.3,2,MO,01001
35.1,5.3,2,MO,01001
35.2,4.9,2,MO,01001
44.6,5.9,2,MO,01001
35.7,6.3,2,MO,01001
42.0,6.3,2,MO,01001
42.3,7.4,2,MO,01001
35.7,5.7,2,MO,01001
32.3,4.3,2,MO,01001
42.9,8.2,2,MO,01001
46.6,8.5,2,MO,01001
41.3,7.9,2,MO,01001
36.2,5.7,2,MO,01001
38.7,6.7,2,MO,01001
40.9,7.5,2,MO,01001
46.8,7.8,2,MO,01001
44.4,6.3,2,MO,01001
31.5,3.4,2,MO,01001
45.2,7.9,2,MO,01001
41.7,7.5,2,MO,01001
43.9,6.4,2,MO,01001
48.1,8.0,2,MO,01001
42.4,6.9,2,MO,01001
39.1,6.2,2,MO,01001
41.8,6.5,2,MO,01001
37.3,6.1,2,MO,01001
37.0,5.3,2,MO,01001
41.8,6.2,2,MO,01001
42.9,7.4,2,MO,01001
32.3,4.6,2,MO,01001
36.8,6.2,2,MO,01001
36.3,5.7,2,MO,01001
36.5,5.5,2,MO,01001
42.4,6.7,2,MO,01001
45.8,7.6,2,MO,01001
40.8,7.4,2,MO,01001
40.5,5.0,2,MO,01001
41.8,6.6,2,MO,01001
41.2,6.2,2,MO,01001
41.7,7.5,2,MO,01001
37.6,5.5,2,MO,01001
33.4,6.0,2,MO,01001
33.6,5.9,2,MO,01001
45.6,8.0,2,MO,01001
43.3,7.1,2,MO,01001
34.6,5.1,2,MO,01001
45.7,7.3,2,MO,01001
42.0,4.4,2,MO,01001
33.7,5.1,2,MO,01001
43.1,5.4,2,MO,01001
42.3,6.7,2,MO,01001
40.1,3.9,2,MO,01001
39.7,7.1,2,MO,01001
41.0,6.5,2,MO,01001
44.2,7.1,2,MO,01001
40.9,5.9,2,MO,01001
31.6,4.3,2,MO,01001
41.9,6.5,2,MO,01001
41.9,7.4,2,MO,01001
18.0,-2.5,2,MT,01001
25.0,0.6,2,MT,01001
22.5,4.1,2,MT,01001
24.5,-0.1,2,MT,01001
23.8,0.1,2,MT,01001
24.1,3.4,2,MT,01001
26.5,2.5,2,MT,01001
27.3,5.1,2,MT,01001
24.8,3.9,2,MT,01001
17.3,5.6,2,MT,01001
21.0,3.6,2,MT,01001
19.5,-1.6,2,MT,01001
22.9,3.8,2,MT,01001
26.4,2.8,2,MT,01001
23.0,0.4,2,MT,01001
20.8,-1.3,2,MT,01001
25.1,5.0,2,MT,01001
23.2,2.8,2,MT,01001
26.0,0.6,2,MT,01001
21.8,-0.7,2,MT,01001
21.6,4.6,2,MT,01001
22.4,-1.3,2,MT,01001
24.8,1.6,2,MT,01001
25.5,-0.5,2,MT,01001
23.9,1.0,2,MT,01001
23.6,4.8,2,MT,01001
25.2,0.4,2,MT,01001
21.1,4.6,2,MT,01001
20.7,-1.7,2,MT,01001
22.0,0.2,2,MT,01001
24.9,-1.3,2,MT,01001
23.7,-0.9,2,MT,01001
27.2,1.8,2,MT,01001
21.2,-0.4,2,MT,01001
27.4,3.4,2,MT,01001
21.9,4.4,2,MT,01001
25.1,3.7,2,MT,01001
24.8,1.5,2,MT,01001
21.6,-0.6,2,MT,01001
23.2,4.2,2,MT,01001
23.2,-1.1,2,MT,01001
19.9,4.3,2,MT,01001
18.7,5.1,2,MT,01001
25.3,2.9,2,MT,01001
25.7,-0.8,2,MT,01001
16.9,5.1,2,MT,01001
20.2,-2.1,2,MT,01001
24.5,-0.7,2,MT,01001
25.1,0.1,2,MT,01001
25.7,3.2,2,MT,01001
25.1,5.1,2,MT,01001
26.3,2.7,2,MT,01001
18.8,4.6,2,MT,01001
24.8,0.2,2,MT,01001
21.8,3.7,2,MT,01001
26.5,0.7,2,MT,01001
29.5,1.4,2,NE,01001
25.8,1.9,2,NE,01001
24.0,-3.2,2,NE,01001
26.6,-2.0,2,NE,01001
26.2,0.1,2,NE,01001
27.2,2.7,2,NE,01001
26.6,-0.2,2,NE,01001
24.3,0.7,2,NE,01001
25.4,0.3,2,NE,01001
27.9,0.7,2,NE,01001
27.8,3.6,2,NE,01001
28.7,2.6,2,NE,01001
29.9,2.8,2,NE,01001
23.0,0.6,2,NE,01001
26.8,-3.2,2,NE,01001
26.2,1.0,2,NE,01001
25.6,-3.3,2,NE,01001
30.0,2.1,2,NE,01001
29.1,4.0,2,NE,01001
27.0,3.0,2,NE,01001
25.8,-0.6,2,NE,01001
24.7,1.8,2,NE,01001
28.4,1.8,2,NE,01001
27.4,-0.9,2,NE,01001
23.7,-5.6,2,NE,01001
23.1,0.4,2,NE,01001
28.7,3.6,2,NE,01001
29.9,3.9,2,NE,01001
28.5,-2.5,2,NE,01001
30.6,2.6,2,NE,01001
28.8,-0.7,2,NE,01001
28.5,-0.9,2,NE,01001
28.3,-1.8,2,NE,01001
31.0,2.5,2,NE,01001
23.6,-4.0,2,NE,01001
24.7,0.2,2,NE,01001
27.2,-2.0,2,NE,01001
23.4,-2.7,2,NE,01001
26.8,1.6,2,NE,01001
29.5,2.2,2,NE,01001
30.3,2.9,2,NE,01001
28.5,-1.4,2,NE,01001
27.6,-2.1,2,NE,01001
29.8,-1.0,2,NE,01001
24.2,0.4,2,NE,01001
25.1,-1.3,2,NE,01001
28.2,1.7,2,NE,01001
30.9,2.3,2,NE,01001
31.3,2.8,2,NE,01001
28.3,0.1,2,NE,01001
24.2,-4.6,2,NE,01001
24.3,0.4,2,NE,01001
24.7,-3.6,2,NE,01001
23.9,0.6,2,NE,01001
30.3,3.0,2,NE,01001
25.7,-2.7,2,NE,01001
25.3,-1.7,2,NE,01001
24.4,-0.6,2,NE,01001
24.1,-3.0,2,NE,01001
27.3,3.1,2,NE,01001
29.9,3.2,2,NE,01001
25.8,-2.4,2,NE,01001
28.5,2.7,2,NE,01001
32.4,3.3,2,NE,01001
31.1,2.3,2,NE,01001
30.5,2.5,2,NE,01001
32.1,2.9,2,NE,01001
24.7,-4.5,2,NE,01001
27.3,-1.3,2,NE,01001
25.4,2.0,2,NE,01001
28.4,3.3,2,NE,01001
29.4,2.9,2,NE,01001
29.4,-0.8,2,NE,01001
33.7,4.0,2,NE,01001
24.2,0.1,2,NE,01001
30.4,2.5,2,NE,01001
30.1,3.5,2,NE,01001
29.6,3.4,2,NE,01001
27.9,-0.9,2,NE,01001
29.6,2.5,2,NE,01001
25.9,0.3,2,NE,01001
27.0,0.8,2,NE,01001
25.4,-0.7,2,NE,01001
27.9,3.7,2,NE,01001
31.3,2.6,2,NE,01001
26.7,-0.0,2,NE,01001
25.6,2.3,2,NE,01001
25.5,0.1,2,NE,01001
29.2,3.9,2,NE,01001
25.0,1.7,2,NE,01001
29.9,0.7,2,NE,01001
26.5,2.2,2,NE,01001
30.0,2.5,2,NE,01001
32.9,-2.9,2,NV,01001
44.4,-3.1,2,NV,01001
30.7,-3.5,2,NV,01001
23.6,-5.0,2,NV,01001
33.8,-1.9,2,NV,01001
24.6,-5.0,2,NV,01001
31.2,-2.0,2,NV,01001
28.4,-3.8,2,NV,01001
34.9,-3.4,2,NV,01001
33.1,-2.8,2,NV,01001
32.0,-2.1,2,NV,01001
32.4,-2.5,2,NV,01001
32.4,-2.5,2,NV,01001
31.3,-3.7,2,NV,01001
31.0,-2.5,2,NV,01001
24.3,-4.7,2,NV,01001
31.8,-3.4,2,NV,01001
25.3,4.9,2,NH,01001
23.6,5.1,2,NH,01001
27.3,6.7,2,NH,01001
18.8,5.7,2,NH,01001
22.9,6.3,2,NH,01001
28.8,6.6,2,NH,01001
25.8,5.1,2,NH,01001
29.0,5.4,2,NH,01001
26.2,4.0,2,NH,01001
25.2,6.4,2,NH,01001
41.4,8.7,2,NJ,01001
37.4,8.0,2,NJ,01001
41.0,8.5,2,NJ,01001
41.3,8.6,2,NJ,01001
42.0,8.5,2,NJ,01001
41.8,8.9,2,NJ,01001
38.4,8.4,2,NJ,01001
41.8,9.0,2,NJ,01001
39.8,8.4,2,NJ,01001
36.5,8.3,2,NJ,01001
39.1,8.2,2,NJ,01001
39.8,8.9,2,NJ,01001
39.6,8.4,2,NJ,01001
35.8,8.3,2,NJ,01001
40.3,8.2,2,NJ,01001
35.6,8.1,2,NJ,01001
41.7,8.8,2,NJ,01001
38.0,8.5,2,NJ,01001
34.0,8.4,2,NJ,01001
39.4,8.8,2,NJ,01001
35.1,8.6,2,NJ,01001
36.1,-0.8,2,NM,01001
31.6,-2.3,2,NM,01001
44.4,1.6,2,NM,01001
30.5,-2.6,2,NM,01001
30.9,-0.4,2,NM,01001
41.6,2.4,2,NM,01001
42.8,2.0,2,NM,01001
45.4,-0.1,2,NM,01001
45.8,0.1,2,NM,01001
39.4,-1.7,2,NM,01001
39.5,0.8,2,NM,01001
37.5,0.5,2,NM,01001
42.2,-2.8,2,NM,01001
44.0,-0.1,2,NM,01001
39.1,0.2,2,NM,01001
29.4,-1.4,2,NM,01001
43.8,-1.5,2,NM,01001
30.4,-2.2,2,NM,01001
32.0,-0.0,2,NM,01001
42.1,-0.4,2,NM,01001
41.2,1.2,2,NM,01001
26.1,-2.1,2,NM,01001
42.6,2.0,2,NM,01001
31.4,-2.0,2,NM,01001
31.7,-2.2,2,NM,01001
36.3,-0.3,2,NM,01001
32.1,-1.3,2,NM,01001
41.2,-1.2,2,NM,01001
37.4,-1.0,2,NM,01001
25.2,-1.3,2,NM,01001
34.6,-0.1,2,NM,01001
35.0,-0.0,2,NM,01001
37.9,-1.0,2,NM,01001
31.0,8.4,2,NY,01001
30.8,8.6,2,NY,01001
39.3,8.1,2,NY,01001
30.5,7.8,2,NY,01001
31.1,9.0,2,NY,01001
30.1,7.5,2,NY,01001
32.3,9.3,2,NY,01001
31.8,8.7,2,NY,01001
28.4,7.3,2,NY,01001
21.6,5.7,2,NY,01001
32.0,7.9,2,NY,01001
28.2,7.3,2,NY,01001
28.9,7.9,2,NY,01001
32.6,7.5,2,NY,01001
31.9,8.8,2,NY,01001
20.5,5.1,2,NY,01001
20.6,6.2,2,NY,01001
26.2,6.8,2,NY,01001
30.6,7.8,2,NY,01001
30.7,8.6,2,NY,01001
20.8,5.7,2,NY,01001
23.5,6.5,2,NY,01001
25.1,7.0,2,NY,01001
40.1,8.2,2,NY,01001
22.9,6.8,2,NY,01001
31.8,8.6,2,NY,01001
27.2,7.0,2,NY,01001
31.1,7.6,2,NY,01001
29.1,7.5,2,NY,01001
38.9,7.9,2,NY,01001
39.9,8.4,2,NY,01001
32.0,8.1,2,NY,01001
26.2,6.8,2,NY,01001
29.6,7.7,2,NY,01001
31.2,8.2,2,NY,01001
33.0,7.4,2,NY,01001
31.2,7.8,2,NY,01001
28.1,7.5,2,NY,01001
27.7,7.0,2,NY,01001
33.4,7.5,2,NY,01001
39.5,7.9,2,NY,01001
30.0,8.0,2,NY,01001
40.3,8.6,2,NY,01001
35.3,7.5,2,NY,01001
22.6,6.9,2,NY,01001
27.6,7.1,2,NY,01001
29.9,8.1,2,NY,01001
29.3,8.2,2,NY,01001
31.1,8.6,2,NY,01001
31.3,7.7,2,NY,01001
31.3,8.8,2,NY,01001
37.4,7.5,2,NY,01001
30.5,7.7,2,NY,01001
31.2,8.2,2,NY,01001
30.1,7.7,2,NY,01001
31.0,7.5,2,NY,01001
23.4,5.8,2,NY,01001
26.4,6.4,2,NY,01001
30.0,6.8,2,NY,01001
35.9,7.7,2,NY,01001
30.2,8.7,2,NY,01001
31.6,8.5,2,NY,01001
50.5,9.5,2,NC,01001
49.3,8.9,2,NC,01001
45.1,10.9,2,NC,01001
54.0,9.9,2,NC,01001
43.7,10.2,2,NC,01001
43.0,10.0,2,NC,01001
52.8,8.4,2,NC,01001
51.8,9.4,2,NC,01001
54.6,8.8,2,NC,01001
55.9,8.9,2,NC,01001
46.7,9.5,2,NC,01001
50.0,9.6,2,NC,01001
52.3,9.7,2,NC,01001
49.3,9.3,2,NC,01001
51.9,10.0,2,NC,01001
53.6,7.7,2,NC,01001
50.0,9.9,2,NC,01001
50.6,9.3,2,NC,01001
51.8,9.6,2,NC,01001
47.5,7.9,2,NC,01001
52.3,9.7,2,NC,01001
47.4,8.8,2,NC,01001
51.2,9.2,2,NC,01001
55.4,8.8,2,NC,01001
53.2,8.2,2,NC,01001
53.4,8.7,2,NC,01001
51.8,9.8,2,NC,01001
52.4,8.3,2,NC,01001
50.9,10.0,2,NC,01001
50.0,9.9,2,NC,01001
52.8,7.8,2,NC,01001
51.1,10.1,2,NC,01001
52.1,9.7,2,NC,01001
49.6,9.8,2,NC,01001
50.8,9.9,2,NC,01001
52.2,9.8,2,NC,01001
51.2,9.6,2,NC,01001
46.0,8.4,2,NC,01001
50.0,10.0,2,NC,01001
52.1,8.4,2,NC,01001
50.2,9.8,2,NC,01001
50.2,9.2,2,NC,01001
52.6,9.0,2,NC,01001
43.7,8.9,2,NC,01001
47.6,8.7,2,NC,01001
51.0,9.4,2,NC,01001
53.6,9.4,2,NC,01001
53.0,8.1,2,NC,01001
50.2,9.6,2,NC,01001
45.4,8.8,2,NC,01001
52.6,9.3,2,NC,01001
52.9,8.0,2,NC,01001
52.6,9.7,2,NC,01001
51.5,7.2,2,NC,01001
51.4,9.7,2,NC,01001
49.9,10.3,2,NC,01001
46.8,9.1,2,NC,01001
46.8,9.4,2,NC,01001
52.4,9.5,2,NC,01001
52.7,9.9,2,NC,01001
43.9,9.4,2,NC,01001
53.9,10.8,2,NC,01001
53.5,10.3,2,NC,01001
51.5,9.9,2,NC,01001
55.8,9.0,2,NC,01001
49.9,9.0,2,NC,01001
53.8,8.0,2,NC,01001
50.4,9.6,2,NC,01001
53.5,8.1,2,NC,01001
52.3,10.1,2,NC,01001
54.5,8.4,2,NC,01001
52.3,9.9,2,NC,01001
49.6,10.0,2,NC,01001
52.6,8.9,2,NC,01001
50.9,8.7,2,NC,01001
51.6,9.8,2,NC,01001
54.1,10.0,2,NC,01001
54.7,9.0,2,NC,01001
49.8,9.9,2,NC,01001
51.2,9.9,2,NC,01001
51.4,9.4,2,NC,01001
53.1,8.4,2,NC,01001
54.2,9.5,2,NC,01001
53.8,10.5,2,NC,01001
48.8,9.7,2,NC,01001
48.7,10.4,2,NC,01001
44.8,8.9,2,NC,01001
47.0,9.1,2,NC,01001
52.9,9.1,2,NC,01001
53.6,9.9,2,NC,01001
49.8,9.8,2,NC,01001
52.0,9.9,2,NC,01001
49.8,9.7,2,NC,01001
52.9,9.6,2,NC,01001
43.8,10.2,2,NC,01001
52.3,8.4,2,NC,01001
49.1,10.1,2,NC,01001
52.8,9.9,2,NC,01001
49.2,9.8,2,NC,01001
43.9,9.5,2,NC,01001
21.6,4.9,2,ND,01001
12.5,1.5,2,ND,01001
11.0,2.3,2,ND,01001
21.5,4.8,2,ND,01001
11.2,2.4,2,ND,01001
22.5,4.1,2,ND,01001
13.7,4.0,2,ND,01001
14.3,2.2,2,ND,01001
11.1,0.0,2,ND,01001
7.8,1.5,2,ND,01001
12.7,-0.4,2,ND,01001
14.9,4.5,2,ND,01001
19.7,4.8,2,ND,01001
11.4,2.0,2,ND,01001
15.8,2.0,2,ND,01001
11.4,1.4,2,ND,01001
21.8,4.3,2,ND,01001
9.2,0.3,2,ND,01001
18.6,3.3,2,ND,01001
10.9,1.6,2,ND,01001
20.0,3.9,2,ND,01001
12.1,1.1,2,ND,01001
13.9,1.4,2,ND,01001
13.2,1.2,2,ND,01001
12.5,2.2,2,ND,01001
14.1,1.3,2,ND,01001
20.1,5.4,2,ND,01001
16.3,3.9,2,ND,01001
18.1,4.0,2,ND,01001
17.4,3.3,2,ND,01001
15.9,4.2,2,ND,01001
10.0,1.8,2,ND,01001
17.5,3.8,2,ND,01001
8.2,1.3,2,ND,01001
10.5,1.9,2,ND,01001
10.5,2.5,2,ND,01001
12.4,0.1,2,ND,01001
13.8,3.5,2,ND,01001
13.4,0.7,2,ND,01001
10.3,3.2,2,ND,01001
12.5,-0.5,2,ND,01001
12.8,2.0,2,ND,01001
18.6,3.2,2,ND,01001
22.2,4.2,2,ND,01001
19.8,3.8,2,ND,01001
8.5,-1.0,2,ND,01001
13.3,1.9,2,ND,01001
9.9,3.1,2,ND,01001
9.0,-1.0,2,ND,01001
8.9,1.0,2,ND,01001
15.2,3.7,2,ND,01001
11.3,1.5,2,ND,01001
17.6,5.3,2,ND,01001
42.0,9.0,2,OH,01001
37.7,10.2,2,OH,01001
36.7,9.9,2,OH,01001
35.1,10.1,2,OH,01001
41.3,9.3,2,OH,01001
37.5,9.8,2,OH,01001
37.9,7.8,2,OH,01001
41.4,9.2,2,OH,01001
40.8,9.8,2,OH,01001
37.3,9.4,2,OH,01001
37.6,9.0,2,OH,01001
39.2,9.8,2,OH,01001
42.2,9.8,2,OH,01001
40.9,10.3,2,OH,01001
36.5,9.0,2,OH,01001
38.2,9.3,2,OH,01001
37.0,10.1,2,OH,01001
37.3,10.3,2,OH,01001
38.4,10.2,2,OH,01001
35.2,9.2,2,OH,01001
39.0,9.8,2,OH,01001
36.1,8.5,2,OH,01001
39.5,9.0,2,OH,01001
39.8,9.5,2,OH,01001
40.4,9.9,2,OH,01001
34.7,9.2,2,OH,01001
41.5,7.5,2,OH,01001
35.3,10.4,2,OH,01001
40.8,10.5,2,OH,01001
39.3,9.3,2,OH,01001
41.9,9.7,2,OH,01001
37.3,10.0,2,OH,01001
37.9,10.2,2,OH,01001
37.5,8.5,2,OH,01001
35.7,9.3,2,OH,01001
40.5,9.3,2,OH,01001
40.0,9.0,2,OH,01001
37.3,9.5,2,OH,01001
35.6,8.6,2,OH,01001
41.9,9.3,2,OH,01001
37.4,7.9,2,OH,01001
37.4,9.5,2,OH,01001
36.6,10.6,2,OH,01001
43.2,8.8,2,OH,01001
38.4,9.1,2,OH,01001
36.8,9.0,2,OH,01001
36.5,8.9,2,OH,01001
36.5,9.8,2,OH,01001
39.4,9.7,2,OH,01001
36.5,10.0,2,OH,01001
38.1,10.1,2,OH,01001
37.3,10.2,2,OH,01001
40.9,7.7,2,OH,01001
37.0,9.5,2,OH,01001
39.4,10.3,2,OH,01001
39.2,8.2,2,OH,01001
41.0,10.7,2,OH,01001
40.6,9.5,2,OH,01001
37.5,10.1,2,OH,01001
39.8,9.7,2,OH,01001
40.3,9.5,2,OH,01001
36.1,8.7,2,OH,01001
36.0,9.4,2,OH,01001
39.5,9.2,2,OH,01001
40.3,9.1,2,OH,01001
42.2,9.8,2,OH,01001
37.2,11.2,2,OH,01001
38.8,9.7,2,OH,01001
36.8,9.8,2,OH,01001
36.7,10.2,2,OH,01001
41.2,9.5,2,OH,01001
35.9,8.4,2,OH,01001
42.7,9.4,2,OH,01001
36.0,8.7,2,OH,01001
37.4,9.4,2,OH,01001
38.7,11.6,2,OH,01001
38.7,11.7,2,OH,01001
36.0,10.3,2,OH,01001
38.3,9.7,2,OH,01001
37.7,8.9,2,OH,01001
36.9,9.9,2,OH,01001
41.2,9.3,2,OH,01001
41.8,10.5,2,OH,01001
42.1,9.9,2,OH,01001
37.5,10.2,2,OH,01001
34.1,9.0,2,OH,01001
36.8,9.7,2,OH,01001
37.9,10.3,2,OH,01001
45.7,5.1,2,OK,01001
40.0,1.8,2,OK,01001
47.9,3.3,2,OK,01001
38.6,1.0,2,OK,01001
44.2,3.2,2,OK,01001
41.4,1.6,2,OK,01001
48.4,3.0,2,OK,01001
43.5,2.1,2,OK,01001
43.1,2.5,2,OK,01001
46.5,1.7,2,OK,01001
45.6,4.3,2,OK,01001
48.5,3.2,2,OK,01001
37.0,0.2,2,OK,01001
44.8,2.7,2,OK,01001
47.9,3.5,2,OK,01001
45.2,2.1,2,OK,01001
46.7,2.3,2,OK,01001
42.8,3.5,2,OK,01001
44.1,3.0,2,OK,01001
42.2,2.2,2,OK,01001
44.0,4.1,2,OK,01001
41.0,1.8,2,OK,01001
40.6,2.2,2,OK,01001
41.2,2.1,2,OK,01001
46.1,2.4,2,OK,01001
44.6,2.5,2,OK,01001
40.3,2.2,2,OK,01001
44.6,2.6,2,OK,01001
45.1,2.6,2,OK,01001
39.0,1.0,2,OK,01001
48.6,5.2,2,OK,01001
47.1,3.7,2,OK,01001
45.6,2.6,2,OK,01001
46.5,1.3,2,OK,01001
47.8,3.1,2,OK,01001
41.4,2.9,2,OK,01001
42.2,1.8,2,OK,01001
44.2,2.2,2,OK,01001
48.0,4.3,2,OK,01001
48.2,5.1,2,OK,01001
44.0,2.2,2,OK,01001
42.9,2.2,2,OK,01001
46.9,1.3,2,OK,01001
45.2,2.8,2,OK,01001
48.3,3.9,2,OK,01001
47.3,4.2,2,OK,01001
40.6,1.5,2,OK,01001
47.9,2.5,2,OK,01001
43.7,3.0,2,OK,01001
47.0,2.7,2,OK,01001
47.0,4.5,2,OK,01001
42.4,2.7,2,OK,01001
42.5,3.4,2,OK,01001
45.8,3.3,2,OK,01001
43.9,2.5,2,OK,01001
45.8,3.5,2,OK,01001
42.1,2.9,2,OK,01001
44.6,5.6,2,OK,01001
43.0,2.9,2,OK,01001
43.4,2.8,2,OK,01001
47.6,3.8,2,OK,01001
47.2,3.4,2,OK,01001
45.3,2.6,2,OK,01001
47.7,3.6,2,OK,01001
43.0,3.2,2,OK,01001
43.6,3.4,2,OK,01001
46.1,3.1,2,OK,01001
48.0,5.4,2,OK,01001
45.6,1.7,2,OK,01001
38.9,1.5,2,OK,01001
46.3,2.5,2,OK,01001
44.3,3.5,2,OK,01001
45.4,3.7,2,OK,01001
42.5,3.4,2,OK,01001
42.9,1.9,2,OK,01001
39.2,1.3,2,OK,01001
39.8,1.5,2,OK,01001
27.3,-1.9,2,OR,01001
39.2,-3.0,2,OR,01001
35.6,-1.8,2,OR,01001
39.2,-1.7,2,OR,01001
38.2,-1.9,2,OR,01001
41.1,-2.8,2,OR,01001
30.2,-1.8,2,OR,01001
40.4,-3.0,2,OR,01001
29.5,-1.9,2,OR,01001
37.5,-2.8,2,OR,01001
35.1,-0.5,2,OR,01001
28.3,-1.6,2,OR,01001
28.8,-1.4,2,OR,01001
31.9,-1.0,2,OR,01001
35.8,-2.3,2,OR,01001
33.1,-1.1,2,OR,01001
36.7,-2.8,2,OR,01001
29.9,-1.0,2,OR,01001
29.5,-1.3,2,OR,01001
37.0,-2.7,2,OR,01001
40.4,-3.1,2,OR,01001
36.4,-2.3,2,OR,01001
29.5,-2.2,2,OR,01001
37.0,-2.3,2,OR,01001
34.8,-0.3,2,OR,01001
38.5,-1.7,2,OR,01001
38.9,-2.7,2,OR,01001
35.1,-0.2,2,OR,01001
38.3,-2.3,2,OR,01001
33.5,-0.4,2,OR,01001
28.2,-1.7,2,OR,01001
27.2,-1.6,2,OR,01001
33.8,-0.7,2,OR,01001
38.1,-2.2,2,OR,01001
32.0,-1.6,2,OR,01001
38.8,-2.6,2,OR,01001
39.8,9.6,2,PA,01001
39.8,9.9,2,PA,01001
36.7,9.4,2,PA,01001
37.4,8.4,2,PA,01001
38.8,9.8,2,PA,01001
38.3,9.1,2,PA,01001
36.8,9.5,2,PA,01001
31.8,8.4,2,PA,01001
38.2,8.5,2,PA,01001
36.9,9.6,2,PA,01001
35.0,9.3,2,PA,01001
33.3,8.7,2,PA,01001
33.3,8.5,2,PA,01001
35.0,8.6,2,PA,01001
39.3,8.9,2,PA,01001
36.0,10.7,2,PA,01001
35.0,9.8,2,PA,01001
33.6,8.0,2,PA,01001
34.7,8.9,2,PA,01001
33.7,9.7,2,PA,01001
39.6,9.7,2,PA,01001
38.9,10.2,2,PA,01001
41.0,9.0,2,PA,01001
34.0,10.5,2,PA,01001
33.2,9.3,2,PA,01001
38.3,8.9,2,PA,01001
33.7,9.8,2,PA,01001
39.8,9.6,2,PA,01001
39.6,9.7,2,PA,01001
39.3,8.6,2,PA,01001
38.0,9.4,2,PA,01001
36.0,9.0,2,PA,01001
35.8,11.1,2,PA,01001
37.5,8.5,2,PA,01001
32.5,9.0,2,PA,01001
39.8,9.8,2,PA,01001
36.7,9.3,2,PA,01001
38.8,10.0,2,PA,01001
36.8,8.5,2,PA,01001
33.3,9.0,2,PA,01001
33.5,8.6,2,PA,01001
32.6,10.1,2,PA,01001
35.4,9.9,2,PA,01001
36.7,8.3,2,PA,01001
32.5,8.4,2,PA,01001
39.3,8.8,2,PA,01001
35.8,9.0,2,PA,01001
35.6,8.5,2,PA,01001
36.4,9.2,2,PA,01001
38.5,9.4,2,PA,01001
41.0,8.8,2,PA,01001
31.8,8.1,2,PA,01001
31.8,8.8,2,PA,01001
35.4,9.1,2,PA,01001
37.0,9.0,2,PA,01001
36.1,9.7,2,PA,01001
30.8,8.5,2,PA,01001
31.1,8.2,2,PA,01001
31.8,8.9,2,PA,01001
35.7,8.7,2,PA,01001
34.5,9.7,2,PA,01001
32.4,9.3,2,PA,01001
39.1,9.1,2,PA,01001
31.1,8.3,2,PA,01001
38.5,9.3,2,PA,01001
32.8,9.0,2,PA,01001
40.3,10.2,2,PA,01001
34.9,5.7,2,RI,01001
34.1,6.5,2,RI,01001
35.0,5.6,2,RI,01001
33.5,6.5,2,RI,01001
35.2,6.9,2,RI,01001
54.8,9.7,2,SC,01001
57.4,9.7,2,SC,01001
57.5,8.4,2,SC,01001
53.6,9.2,2,SC,01001
56.5,7.7,2,SC,01001
57.0,8.6,2,SC,01001
61.4,10.0,2,SC,01001
58.6,9.5,2,SC,01001
57.5,9.4,2,SC,01001
59.9,10.0,2,SC,01001
52.0,9.0,2,SC,01001
53.5,9.1,2,SC,01001
53.9,9.3,2,SC,01001
57.5,9.4,2,SC,01001
59.2,9.5,2,SC,01001
55.2,9.2,2,SC,01001
55.3,9.0,2,SC,01001
59.2,9.9,2,SC,01001
57.0,10.1,2,SC,01001
55.0,9.6,2,SC,01001
57.0,9.8,2,SC,01001
56.9,8.3,2,SC,01001
52.4,9.2,2,SC,01001
55.5,10.1,2,SC,01001
58.7,8.9,2,SC,01001
56.1,8.6,2,SC,01001
60.6,9.6,2,SC,01001
55.3,9.9,2,SC,01001
53.8,9.8,2,SC,01001
54.4,9.7,2,SC,01001
56.1,9.7,2,SC,01001
56.9,10.2,2,SC,01001
56.3,10.2,2,SC,01001
56.6,9.3,2,SC,01001
54.6,9.1,2,SC,01001
55.5,10.0,2,SC,01001
52.3,8.5,2,SC,01001
57.5,9.1,2,SC,01001
52.6,9.4,2,SC,01001
56.8,9.7,2,SC,01001
56.4,10.3,2,SC,01001
52.7,9.2,2,SC,01001
57.3,9.8,2,SC,01001
53.4,9.1,2,SC,01001
57.6,9.5,2,SC,01001
52.7,9.2,2,SC,01001
19.5,-0.6,2,SD,01001
18.4,0.6,2,SD,01001
27.1,2.6,2,SD,01001
22.0,-0.5,2,SD,01001
15.9,-0.4,2,SD,01001
13.9,-0.3,2,SD,01001
20.8,-0.1,2,SD,01001
19.7,0.2,2,SD,01001
25.9,3.6,2,SD,01001
18.6,3.2,2,SD,01001
22.8,0.2,2,SD,01001
15.5,0.4,2,SD,01001
20.8,-1.0,2,SD,01001
14.8,0.5,2,SD,01001
21.2,4.1,2,SD,01001
27.9,3.0,2,SD,01001
17.5,-2.8,2,SD,01001
13.8,0.2,2,SD,01001
16.4,1.3,2,SD,01001
23.1,4.7,2,SD,01001
20.0,-1.4,2,SD,01001
17.2,1.9,2,SD,01001
28.2,2.3,2,SD,01001
18.6,2.5,2,SD,01001
15.7,0.7,2,SD,01001
23.3,0.4,2,SD,01001
25.9,4.0,2,SD,01001
15.5,0.3,2,SD,01001
19.8,2.2,2,SD,01001
16.3,-3.8,2,SD,01001
25.1,5.4,2,SD,01001
22.0,2.3,2,SD,01001
19.1,-2.0,2,SD,01001
19.7,2.2,2,SD,01001
27.6,3.5,2,SD,01001
19.9,1.0,2,SD,01001
26.5,4.1,2,SD,01001
16.2,-0.5,2,SD,01001
16.3,-1.5,2,SD,01001
25.6,2.4,2,SD,01001
18.9,-1.1,2,SD,01001
22.5,0.9,2,SD,01001
17.4,-2.0,2,SD,01001
15.0,0.9,2,SD,01001
12.8,-0.3,2,SD,01001
26.8,4.2,2,SD,01001
27.6,3.9,2,SD,01001
16.2,-2.3,2,SD,01001
18.7,0.0,2,SD,01001
16.4,-1.0,2,SD,01001
28.3,2.8,2,SD,01001
27.3,3.8,2,SD,01001
24.1,5.5,2,SD,01001
20.8,4.3,2,SD,01001
15.2,1.1,2,SD,01001
17.6,-1.7,2,SD,01001
17.2,0.9,2,SD,01001
24.3,3.6,2,SD,01001
21.8,3.5,2,SD,01001
25.5,1.4,2,SD,01001
23.9,0.7,2,SD,01001
19.2,-1.1,2,SD,01001
21.2,-0.5,2,SD,01001
20.3,4.3,2,SD,01001
21.1,-0.5,2,SD,01001
24.7,5.0,2,SD,01001
47.8,8.5,2,TN,01001
50.0,8.9,2,TN,01001
48.6,7.9,2,TN,01001
48.1,9.0,2,TN,01001
49.5,8.8,2,TN,01001
51.0,8.9,2,TN,01001
45.6,7.9,2,TN,01001
49.1,9.0,2,TN,01001
48.1,7.6,2,TN,01001
45.9,9.6,2,TN,01001
49.2,9.2,2,TN,01001
49.4,7.8,2,TN,01001
45.9,7.7,2,TN,01001
48.2,9.0,2,TN,01001
49.0,9.1,2,TN,01001
49.4,9.1,2,TN,01001
48.6,8.0,2,TN,01001
46.8,9.2,2,TN,01001
49.6,9.3,2,TN,01001
49.9,8.3,2,TN,01001
48.9,9.0,2,TN,01001
48.8,9.1,2,TN,01001
48.7,8.6,2,TN,01001
49.3,6.9,2,TN,01001
46.0,8.9,2,TN,01001
50.0,9.0,2,TN,01001
48.6,8.5,2,TN,01001
48.6,7.5,2,TN,01001
47.6,8.2,2,TN,01001
48.6,8.9,2,TN,01001
47.6,8.9,2,TN,01001
48.5,8.5,2,TN,01001
50.9,9.1,2,TN,01001
47.0,8.4,2,TN,01001
49.0,7.2,2,TN,01001
50.5,8.3,2,TN,01001
48.1,8.7,2,TN,01001
48.8,7.6,2,TN,01001
49.1,7.9,2,TN,01001
47.4,7.6,2,TN,01001
49.0,8.6,2,TN,01001
48.2,8.4,2,TN,01001
48.7,8.4,2,TN,01001
48.7,9.0,2,TN,01001
49.0,8.6,2,TN,01001
44.3,9.6,2,TN,01001
49.2,8.7,2,TN,01001
48.2,8.7,2,TN,01001
48.5,7.4,2,TN,01001
48.6,7.8,2,TN,01001
48.9,8.5,2,TN,01001
50.1,8.4,2,TN,01001
49.8,8.6,2,TN,01001
50.1,8.7,2,TN,01001
49.5,7.4,2,TN,01001
47.4,8.4,2,TN,01001
49.2,8.1,2,TN,01001
49.8,9.0,2,TN,01001
49.4,8.6,2,TN,01001
49.0,8.4,2,TN,01001
50.1,8.8,2,TN,01001
49.0,8.3,2,TN,01001
48.8,9.3,2,TN,01001
50.2,9.0,2,TN,01001
46.9,8.8,2,TN,01001
49.0,9.8,2,TN,01001
48.2,9.7,2,TN,01001
49.8,8.7,2,TN,01001
47.3,9.2,2,TN,01001
49.8,8.5,2,TN,01001
48.4,9.5,2,TN,01001
49.0,8.8,2,TN,01001
49.5,9.0,2,TN,01001
47.9,8.8,2,TN,01001
49.8,9.1,2,TN,01001
45.2,8.0,2,TN,01001
48.2,8.9,2,TN,01001
47.8,8.7,2,TN,01001
49.4,6.3,2,TN,01001
48.4,8.3,2,TN,01001
47.6,8.0,2,TN,01001
47.9,9.5,2,TN,01001
48.2,8.8,2,TN,01001
48.5,6.5,2,TN,01001
48.4,8.5,2,TN,01001
45.6,9.0,2,TN,01001
47.1,8.0,2,TN,01001
47.9,9.0,2,TN,01001
49.0,9.0,2,TN,01001
48.4,9.2,2,TN,01001
50.0,8.9,2,TN,01001
48.4,8.8,2,TN,01001
48.5,9.3,2,TN,01001
48.9,8.7,2,TN,01001
49.2,9.0,2,TN,01001
54.0,3.9,2,TX,01001
46.9,0.4,2,TX,01001
57.6,5.9,2,TX,01001
62.0,4.7,2,TX,01001
47.4,1.7,2,TX,01001
44.0,3.6,2,TX,01001
58.6,2.5,2,TX,01001
59.4,5.6,2,TX,01001
42.5,1.7,2,TX,01001
54.0,1.7,2,TX,01001
56.4,3.7,2,TX,01001
46.9,1.4,2,TX,01001
60.1,2.8,2,TX,01001
54.2,4.0,2,TX,01001
57.1,2.5,2,TX,01001
54.1,2.7,2,TX,01001
47.3,0.7,2,TX,01001
51.4,2.1,2,TX,01001
51.6,4.6,2,TX,01001
61.8,6.1,2,TX,01001
56.7,4.5,2,TX,01001
52.1,1.1,2,TX,01001
44.7,2.7,2,TX,01001
64.6,4.3,2,TX,01001
50.0,1.5,2,TX,01001
57.1,4.9,2,TX,01001
53.1,2.2,2,TX,01001
57.0,3.7,2,TX,01001
60.9,4.3,2,TX,01001
48.8,1.3,2,TX,01001
66.6,3.7,2,TX,01001
52.6,4.6,2,TX,01001
43.1,4.1,2,TX,01001
52.8,4.5,2,TX,01001
42.4,2.5,2,TX,01001
60.8,6.0,2,TX,01001
54.8,4.4,2,TX,01001
45.8,2.6,2,TX,01001
47.5,1.8,2,TX,01001
43.0,0.8,2,TX,01001
48.9,0.9,2,TX,01001
49.8,1.4,2,TX,01001
50.1,3.1,2,TX,01001
44.1,2.3,2,TX,01001
60.0,5.7,2,TX,01001
55.6,2.5,2,TX,01001
50.1,1.9,2,TX,01001
49.7,0.7,2,TX,01001
47.7,1.4,2,TX,01001
52.4,2.6,2,TX,01001
46.6,2.2,2,TX,01001
51.6,2.3,2,TX,01001
50.7,1.0,2,TX,01001
45.2,1.6,2,TX,01001
47.1,0.2,2,TX,01001
38.6,1.5,2,TX,01001
51.6,2.9,2,TX,01001
45.7,-0.2,2,TX,01001
41.6,2.7,2,TX,01001
50.2,3.6,2,TX,01001
50.0,2.4,2,TX,01001
58.7,3.2,2,TX,01001
46.5,1.7,2,TX,01001
60.4,3.4,2,TX,01001
43.9,2.9,2,TX,01001
62.4,3.9,2,TX,01001
49.2,1.8,2,TX,01001
49.3,1.6,2,TX,01001
54.0,3.0,2,TX,01001
52.0,2.6,2,TX,01001
47.8,0.1,2,TX,01001
50.6,2.6,2,TX,01001
53.3,3.2,2,TX,01001
49.1,3.1,2,TX,01001
58.6,5.1,2,TX,01001
47.9,1.3,2,TX,01001
44.0,2.0,2,TX,01001
46.8,2.2,2,TX,01001
61.0,5.9,2,TX,01001
51.5,4.1,2,TX,01001
53.7,3.5,2,TX,01001
58.8,2.9,2,TX,01001
44.7,-0.6,2,TX,01001
61.5,6.0,2,TX,01001
46.8,1.1,2,TX,01001
51.8,1.3,2,TX,01001
47.6,0.1,2,TX,01001
60.0,3.3,2,TX,01001
57.8,3.2,2,TX,01001
43.1,3.7,2,TX,01001
48.7,2.5,2,TX,01001
53.7,4.1,2,TX,01001
57.5,5.0,2,TX,01001
57.1,3.0,2,TX,01001
43.1,1.6,2,TX,01001
45.9,2.8,2,TX,01001
50.8,1.8,2,TX,01001
41.2,2.8,2,TX,01001
46.3,2.6,2,TX,01001
59.5,6.2,2,TX,01001
60.8,6.0,2,TX,01001
54.3,4.5,2,TX,01001
39.8,1.8,2,TX,01001
47.9,1.5,2,TX,01001
55.4,3.1,2,TX,01001
42.0,2.7,2,TX,01001
52.8,3.5,2,TX,01001
66.6,4.1,2,TX,01001
52.0,2.4,2,TX,01001
43.5,0.9,2,TX,01001
51.4,2.8,2,TX,01001
51.0,4.0,2,TX,01001
55.1,3.8,2,TX,01001
48.1,0.7,2,TX,01001
46.6,0.4,2,TX,01001
50.5,3.9,2,TX,01001
43.3,3.7,2,TX,01001
48.6,0.0,2,TX,01001
47.7,1.3,2,TX,01001
60.0,4.2,2,TX,01001
58.4,6.1,2,TX,01001
47.5,0.6,2,TX,01001
60.8,6.3,2,TX,01001
64.6,4.6,2,TX,01001
62.8,4.0,2,TX,01001
52.0,3.0,2,TX,01001
48.2,1.1,2,TX,01001
58.2,2.3,2,TX,01001
51.4,2.8,2,TX,01001
53.7,1.8,2,TX,01001
65.2,4.6,2,TX,01001
47.5,1.4,2,TX,01001
51.5,0.9,2,TX,01001
50.6,0.8,2,TX,01001
47.6,2.2,2,TX,01001
58.0,3.5,2,TX,01001
64.5,5.3,2,TX,01001
47.5,1.9,2,TX,01001
49.4,3.2,2,TX,01001
42.7,1.5,2,TX,01001
51.7,1.7,2,TX,01001
60.5,3.3,2,TX,01001
59.1,4.4,2,TX,01001
56.8,4.6,2,TX,01001
54.1,3.2,2,TX,01001
60.0,5.9,2,TX,01001
53.0,3.0,2,TX,01001
40.2,2.0,2,TX,01001
60.3,2.9,2,TX,01001
52.4,1.6,2,TX,01001
49.0,0.7,2,TX,01001
44.0,1.1,2,TX,01001
45.1,0.5,2,TX,01001
50.1,0.8,2,TX,01001
52.3,2.5,2,TX,01001
60.2,2.9,2,TX,01001
55.2,3.5,2,TX,01001
53.9,4.7,2,TX,01001
47.6,0.6,2,TX,01001
51.0,0.8,2,TX,01001
60.4,4.4,2,TX,01001
59.9,3.6,2,TX,01001
57.2,2.7,2,TX,01001
49.4,0.4,2,TX,01001
49.0,1.2,2,TX,01001
55.6,4.6,2,TX,01001
50.6,1.5,2,TX,01001
48.4,1.1,2,TX,01001
47.1,1.3,2,TX,01001
59.7,6.3,2,TX,01001
42.0,3.4,2,TX,01001
52.7,4.8,2,TX,01001
46.1,2.2,2,TX,01001
56.2,5.2,2,TX,01001
52.9,3.2,2,TX,01001
58.4,6.1,2,TX,01001
48.0,1.3,2,TX,01001
63.8,4.9,2,TX,01001
40.7,2.4,2,TX,01001
41.1,1.8,2,TX,01001
59.9,6.0,2,TX,01001
49.7,2.2,2,TX,01001
54.8,4.4,2,TX,01001
50.1,2.3,2,TX,01001
42.2,2.7,2,TX,01001
51.6,2.4,2,TX,01001
58.3,5.8,2,TX,01001
43.0,3.8,2,TX,01001
50.8,0.5,2,TX,01001
51.2,3.9,2,TX,01001
42.8,3.4,2,TX,01001
48.3,0.0,2,TX,01001
54.0,2.4,2,TX,01001
50.1,3.8,2,TX,01001
50.0,1.0,2,TX,01001
61.3,3.9,2,TX,01001
42.8,3.5,2,TX,01001
54.8,3.8,2,TX,01001
50.9,3.3,2,TX,01001
49.4,1.2,2,TX,01001
54.4,4.1,2,TX,01001
57.6,6.5,2,TX,01001
57.3,6.1,2,TX,01001
58.4,5.5,2,TX,01001
62.2,3.9,2,TX,01001
51.2,1.4,2,TX,01001
49.6,0.7,2,TX,01001
47.6,1.2,2,TX,01001
48.7,1.6,2,TX,01001
55.5,4.9,2,TX,01001
40.3,2.3,2,TX,01001
52.4,3.2,2,TX,01001
51.6,2.6,2,TX,01001
66.1,4.5,2,TX,01001
49.2,2.1,2,TX,01001
47.9,0.2,2,TX,01001
47.8,1.5,2,TX,01001
51.6,2.0,2,TX,01001
42.9,2.4,2,TX,01001
51.7,3.1,2,TX,01001
48.7,1.4,2,TX,01001
53.1,2.2,2,TX,01001
44.3,0.2,2,TX,01001
48.0,1.7,2,TX,01001
52.0,4.7,2,TX,01001
49.8,0.8,2,TX,01001
55.4,3.2,2,TX,01001
56.7,4.8,2,TX,01001
58.3,5.9,2,TX,01001
53.0,4.3,2,TX,01001
50.6,1.6,2,TX,01001
57.4,3.0,2,TX,01001
55.2,2.6,2,TX,01001
51.7,3.5,2,TX,01001
60.6,4.3,2,TX,01001
57.3,4.9,2,TX,01001
59.6,5.9,2,TX,01001
50.8,1.9,2,TX,01001
58.0,5.1,2,TX,01001
62.9,4.5,2,TX,01001
59.7,4.5,2,TX,01001
43.6,3.3,2,TX,01001
47.3,2.4,2,TX,01001
46.5,2.0,2,TX,01001
66.3,4.3,2,TX,01001
55.4,4.1,2,TX,01001
57.4,2.1,2,TX,01001
49.1,1.2,2,TX,01001
48.8,1.8,2,TX,01001
51.9,4.0,2,TX,01001
43.7,0.3,2,TX,01001
48.0,1.6,2,TX,01001
65.4,4.9,2,TX,01001
59.3,3.0,2,TX,01001
26.9,-4.5,2,UT,01001
25.0,-4.3,2,UT,01001
20.3,-4.8,2,UT,01001
22.6,-2.8,2,UT,01001
19.4,-3.4,2,UT,01001
28.8,-1.9,2,UT,01001
18.7,-3.8,2,UT,01001
27.2,-3.6,2,UT,01001
27.7,-3.2,2,UT,01001
29.3,-1.7,2,UT,01001
28.6,-3.1,2,UT,01001
27.3,-4.9,2,UT,01001
31.6,-3.4,2,UT,01001
27.5,-5.5,2,UT,01001
23.5,-2.4,2,UT,01001
25.7,-1.3,2,UT,01001
15.2,-6.0,2,UT,01001
29.3,-1.5,2,UT,01001
31.2,-3.4,2,UT,01001
23.9,-2.7,2,UT,01001
25.8,-2.2,2,UT,01001
20.5,-1.5,2,UT,01001
27.6,-4.8,2,UT,01001
16.6,-7.6,2,UT,01001
26.7,-2.1,2,UT,01001
22.2,-1.7,2,UT,01001
36.1,-3.3,2,UT,01001
28.8,-3.5,2,UT,01001
24.8,-2.4,2,UT,01001
23.0,5.5,2,VT,01001
25.7,7.4,2,VT,01001
20.6,5.9,2,VT,01001
24.1,7.1,2,VT,01001
19.1,5.7,2,VT,01001
22.1,6.4,2,VT,01001
21.9,5.0,2,VT,01001
21.7,6.9,2,VT,01001
23.3,6.8,2,VT,01001
19.8,5.9,2,VT,01001
23.9,6.1,2,VT,01001
21.9,6.4,2,VT,01001
26.3,7.0,2,VT,01001
24.8,6.9,2,VT,01001
46.0,8.4,2,VA,01001
46.2,10.1,2,VA,01001
43.2,9.0,2,VA,01001
48.1,9.5,2,VA,01001
46.3,10.0,2,VA,01001
47.6,10.4,2,VA,01001
44.3,9.1,2,VA,01001
43.5,10.0,2,VA,01001
42.2,9.2,2,VA,01001
47.8,10.5,2,VA,01001
43.3,9.7,2,VA,01001
45.5,9.1,2,VA,01001
48.8,9.3,2,VA,01001
45.0,9.0,2,VA,01001
47.2,9.7,2,VA,01001
48.6,11.3,2,VA,01001
46.4,9.2,2,VA,01001
45.0,10.5,2,VA,01001
48.5,8.3,2,VA,01001
48.4,10.5,2,VA,01001
48.2,8.8,2,VA,01001
42.6,9.8,2,VA,01001
43.7,9.4,2,VA,01001
44.8,9.7,2,VA,01001
47.3,9.3,2,VA,01001
45.0,8.7,2,VA,01001
48.8,9.2,2,VA,01001
45.9,8.1,2,VA,01001
44.6,9.7,2,VA,01001
44.1,10.3,2,VA,01001
43.9,10.5,2,VA,01001
46.6,9.4,2,VA,01001
47.9,10.4,2,VA,01001
41.5,9.2,2,VA,01001
43.7,9.9,2,VA,01001
47.9,8.3,2,VA,01001
46.8,9.0,2,VA,01001
43.6,10.5,2,VA,01001
44.7,10.4,2,VA,01001
49.0,8.8,2,VA,01001
48.8,10.2,2,VA,01001
47.0,8.8,2,VA,01001
47.9,8.7,2,VA,01001
48.5,9.8,2,VA,01001
39.2,9.2,2,VA,01001
49.9,8.9,2,VA,01001
48.5,8.4,2,VA,01001
46.5,7.9,2,VA,01001
46.4,9.7,2,VA,01001
46.9,8.2,2,VA,01001
46.0,7.9,2,VA,01001
46.2,8.6,2,VA,01001
43.8,10.6,2,VA,01001
46.0,9.3,2,VA,01001
48.4,9.9,2,VA,01001
44.1,10.1,2,VA,01001
47.7,8.4,2,VA,01001
48.9,9.7,2,VA,01001
46.6,7.9,2,VA,01001
45.7,10.7,2,VA,01001
45.6,10.0,2,VA,01001
47.6,8.2,2,VA,01001
48.0,9.0,2,VA,01001
45.7,8.4,2,VA,01001
48.4,9.8,2,VA,01001
45.4,9.6,2,VA,01001
42.9,10.2,2,VA,01001
46.8,9.7,2,VA,01001
48.6,10.1,2,VA,01001
47.4,9.1,2,VA,01001
47.9,10.0,2,VA,01001
49.0,8.5,2,VA,01001
45.2,10.3,2,VA,01001
45.6,10.7,2,VA,01001
43.1,9.9,2,VA,01001
45.4,7.7,2,VA,01001
46.8,10.4,2,VA,01001
44.2,9.0,2,VA,01001
43.3,10.3,2,VA,01001
45.5,9.8,2,VA,01001
46.5,8.8,2,VA,01001
42.6,9.7,2,VA,01001
44.3,10.2,2,VA,01001
49.9,9.2,2,VA,01001
45.6,9.5,2,VA,01001
45.9,10.1,2,VA,01001
49.2,8.7,2,VA,01001
49.4,9.1,2,VA,01001
43.3,9.8,2,VA,01001
42.5,9.6,2,VA,01001
46.2,9.9,2,VA,01001
45.5,8.4,2,VA,01001
43.7,8.3,2,VA,01001
44.8,10.4,2,VA,01001
48.9,8.6,2,VA,01001
44.9,9.2,2,VA,01001
47.5,9.7,2,VA,01001
45.4,8.9,2,VA,01001
46.6,10.1,2,VA,01001
50.9,9.5,2,VA,01001
48.6,8.3,2,VA,01001
44.8,8.9,2,VA,01001
49.6,9.9,2,VA,01001
49.0,8.7,2,VA,01001
44.2,9.7,2,VA,01001
43.9,9.1,2,VA,01001
50.1,9.1,2,VA,01001
45.8,9.8,2,VA,01001
45.3,10.6,2,VA,01001
49.8,8.8,2,VA,01001
44.7,10.3,2,VA,01001
48.6,8.1,2,VA,01001
48.3,11.1,2,VA,01001
45.1,10.4,2,VA,01001
44.8,10.0,2,VA,01001
48.5,9.7,2,VA,01001
49.7,8.8,2,VA,01001
50.6,9.1,2,VA,01001
43.5,8.1,2,VA,01001
48.7,8.5,2,VA,01001
49.5,8.8,2,VA,01001
50.8,9.1,2,VA,01001
46.0,10.7,2,VA,01001
47.9,8.7,2,VA,01001
48.4,10.5,2,VA,01001
48.3,10.6,2,VA,01001
45.0,10.6,2,VA,01001
50.5,9.2,2,VA,01001
50.8,9.5,2,VA,01001
45.1,10.5,2,VA,01001
48.6,8.5,2,VA,01001
41.9,9.3,2,VA,01001
34.1,0.9,2,WA,01001
33.3,0.5,2,WA,01001
36.4,-0.2,2,WA,01001
27.5,-0.6,2,WA,01001
37.0,-1.3,2,WA,01001
38.5,-2.2,2,WA,01001
32.2,-0.7,2,WA,01001
37.6,-1.5,2,WA,01001
29.6,-0.3,2,WA,01001
25.5,-0.8,2,WA,01001
36.4,0.7,2,WA,01001
33.2,0.0,2,WA,01001
33.8,1.0,2,WA,01001
39.6,-1.1,2,WA,01001
40.1,-1.2,2,WA,01001
34.7,-1.3,2,WA,01001
35.3,-1.6,2,WA,01001
40.2,-1.0,2,WA,01001
30.2,0.2,2,WA,01001
33.4,-0.6,2,WA,01001
35.0,-1.8,2,WA,01001
30.4,0.0,2,WA,01001
38.0,-0.6,2,WA,01001
25.1,-1.0,2,WA,01001
40.1,-1.4,2,WA,01001
25.3,-0.8,2,WA,01001
34.5,-1.8,2,WA,01001
39.6,-1.4,2,WA,01001
33.6,-1.2,2,WA,01001
31.9,-1.8,2,WA,01001
34.0,-1.7,2,WA,01001
31.4,0.5,2,WA,01001
26.8,-1.3,2,WA,01001
39.5,-1.4,2,WA,01001
39.5,-1.7,2,WA,01001
36.4,-0.4,2,WA,01001
31.3,-1.4,2,WA,01001
34.6,0.8,2,WA,01001
31.2,-0.7,2,WA,01001
41.0,9.4,2,WV,01001
41.2,9.3,2,WV,01001
43.9,8.3,2,WV,01001
42.3,8.1,2,WV,01001
38.3,8.3,2,WV,01001
44.6,9.0,2,WV,01001
42.4,8.8,2,WV,01001
43.0,8.2,2,WV,01001
41.9,9.4,2,WV,01001
42.5,9.0,2,WV,01001
42.8,9.3,2,WV,01001
39.7,8.9,2,WV,01001
41.0,9.7,2,WV,01001
40.7,8.7,2,WV,01001
37.3,7.8,2,WV,01001
40.6,8.9,2,WV,01001
42.0,9.7,2,WV,01001
42.0,7.7,2,WV,01001
42.3,9.8,2,WV,01001
43.8,8.2,2,WV,01001
42.4,9.2,2,WV,01001
44.9,8.6,2,WV,01001
44.6,8.2,2,WV,01001
44.5,9.1,2,WV,01001
41.2,9.4,2,WV,01001
38.5,7.6,2,WV,01001
41.8,7.3,2,WV,01001
42.6,8.8,2,WV,01001
40.6,8.5,2,WV,01001
45.2,8.1,2,WV,01001
40.4,9.3,2,WV,01001
43.2,9.6,2,WV,01001
40.6,8.9,2,WV,01001
41.2,8.6,2,WV,01001
38.4,8.2,2,WV,01001
40.0,9.5,2,WV,01001
41.9,9.6,2,WV,01001
37.8,9.4,2,WV,01001
38.8,9.6,2,WV,01001
43.9,8.6,2,WV,01001
42.6,9.3,2,WV,01001
37.7,9.2,2,WV,01001
42.4,9.7,2,WV,01001
42.3,8.1,2,WV,01001
43.6,9.5,2,WV,01001
41.4,9.5,2,WV,01001
37.3,9.3,2,WV,01001
41.1,9.0,2,WV,01001
41.1,9.1,2,WV,01001
45.4,9.2,2,WV,01001
39.0,7.9,2,WV,01001
39.8,8.2,2,WV,01001
42.4,9.1,2,WV,01001
43.0,9.9,2,WV,01001
43.9,9.0,2,WV,01001
24.2,6.6,2,WI,01001
17.3,4.6,2,WI,01001
16.8,3.0,2,WI,01001
17.3,4.6,2,WI,01001
25.0,7.0,2,WI,01001
21.2,3.8,2,WI,01001
17.0,3.8,2,WI,01001
24.6,6.4,2,WI,01001
18.7,3.6,2,WI,01001
20.6,5.7,2,WI,01001
25.8,6.4,2,WI,01001
25.1,4.8,2,WI,01001
26.6,6.1,2,WI,01001
25.0,5.1,2,WI,01001
24.2,6.0,2,WI,01001
16.6,4.2,2,WI,01001
18.5,2.9,2,WI,01001
20.5,4.8,2,WI,01001
19.8,6.6,2,WI,01001
25.1,6.1,2,WI,01001
19.7,6.8,2,WI,01001
25.8,4.6,2,WI,01001
26.7,5.3,2,WI,01001
24.7,6.0,2,WI,01001
25.5,5.1,2,WI,01001
16.6,4.4,2,WI,01001
21.6,5.4,2,WI,01001
27.0,5.7,2,WI,01001
23.6,5.9,2,WI,01001
30.1,6.8,2,WI,01001
24.9,6.6,2,WI,01001
23.4,4.9,2,WI,01001
25.3,4.0,2,WI,01001
19.6,6.0,2,WI,01001
18.6,5.1,2,WI,01001
25.6,6.5,2,WI,01001
20.4,5.8,2,WI,01001
22.7,6.8,2,WI,01001
24.8,6.4,2,WI,01001
22.1,6.7,2,WI,01001
30.0,7.3,2,WI,01001
22.1,4.7,2,WI,01001
23.0,6.6,2,WI,01001
18.6,5.8,2,WI,01001
24.8,7.2,2,WI,01001
27.5,6.2,2,WI,01001
20.0,2.9,2,WI,01001
17.7,1.6,2,WI,01001
17.4,3.4,2,WI,01001
22.9,6.7,2,WI,01001
17.0,4.4,2,WI,01001
29.5,6.7,2,WI,01001
25.7,5.8,2,WI,01001
27.4,5.4,2,WI,01001
17.1,3.2,2,WI,01001
17.6,2.5,2,WI,01001
25.3,5.9,2,WI,01001
17.0,5.0,2,WI,01001
22.7,6.7,2,WI,01001
26.4,6.6,2,WI,01001
18.3,4.5,2,WI,01001
21.8,4.8,2,WI,01001
23.5,4.7,2,WI,01001
17.8,5.7,2,WI,01001
26.6,4.6,2,WI,01001
16.5,3.9,2,WI,01001
25.5,5.6,2,WI,01001
27.7,6.5,2,WI,01001
24.1,7.1,2,WI,01001
24.6,7.2,2,WI,01001
25.0,6.7,2,WI,01001
22.3,6.1,2,WI,01001
20.6,-1.5,2,WY,01001
20.6,-1.4,2,WY,01001
23.8,-0.1,2,WY,01001
18.7,-3.4,2,WY,01001
22.0,-3.0,2,WY,01001
25.1,2.3,2,WY,01001
17.2,-4.4,2,WY,01001
27.3,-0.5,2,WY,01001
21.5,-2.4,2,WY,01001
23.6,-0.4,2,WY,01001
26.9,-0.2,2,WY,01001
14.7,-4.5,2,WY,01001
21.0,-2.9,2,WY,01001
25.8,0.5,2,WY,01001
20.1,-0.7,2,WY,01001
27.0,-0.4,2,WY,01001
21.8,-0.7,2,WY,01001
11.8,-4.2,2,WY,01001
14.6,-6.8,2,WY,01001
15.2,-2.6,2,WY,01001
16.7,-4.6,2,WY,01001
20.2,-3.5,2,WY,01001
23.9,0.7,2,WY,01001
59.9,3.8,3,AL,01001
64.7,5.1,3,AL,01001
61.2,4.1,3,AL,01001
57.4,2.8,3,AL,01001
55.6,3.6,3,AL,01001
60.3,4.1,3,AL,01001
61.6,4.5,3,AL,01001
56.3,3.7,3,AL,01001
56.7,3.3,3,AL,01001
55.1,3.2,3,AL,01001
58.3,3.6,3,AL,01001
61.3,4.3,3,AL,01001
61.8,4.3,3,AL,01001
56.1,3.3,3,AL,01001
55.8,4.2,3,AL,01001
62.1,4.0,3,AL,01001
54.5,3.7,3,AL,01001
62.2,4.2,3,AL,01001
57.7,3.3,3,AL,01001
62.5,4.4,3,AL,01001
61.2,4.3,3,AL,01001
55.2,3.6,3,AL,01001
62.4,4.0,3,AL,01001
60.4,3.7,3,AL,01001
53.2,2.6,3,AL,01001
59.2,3.4,3,AL,01001
63.0,4.2,3,AL,01001
55.5,3.2,3,AL,01001
56.6,3.2,3,AL,01001
54.7,3.8,3,AL,01001
62.8,3.9,3,AL,01001
58.2,2.4,3,AL,01001
58.2,2.5,3,AL,01001
62.5,4.2,3,AL,01001
63.3,4.0,3,AL,01001
53.4,2.8,3,AL,01001
56.2,2.8,3,AL,01001
56.9,3.4,3,AL,01001
53.5,3.1,3,AL,01001
53.9,2.8,3,AL,01001
58.4,3.5,3,AL,01001
53.1,2.2,3,AL,01001
61.0,4.1,3,AL,01001
59.6,3.6,3,AL,01001
53.4,2.4,3,AL,01001
59.8,3.2,3,AL,01001
55.5,3.5,3,AL,01001
54.8,3.2,3,AL,01001
64.6,5.4,3,AL,01001
62.0,4.2,3,AL,01001
60.3,3.7,3,AL,01001
54.3,2.9,3,AL,01001
58.7,3.0,3,AL,01001
57.4,2.7,3,AL,01001
61.2,4.2,3,AL,01001
56.1,3.8,3,AL,01001
59.8,3.6,3,AL,01001
56.1,3.3,3,AL,01001
57.0,3.1,3,AL,01001
59.1,2.9,3,AL,01001
57.0,3.2,3,AL,01001
57.3,3.2,3,AL,01001
57.0,2.4,3,AL,01001
55.8,2.7,3,AL,01001
62.8,4.8,3,AL,01001
61.1,3.8,3,AL,01001
54.7,3.2,3,AL,01001
38.5,-1.4,3,AZ,01001
51.0,-0.4,3,AZ,01001
38.8,-3.1,3,AZ,01001
46.1,-2.5,3,AZ,01001
49.6,-1.0,3,AZ,01001
45.3,-1.1,3,AZ,01001
58.1,-2.3,3,AZ,01001
56.8,-2.3,3,AZ,01001
46.5,-4.4,3,AZ,01001
39.1,-2.2,3,AZ,01001
55.5,-1.3,3,AZ,01001
55.8,-1.7,3,AZ,01001
49.0,-1.8,3,AZ,01001
45.3,-2.8,3,AZ,01001
60.7,-0.9,3,AZ,01001
55.5,2.3,3,AR,01001
58.6,3.7,3,AR,01001
48.3,0.9,3,AR,01001
48.8,1.2,3,AR,01001
47.8,0.8,3,AR,01001
57.7,3.4,3,AR,01001
56.8,2.5,3,AR,01001
47.5,0.5,3,AR,01001
58.4,3.3,3,AR,01001
54.8,1.5,3,AR,01001
50.1,1.3,3,AR,01001
51.2,1.6,3,AR,01001
56.3,2.5,3,AR,01001
56.7,1.7,3,AR,01001
52.9,1.9,3,AR,01001
50.8,1.1,3,AR,01001
51.3,1.5,3,AR,01001
53.6,2.0,3,AR,01001
51.8,0.5,3,AR,01001
55.2,1.6,3,AR,01001
56.8,2.8,3,AR,01001
57.7,3.5,3,AR,01001
52.3,1.0,3,AR,01001
50.9,1.1,3,AR,01001
48.3,1.4,3,AR,01001
54.1,2.4,3,AR,01001
55.3,2.0,3,AR,01001
50.3,1.1,3,AR,01001
56.2,2.5,3,AR,01001
54.7,1.9,3,AR,01001
54.3,2.0,3,AR,01001
50.1,0.7,3,AR,01001
48.6,0.7,3,AR,01001
50.6,0.4,3,AR,01001
55.8,2.4,3,AR,01001
50.4,1.2,3,AR,01001
58.0,3.0,3,AR,01001
49.8,0.7,3,AR,01001
54.0,1.6,3,AR,01001
56.9,3.2,3,AR,01001
57.5,3.8,3,AR,01001
52.1,1.3,3,AR,01001
54.1,1.5,3,AR,01001
48.3,1.4,3,AR,01001
48.4,1.0,3,AR,01001
59.2,4.2,3,AR,01001
51.2,0.9,3,AR,01001
54.5,2.0,3,AR,01001
53.1,2.0,3,AR,01001
55.7,1.6,3,AR,01001
47.6,0.8,3,AR,01001
55.9,1.4,3,AR,01001
53.7,2.2,3,AR,01001
54.9,2.0,3,AR,01001
53.6,1.4,3,AR,01001
51.2,0.8,3,AR,01001
52.1,1.9,3,AR,01001
51.7,1.9,3,AR,01001
54.4,1.9,3,AR,01001
53.9,1.5,3,AR,01001
49.5,1.2,3,AR,01001
53.3,1.3,3,AR,01001
54.3,2.2,3,AR,01001
52.2,1.8,3,AR,01001
48.5,1.0,3,AR,01001
52.8,1.9,3,AR,01001
55.5,2.8,3,AR,01001
48.4,0.5,3,AR,01001
49.2,1.0,3,AR,01001
58.1,3.2,3,AR,01001
50.2,1.3,3,AR,01001
49.5,1.7,3,AR,01001
52.4,1.2,3,AR,01001
52.3,0.8,3,AR,01001
53.0,1.8,3,AR,01001
48.5,-3.4,3,CA,01001
28.3,-5.2,3,CA,01001
42.7,-5.7,3,CA,01001
45.3,-5.0,3,CA,01001
43.1,-5.6,3,CA,01001
46.6,-5.7,3,CA,01001
48.6,-4.4,3,CA,01001
37.6,-5.8,3,CA,01001
37.8,-6.0,3,CA,01001
41.4,-4.0,3,CA,01001
45.1,-5.5,3,CA,01001
41.6,-4.6,3,CA,01001
62.0,-1.1,3,CA,01001
43.9,-5.7,3,CA,01001
47.2,-4.4,3,CA,01001
52.2,-2.4,3,CA,01001
41.1,-6.6,3,CA,01001
30.0,-6.9,3,CA,01001
48.5,-3.6,3,CA,01001
42.4,-3.8,3,CA,01001
47.5,-3.5,3,CA,01001
39.9,-5.3,3,CA,01001
42.6,-5.2,3,CA,01001
50.4,-3.3,3,CA,01001
29.9,-6.5,3,CA,01001
26.4,-6.9,3,CA,01001
48.0,-2.7,3,CA,01001
46.9,-4.2,3,CA,01001
36.0,-6.5,3,CA,01001
53.6,-2.8,3,CA,01001
37.9,-6.0,3,CA,01001
30.4,-7.2,3,CA,01001
54.9,-2.6,3,CA,01001
50.6,-3.7,3,CA,01001
45.6,-3.8,3,CA,01001
51.2,-4.2,3,CA,01001
50.6,-2.8,3,CA,01001
49.4,-3.2,3,CA,01001
51.2,-2.8,3,CA,01001
48.1,-2.7,3,CA,01001
48.7,-2.5,3,CA,01001
47.8,-2.1,3,CA,01001
46.3,-3.9,3,CA,01001
48.6,-2.1,3,CA,01001
38.4,-6.8,3,CA,01001
30.6,-6.4,3,CA,01001
32.7,-6.3,3,CA,01001
49.9,-3.8,3,CA,01001
46.3,-4.3,3,CA,01001
49.5,-3.6,3,CA,01001
50.5,-4.0,3,CA,01001
42.5,-6.1,3,CA,01001
36.6,-6.3,3,CA,01001
39.4,-4.5,3,CA,01001
33.4,-6.7,3,CA,01001
45.7,-2.8,3,CA,01001
49.1,-4.6,3,CA,01001
46.5,-5.2,3,CA,01001
35.0,-2.2,3,CO,01001
32.2,-0.3,3,CO,01001
34.1,-2.8,3,CO,01001
28.3,-4.1,3,CO,01001
41.6,-0.2,3,CO,01001
40.3,-1.3,3,CO,01001
28.4,-4.5,3,CO,01001
35.7,-2.8,3,CO,01001
22.1,-4.7,3,CO,01001
37.4,-1.4,3,CO,01001
20.9,-4.7,3,CO,01001
27.8,-1.8,3,CO,01001
28.7,-2.5,3,CO,01001
38.7,-1.1,3,CO,01001
28.5,-1.7,3,CO,01001
30.6,-4.4,3,CO,01001
36.2,-2.2,3,CO,01001
27.1,-4.6,3,CO,01001
32.6,-2.6,3,CO,01001
22.8,-4.9,3,CO,01001
33.2,-2.1,3,CO,01001
34.6,-1.2,3,CO,01001
31.5,-2.9,3,CO,01001
26.4,-5.0,3,CO,01001
22.4,-5.4,3,CO,01001
19.9,-5.4,3,CO,01001
21.1,-5.1,3,CO,01001
19.3,-4.7,3,CO,01001
33.5,-2.0,3,CO,01001
18.2,-6.1,3,CO,01001
30.9,-3.6,3,CO,01001
38.7,-1.5,3,CO,01001
36.3,-1.9,3,CO,01001
17.9,-4.9,3,CO,01001
28.8,-4.8,3,CO,01001
25.6,-4.1,3,CO,01001
38.0,-1.5,3,CO,01001
35.4,-2.1,3,CO,01001
33.4,-3.6,3,CO,01001
31.7,-3.7,3,CO,01001
20.8,-4.2,3,CO,01001
23.9,-7.3,3,CO,01001
33.6,-3.7,3,CO,01001
32.2,-3.3,3,CO,01001
35.1,-1.4,3,CO,01001
40.1,-1.4,3,CO,01001
26.6,-2.8,3,CO,01001
23.2,-3.7,3,CO,01001
34.1,-2.8,3,CO,01001
20.8,-5.3,3,CO,01001
40.2,-1.4,3,CO,01001
39.0,-1.4,3,CO,01001
26.3,-5.6,3,CO,01001
27.4,-1.5,3,CO,01001
21.6,-5.6,3,CO,01001
24.8,-3.5,3,CO,01001
18.5,-5.0,3,CO,01001
29.2,-3.8,3,CO,01001
33.5,-3.5,3,CO,01001
18.9,-4.8,3,CO,01001
26.6,-2.1,3,CO,01001
33.5,-3.5,3,CO,01001
33.8,-2.4,3,CO,01001
35.7,-2.2,3,CO,01001
40.2,3.5,3,CT,01001
39.1,3.4,3,CT,01001
36.3,3.0,3,CT,01001
39.7,3.4,3,CT,01001
39.3,3.0,3,CT,01001
40.0,3.8,3,CT,01001
38.5,3.5,3,CT,01001
38.6,3.4,3,CT,01001
45.0,2.3,3,DE,01001
44.4,2.8,3,DE,01001
46.2,2.9,3,DE,01001
66.3,4.0,3,FL,01001
65.3,4.5,3,FL,01001
64.7,4.4,3,FL,01001
66.0,4.3,3,FL,01001
70.8,5.2,3,FL,01001
74.7,5.5,3,FL,01001
64.6,4.7,3,FL,01001
72.3,5.0,3,FL,01001
68.8,5.2,3,FL,01001
66.8,5.0,3,FL,01001
73.2,4.6,3,FL,01001
65.3,4.3,3,FL,01001
71.0,4.4,3,FL,01001
66.1,4.7,3,FL,01001
66.3,5.3,3,FL,01001
65.1,5.3,3,FL,01001
69.2,6.1,3,FL,01001
65.7,5.2,3,FL,01001
64.9,5.1,3,FL,01001
66.0,4.4,3,FL,01001
71.8,4.5,3,FL,01001
65.4,5.0,3,FL,01001
64.9,4.5,3,FL,01001
70.9,4.8,3,FL,01001
72.4,4.4,3,FL,01001
69.7,5.6,3,FL,01001
70.9,4.3,3,FL,01001
70.9,5.4,3,FL,01001
63.4,4.0,3,FL,01001
70.8,4.7,3,FL,01001
64.0,4.1,3,FL,01001
65.6,5.6,3,FL,01001
66.1,5.2,3,FL,01001
70.8,6.2,3,FL,01001
74.0,6.0,3,FL,01001
65.7,5.7,3,FL,01001
66.9,4.6,3,FL,01001
65.2,5.2,3,FL,01001
65.4,5.3,3,FL,01001
70.8,4.8,3,FL,01001
68.7,5.3,3,FL,01001
73.1,5.4,3,FL,01001
74.8,5.2,3,FL,01001
74.8,4.8,3,FL,01001
65.6,5.2,3,FL,01001
64.5,5.3,3,FL,01001
71.2,4.6,3,FL,01001
71.3,5.9,3,FL,01001
70.9,5.0,3,FL,01001
73.7,5.3,3,FL,01001
70.0,5.4,3,FL,01001
71.0,5.2,3,FL,01001
70.8,5.0,3,FL,01001
68.1,5.3,3,FL,01001
67.6,5.6,3,FL,01001
72.1,5.1,3,FL,01001
64.9,5.2,3,FL,01001
70.7,4.1,3,FL,01001
71.1,5.9,3,FL,01001
70.0,5.7,3,FL,01001
65.7,4.8,3,FL,01001
66.2,5.5,3,FL,01001
65.6,4.2,3,FL,01001
70.3,6.1,3,FL,01001
66.0,5.7,3,FL,01001
63.9,4.7,3,FL,01001
64.1,4.2,3,FL,01001
62.6,4.3,3,GA,01001
62.9,4.2,3,GA,01001
62.9,4.4,3,GA,01001
63.3,4.6,3,GA,01001
59.4,4.4,3,GA,01001
55.2,3.7,3,GA,01001
55.8,4.1,3,GA,01001
53.7,2.6,3,GA,01001
61.9,4.4,3,GA,01001
62.4,3.9,3,GA,01001
59.2,4.0,3,GA,01001
60.2,3.8,3,GA,01001
64.2,5.3,3,GA,01001
63.0,3.8,3,GA,01001
62.3,4.0,3,GA,01001
62.2,4.9,3,GA,01001
59.0,3.4,3,GA,01001
58.1,4.8,3,GA,01001
62.5,4.3,3,GA,01001
65.2,5.4,3,GA,01001
61.8,4.6,3,GA,01001
56.0,4.6,3,GA,01001
53.7,3.5,3,GA,01001
65.0,5.0,3,GA,01001
62.4,4.2,3,GA,01001
59.7,3.6,3,GA,01001
53.9,3.0,3,GA,01001
53.2,2.8,3,GA,01001
56.0,3.7,3,GA,01001
61.9,4.1,3,GA,01001
56.3,3.9,3,GA,01001
64.0,4.4,3,GA,01001
54.8,3.7,3,GA,01001
62.4,4.2,3,GA,01001
62.1,3.6,3,GA,01001
57.9,3.5,3,GA,01001
62.3,3.6,3,GA,01001
56.9,4.4,3,GA,01001
59.0,4.0,3,GA,01001
62.2,5.3,3,GA,01001
52.8,3.2,3,GA,01001
52.4,3.1,3,GA,01001
64.3,4.8,3,GA,01001
55.7,4.0,3,GA,01001
60.5,3.5,3,GA,01001
61.4,5.0,3,GA,01001
62.7,4.4,3,GA,01001
55.8,4.4,3,GA,01001
63.1,4.4,3,GA,01001
64.3,4.3,3,GA,01001
62.0,4.6,3,GA,01001
56.3,4.2,3,GA,01001
60.3,3.7,3,GA,01001
62.4,4.4,3,GA,01001
49.2,2.2,3,GA,01001
56.7,4.1,3,GA,01001
54.5,3.0,3,GA,01001
53.8,3.5,3,GA,01001
54.9,3.3,3,GA,01001
55.6,4.1,3,GA,01001
50.5,2.5,3,GA,01001
58.1,3.3,3,GA,01001
64.4,5.0,3,GA,01001
53.6,2.6,3,GA,01001
64.2,4.9,3,GA,01001
57.6,4.3,3,GA,01001
55.3,4.1,3,GA,01001
52.9,3.2,3,GA,01001
54.5,3.8,3,GA,01001
58.5,4.1,3,GA,01001
55.4,4.6,3,GA,01001
57.9,3.6,3,GA,01001
55.2,3.7,3,GA,01001
56.7,4.2,3,GA,01001
56.8,3.9,3,GA,01001
60.2,4.1,3,GA,01001
62.1,4.4,3,GA,01001
55.8,4.0,3,GA,01001
58.9,5.5,3,GA,01001
62.0,4.2,3,GA,01001
58.4,3.0,3,GA,01001
60.2,4.2,3,GA,01001
59.6,3.3,3,GA,01001
59.2,4.7,3,GA,01001
58.0,4.4,3,GA,01001
63.0,3.9,3,GA,01001
60.1,3.4,3,GA,01001
62.4,4.8,3,GA,01001
62.4,3.8,3,GA,01001
57.2,3.8,3,GA,01001
62.6,3.8,3,GA,01001
63.3,4.0,3,GA,01001
51.5,3.0,3,GA,01001
57.6,3.5,3,GA,01001
63.4,4.4,3,GA,01001
60.4,4.5,3,GA,01001
55.7,3.9,3,GA,01001
59.6,4.0,3,GA,01001
57.3,3.9,3,GA,01001
63.6,4.6,3,GA,01001
63.2,4.4,3,GA,01001
58.7,4.6,3,GA,01001
61.2,3.9,3,GA,01001
57.8,4.8,3,GA,01001
52.8,2.9,3,GA,01001
59.2,3.5,3,GA,01001
57.3,4.6,3,GA,01001
56.4,3.9,3,GA,01001
56.4,4.0,3,GA,01001
54.9,3.8,3,GA,01001
59.4,3.9,3,GA,01001
52.1,2.7,3,GA,01001
63.8,5.0,3,GA,01001
57.5,4.0,3,GA,01001
55.5,4.2,3,GA,01001
60.9,4.3,3,GA,01001
59.2,5.3,3,GA,01001
60.8,3.7,3,GA,01001
50.7,3.1,3,GA,01001
61.3,4.1,3,GA,01001
58.4,3.2,3,GA,01001
56.4,4.1,3,GA,01001
60.4,4.4,3,GA,01001
60.7,4.4,3,GA,01001
63.9,4.3,3,GA,01001
57.4,4.1,3,GA,01001
54.1,2.8,3,GA,01001
60.2,3.8,3,GA,01001
61.5,4.8,3,GA,01001
58.5,3.9,3,GA,01001
57.3,3.9,3,GA,01001
62.4,4.2,3,GA,01001
59.3,4.1,3,GA,01001
61.4,3.9,3,GA,01001
61.8,4.4,3,GA,01001
63.5,4.3,3,GA,01001
62.1,4.3,3,GA,01001
61.8,4.1,3,GA,01001
49.3,2.9,3,GA,01001
60.5,3.6,3,GA,01001
57.1,3.7,3,GA,01001
62.0,4.8,3,GA,01001
59.7,3.8,3,GA,01001
49.0,2.4,3,GA,01001
58.2,4.0,3,GA,01001
53.5,3.5,3,GA,01001
56.4,4.3,3,GA,01001
64.2,4.8,3,GA,01001
57.6,3.5,3,GA,01001
59.2,3.5,3,GA,01001
63.1,4.4,3,GA,01001
60.7,4.3,3,GA,01001
61.0,3.6,3,GA,01001
51.9,3.2,3,GA,01001
53.7,3.4,3,GA,01001
61.6,4.6,3,GA,01001
57.0,4.1,3,GA,01001
59.7,3.8,3,GA,01001
62.2,4.5,3,GA,01001
37.1,-5.2,3,ID,01001
27.3,-5.5,3,ID,01001
27.8,-5.5,3,ID,01001
20.6,-6.8,3,ID,01001
34.2,-2.0,3,ID,01001
25.8,-7.2,3,ID,01001
23.6,-6.7,3,ID,01001
26.6,-5.9,3,ID,01001
31.9,-1.9,3,ID,01001
23.9,-5.7,3,ID,01001
30.0,-1.1,3,ID,01001
21.0,-8.6,3,ID,01001
23.8,-5.3,3,ID,01001
38.5,-4.9,3,ID,01001
24.1,-5.4,3,ID,01001
29.3,-5.7,3,ID,01001
21.0,-6.2,3,ID,01001
31.9,-2.2,3,ID,01001
20.2,-6.4,3,ID,01001
30.3,-5.7,3,ID,01001
26.8,-5.1,3,ID,01001
22.0,-4.6,3,ID,01001
34.1,-5.3,3,ID,01001
32.3,-5.1,3,ID,01001
28.5,-3.3,3,ID,01001
23.0,-8.1,3,ID,01001
33.0,-5.1,3,ID,01001
34.7,-1.1,3,ID,01001
35.7,-1.4,3,ID,01001
23.0,-5.3,3,ID,01001
33.5,-2.8,3,ID,01001
29.3,-5.7,3,ID,01001
24.5,-5.3,3,ID,01001
29.6,-5.6,3,ID,01001
37.7,-1.9,3,ID,01001
28.2,-6.0,3,ID,01001
30.6,-6.4,3,ID,01001
37.9,-4.3,3,ID,01001
27.7,-6.8,3,ID,01001
30.8,-1.8,3,ID,01001
23.1,-3.7,3,ID,01001
30.6,-6.6,3,ID,01001
23.3,-4.9,3,ID,01001
31.6,-6.2,3,ID,01001
40.6,0.2,3,IL,01001
47.7,1.3,3,IL,01001
44.1,1.3,3,IL,01001
35.5,1.1,3,IL,01001
40.5,0.2,3,IL,01001
38.0,1.5,3,IL,01001
42.7,0.3,3,IL,01001
36.4,1.6,3,IL,01001
40.8,0.3,3,IL,01001
40.4,1.5,3,IL,01001
42.3,1.4,3,IL,01001
42.9,1.7,3,IL,01001
44.0,1.2,3,IL,01001
44.6,1.2,3,IL,01001
41.9,1.3,3,IL,01001
37.8,1.5,3,IL,01001
43.8,1.6,3,IL,01001
42.6,1.3,3,IL,01001
36.6,1.4,3,IL,01001
40.9,2.0,3,IL,01001
41.5,1.7,3,IL,01001
37.3,1.4,3,IL,01001
41.5,1.3,3,IL,01001
44.7,0.8,3,IL,01001
42.9,1.1,3,IL,01001
43.2,0.9,3,IL,01001
39.4,1.4,3,IL,01001
45.9,1.3,3,IL,01001
40.2,0.9,3,IL,01001
46.3,0.7,3,IL,01001
42.2,0.1,3,IL,01001
38.1,1.1,3,IL,01001
45.4,0.9,3,IL,01001
39.9,0.5,3,IL,01001
46.6,0.6,3,IL,01001
38.9,0.6,3,IL,01001
37.9,1.3,3,IL,01001
38.6,0.7,3,IL,01001
45.6,0.7,3,IL,01001
43.5,1.4,3,IL,01001
45.3,1.4,3,IL,01001
43.1,0.5,3,IL,01001
35.1,1.0,3,IL,01001
46.0,0.4,3,IL,01001
36.4,1.0,3,IL,01001
37.9,0.6,3,IL,01001
37.1,0.6,3,IL,01001
38.4,0.9,3,IL,01001
36.7,2.0,3,IL,01001
37.9,1.1,3,IL,01001
44.4,1.3,3,IL,01001
37.3,1.8,3,IL,01001
39.2,1.8,3,IL,01001
41.4,1.7,3,IL,01001
39.1,0.1,3,IL,01001
35.3,1.1,3,IL,01001
40.2,2.3,3,IL,01001
41.5,1.6,3,IL,01001
42.8,1.0,3,IL,01001
44.4,1.2,3,IL,01001
44.0,0.9,3,IL,01001
39.0,1.4,3,IL,01001
41.2,1.1,3,IL,01001
47.8,1.4,3,IL,01001
41.1,0.9,3,IL,01001
38.2,0.9,3,IL,01001
45.3,0.8,3,IL,01001
43.2,1.5,3,IL,01001
41.1,0.4,3,IL,01001
41.4,1.1,3,IL,01001
36.5,1.7,3,IL,01001
40.3,2.1,3,IL,01001
45.5,1.3,3,IL,01001
41.0,1.8,3,IL,01001
41.3,0.0,3,IL,01001
46.1,0.2,3,IL,01001
47.9,1.5,3,IL,01001
38.6,1.1,3,IL,01001
44.8,0.4,3,IL,01001
44.1,1.0,3,IL,01001
38.3,1.6,3,IL,01001
44.6,0.6,3,IL,01001
45.8,0.5,3,IL,01001
41.6,1.1,3,IL,01001
40.2,0.2,3,IL,01001
41.3,0.0,3,IL,01001
41.9,0.8,3,IL,01001
38.6,1.5,3,IL,01001
34.9,1.0,3,IL,01001
40.8,2.0,3,IL,01001
46.0,0.5,3,IL,01001
39.8,0.6,3,IL,01001
45.0,1.1,3,IL,01001
38.1,0.4,3,IL,01001
44.9,1.1,3,IL,01001
44.7,1.0,3,IL,01001
45.4,0.6,3,IL,01001
37.7,1.9,3,IL,01001
37.4,0.4,3,IL,01001
45.7,0.7,3,IL,01001
35.7,1.2,3,IL,01001
39.6,2.0,3,IL,01001
38.9,1.8,3,IN,01001
38.4,1.7,3,IN,01001
43.5,1.9,3,IN,01001
38.7,1.0,3,IN,01001
39.6,1.5,3,IN,01001
39.6,1.4,3,IN,01001
42.5,1.6,3,IN,01001
39.1,1.0,3,IN,01001
38.5,0.9,3,IN,01001
45.0,1.4,3,IN,01001
42.4,1.8,3,IN,01001
39.2,1.1,3,IN,01001
44.0,0.3,3,IN,01001
44.4,2.1,3,IN,01001
43.4,1.9,3,IN,01001
42.7,1.7,3,IN,01001
37.4,1.7,3,IN,01001
40.8,2.2,3,IN,01001
44.3,1.1,3,IN,01001
36.8,1.4,3,IN,01001
41.2,1.8,3,IN,01001
45.5,1.7,3,IN,01001
39.8,0.8,3,IN,01001
42.3,1.9,3,IN,01001
37.8,1.3,3,IN,01001
45.6,1.6,3,IN,01001
39.7,1.4,3,IN,01001
43.1,2.0,3,IN,01001
40.1,1.2,3,IN,01001
41.1,1.5,3,IN,01001
45.5,1.5,3,IN,01001
40.5,1.3,3,IN,01001
40.8,2.2,3,IN,01001
39.0,0.9,3,IN,01001
38.6,1.3,3,IN,01001
43.7,1.5,3,IN,01001
37.8,0.7,3,IN,01001
39.4,1.6,3,IN,01001
44.6,2.0,3,IN,01001
43.8,1.7,3,IN,01001
42.0,1.7,3,IN,01001
44.5,1.7,3,IN,01001
37.4,1.3,3,IN,01001
36.8,1.6,3,IN,01001
37.3,0.6,3,IN,01001
36.9,0.9,3,IN,01001
42.9,1.1,3,IN,01001
40.9,1.9,3,IN,01001
40.9,1.1,3,IN,01001
37.4,1.6,3,IN,01001
43.8,1.8,3,IN,01001
38.5,0.9,3,IN,01001
42.0,1.2,3,IN,01001
40.0,1.5,3,IN,01001
41.8,1.5,3,IN,01001
38.1,0.8,3,IN,01001
37.0,1.4,3,IN,01001
44.3,2.1,3,IN,01001
43.4,0.7,3,IN,01001
42.2,1.7,3,IN,01001
40.4,0.6,3,IN,01001
44.7,-0.0,3,IN,01001
45.0,1.8,3,IN,01001
36.8,0.5,3,IN,01001
46.3,1.0,3,IN,01001
37.8,1.0,3,IN,01001
40.7,1.1,3,IN,01001
39.9,2.0,3,IN,01001
43.1,1.8,3,IN,01001
41.5,1.8,3,IN,01001
37.0,1.5,3,IN,01001
44.4,1.6,3,IN,01001
42.5,1.9,3,IN,01001
45.7,0.7,3,IN,01001
37.5,1.2,3,IN,01001
36.8,2.1,3,IN,01001
43.9,2.3,3,IN,01001
44.9,2.3,3,IN,01001
39.7,1.4,3,IN,01001
39.6,1.3,3,IN,01001
41.2,1.7,3,IN,01001
46.6,1.4,3,IN,01001
40.6,0.6,3,IN,01001
42.7,1.8,3,IN,01001
38.5,1.0,3,IN,01001
39.3,0.8,3,IN,01001
46.0,1.5,3,IN,01001
43.7,1.2,3,IN,01001
40.2,1.6,3,IN,01001
38.9,1.6,3,IN,01001
38.7,1.1,3,IN,01001
37.8,1.3,3,IN,01001
35.4,-0.4,3,IA,01001
36.4,-0.1,3,IA,01001
32.1,0.2,3,IA,01001
37.4,-0.6,3,IA,01001
34.2,-0.6,3,IA,01001
34.3,-0.3,3,IA,01001
33.9,0.2,3,IA,01001
34.5,-0.5,3,IA,01001
32.7,0.2,3,IA,01001
33.5,0.2,3,IA,01001
30.1,-2.3,3,IA,01001
32.3,-0.4,3,IA,01001
32.5,-1.2,3,IA,01001
33.8,-0.3,3,IA,01001
35.7,-0.5,3,IA,01001
36.5,0.8,3,IA,01001
30.8,-0.7,3,IA,01001
30.2,-2.5,3,IA,01001
31.3,-0.1,3,IA,01001
36.8,-0.4,3,IA,01001
28.7,-2.9,3,IA,01001
33.3,0.5,3,IA,01001
37.8,2.1,3,IA,01001
34.2,-0.2,3,IA,01001
35.7,-0.5,3,IA,01001
37.8,-0.4,3,IA,01001
37.2,-0.7,3,IA,01001
34.3,1.2,3,IA,01001
38.8,0.7,3,IA,01001
26.7,-3.9,3,IA,01001
34.8,1.1,3,IA,01001
27.6,-3.1,3,IA,01001
32.2,0.2,3,IA,01001
31.5,-0.3,3,IA,01001
31.6,-0.7,3,IA,01001
37.8,-0.8,3,IA,01001
34.2,-0.6,3,IA,01001
33.4,-0.3,3,IA,01001
34.8,-0.6,3,IA,01001
32.6,-1.2,3,IA,01001
30.2,-1.4,3,IA,01001
32.9,-0.6,3,IA,01001
35.1,-1.0,3,IA,01001
37.7,-0.2,3,IA,01001
30.1,-0.1,3,IA,01001
31.0,-2.1,3,IA,01001
32.3,-1.3,3,IA,01001
36.1,0.3,3,IA,01001
36.7,1.8,3,IA,01001
35.6,-0.4,3,IA,01001
36.6,-1.1,3,IA,01001
36.5,0.5,3,IA,01001
36.3,1.9,3,IA,01001
36.7,0.1,3,IA,01001
29.1,-2.5,3,IA,01001
39.2,0.1,3,IA,01001
35.4,1.0,3,IA,01001
38.1,0.6,3,IA,01001
37.0,-0.5,3,IA,01001
26.3,-5.3,3,IA,01001
36.4,-0.2,3,IA,01001
37.4,0.5,3,IA,01001
36.4,-1.0,3,IA,01001
34.4,-0.4,3,IA,01001
36.8,-1.0,3,IA,01001
30.5,-0.3,3,IA,01001
34.1,-1.1,3,IA,01001
37.4,-0.3,3,IA,01001
36.8,-0.4,3,IA,01001
37.0,0.1,3,IA,01001
28.3,-3.5,3,IA,01001
26.1,-4.8,3,IA,01001
37.8,-0.1,3,IA,01001
28.8,-2.9,3,IA,01001
30.6,-2.7,3,IA,01001
30.2,-2.7,3,IA,01001
35.9,-0.6,3,IA,01001
35.6,-1.2,3,IA,01001
35.9,0.4,3,IA,01001
36.9,-0.5,3,IA,01001
32.2,-1.2,3,IA,01001
37.9,1.7,3,IA,01001
34.7,-0.6,3,IA,01001
28.2,-4.3,3,IA,01001
34.7,-0.2,3,IA,01001
34.4,-0.2,3,IA,01001
37.4,0.1,3,IA,01001
36.3,-0.3,3,IA,01001
37.5,-1.0,3,IA,01001
37.6,0.0,3,IA,01001
36.5,-0.8,3,IA,01001
36.5,-0.3,3,IA,01001
37.1,-0.7,3,IA,01001
32.5,-1.4,3,IA,01001
29.3,-1.6,3,IA,01001
31.3,0.6,3,IA,01001
32.7,-1.6,3,IA,01001
29.9,-0.8,3,IA,01001
31.2,-1.5,3,IA,01001
44.9,-0.0,3,KS,01001
43.9,-0.2,3,KS,01001
40.9,-0.5,3,KS,01001
45.9,0.9,3,KS,01001
41.3,-0.9,3,KS,01001
44.9,-0.2,3,KS,01001
40.2,-0.3,3,KS,01001
45.2,0.8,3,KS,01001
43.5,0.3,3,KS,01001
46.6,0.0,3,KS,01001
47.1,0.2,3,KS,01001
36.9,-1.8,3,KS,01001
44.8,-0.0,3,KS,01001
41.7,0.0,3,KS,01001
41.2,0.2,3,KS,01001
45.4,1.5,3,KS,01001
45.4,0.5,3,KS,01001
46.6,0.8,3,KS,01001
45.7,-0.2,3,KS,01001
37.2,-1.8,3,KS,01001
43.1,0.6,3,KS,01001
40.4,-0.8,3,KS,01001
43.1,-0.1,3,KS,01001
43.2,0.4,3,KS,01001
45.2,-0.3,3,KS,01001
40.0,-1.3,3,KS,01001
42.9,0.6,3,KS,01001
41.3,-0.2,3,KS,01001
43.0,0.1,3,KS,01001
43.8,0.2,3,KS,01001
42.7,0.4,3,KS,01001
38.7,-1.7,3,KS,01001
38.5,-1.9,3,KS,01001
42.3,-0.4,3,KS,01001
42.1,-0.2,3,KS,01001
37.9,-2.0,3,KS,01001
45.1,0.7,3,KS,01001
40.1,-1.6,3,KS,01001
46.2,0.6,3,KS,01001
44.8,0.9,3,KS,01001
42.3,-0.3,3,KS,01001
42.5,0.1,3,KS,01001
41.0,-0.3,3,KS,01001
42.0,-0.2,3,KS,01001
39.6,-0.1,3,KS,01001
43.0,0.1,3,KS,01001
41.1,-0.5,3,KS,01001
45.0,0.4,3,KS,01001
44.0,0.3,3,KS,01001
46.8,-0.1,3,KS,01001
39.9,-0.8,3,KS,01001
42.5,0.1,3,KS,01001
42.1,0.4,3,KS,01001
44.1,-0.3,3,KS,01001
38.4,-1.6,3,KS,01001
44.2,1.1,3,KS,01001
43.6,0.6,3,KS,01001
43.4,0.3,3,KS,01001
38.8,-1.4,3,KS,01001
44.2,-0.1,3,KS,01001
43.6,0.0,3,KS,01001
40.8,-0.2,3,KS,01001
46.8,-0.2,3,KS,01001
42.5,0.2,3,KS,01001
43.4,-0.0,3,KS,01001
39.1,-1.0,3,KS,01001
45.7,-0.2,3,KS,01001
40.4,-1.4,3,KS,01001
37.9,-1.5,3,KS,01001
43.8,0.7,3,KS,01001
40.4,-0.5,3,KS,01001
42.3,0.4,3,KS,01001
41.7,-0.7,3,KS,01001
38.5,-1.4,3,KS,01001
41.1,-0.3,3,KS,01001
44.3,0.6,3,KS,01001
36.7,-2.1,3,KS,01001
44.4,0.5,3,KS,01001
39.6,-0.1,3,KS,01001
43.2,0.3,3,KS,01001
41.8,-0.0,3,KS,01001
39.2,-1.6,3,KS,01001
40.5,-1.4,3,KS,01001
41.7,0.0,3,KS,01001
43.1,0.5,3,KS,01001
39.8,-0.7,3,KS,01001
45.9,1.1,3,KS,01001
43.7,-0.1,3,KS,01001
42.9,0.4,3,KS,01001
37.5,-2.0,3,KS,01001
36.8,-1.7,3,KS,01001
39.0,-1.0,3,KS,01001
42.7,-0.2,3,KS,01001
42.0,-0.7,3,KS,01001
43.3,-0.1,3,KS,01001
46.6,0.8,3,KS,01001
36.9,-2.0,3,KS,01001
39.0,-2.0,3,KS,01001
42.4,0.2,3,KS,01001
37.7,-1.6,3,KS,01001
39.1,-1.0,3,KS,01001
38.9,-1.3,3,KS,01001
46.1,0.1,3,KS,01001
45.7,0.9,3,KS,01001
42.8,0.1,3,KS,01001
48.1,2.4,3,KY,01001
49.0,1.5,3,KY,01001
46.8,2.9,3,KY,01001
49.0,2.2,3,KY,01001
48.6,1.7,3,KY,01001
45.7,1.6,3,KY,01001
47.4,2.0,3,KY,01001
44.0,1.9,3,KY,01001
45.7,2.5,3,KY,01001
45.4,1.5,3,KY,01001
47.1,2.9,3,KY,01001
44.3,1.7,3,KY,01001
47.1,1.4,3,KY,01001
46.1,1.1,3,KY,01001
46.9,2.0,3,KY,01001
49.1,2.4,3,KY,01001
49.1,2.1,3,KY,01001
48.7,0.5,3,KY,01001
44.1,1.7,3,KY,01001
49.6,2.4,3,KY,01001
45.6,2.3,3,KY,01001
44.8,1.4,3,KY,01001
47.1,2.4,3,KY,01001
50.0,2.6,3,KY,01001
46.4,2.5,3,KY,01001
47.8,2.1,3,KY,01001
48.8,2.4,3,KY,01001
47.9,1.5,3,KY,01001
49.2,2.2,3,KY,01001
47.0,1.2,3,KY,01001
49.0,2.5,3,KY,01001
45.3,1.3,3,KY,01001
47.2,2.1,3,KY,01001
46.6,3.3,3,KY,01001
44.9,1.5,3,KY,01001
47.3,1.2,3,KY,01001
46.4,2.7,3,KY,01001
50.2,2.1,3,KY,01001
45.3,2.3,3,KY,01001
47.4,2.9,3,KY,01001
44.8,2.1,3,KY,01001
49.2,1.6,3,KY,01001
47.8,2.2,3,KY,01001
48.2,2.4,3,KY,01001
44.5,1.4,3,KY,01001
45.8,0.4,3,KY,01001
47.0,2.1,3,KY,01001
46.2,2.1,3,KY,01001
45.3,2.3,3,KY,01001
48.4,2.4,3,KY,01001
47.4,1.5,3,KY,01001
45.4,2.1,3,KY,01001
50.0,2.4,3,KY,01001
49.3,2.4,3,KY,01001
46.8,2.0,3,KY,01001
46.3,1.7,3,KY,01001
47.2,3.3,3,KY,01001
46.4,1.3,3,KY,01001
43.9,1.7,3,KY,01001
46.8,1.3,3,KY,01001
48.2,2.2,3,KY,01001
47.5,2.3,3,KY,01001
47.5,2.0,3,KY,01001
46.0,1.4,3,KY,01001
47.2,1.6,3,KY,01001
47.4,2.0,3,KY,01001
46.2,1.4,3,KY,01001
44.3,1.3,3,KY,01001
47.0,2.6,3,KY,01001
47.8,1.1,3,KY,01001
49.2,1.8,3,KY,01001
48.8,1.4,3,KY,01001
49.0,2.2,3,KY,01001
47.8,2.0,3,KY,01001
48.4,2.1,3,KY,01001
47.2,2.6,3,KY,01001
46.5,1.4,3,KY,01001
47.4,2.4,3,KY,01001
48.7,1.1,3,KY,01001
46.8,1.1,3,KY,01001
44.3,1.6,3,KY,01001
45.8,1.2,3,KY,01001
45.8,1.4,3,KY,01001
47.3,3.2,3,KY,01001
48.1,1.9,3,KY,01001
48.7,1.6,3,KY,01001
46.0,2.2,3,KY,01001
45.9,1.3,3,KY,01001
49.3,2.4,3,KY,01001
47.0,2.1,3,KY,01001
45.2,2.0,3,KY,01001
48.0,2.0,3,KY,01001
45.1,1.5,3,KY,01001
45.6,2.5,3,KY,01001
47.5,1.7,3,KY,01001
44.7,1.9,3,KY,01001
47.1,1.5,3,KY,01001
47.4,1.5,3,KY,01001
46.6,1.8,3,KY,01001
47.6,2.1,3,KY,01001
44.7,1.8,3,KY,01001
47.0,2.1,3,KY,01001
45.0,1.1,3,KY,01001
48.1,2.3,3,KY,01001
46.0,2.9,3,KY,01001
45.6,2.1,3,KY,01001
49.4,2.0,3,KY,01001
46.3,2.1,3,KY,01001
47.7,2.4,3,KY,01001
49.6,2.2,3,KY,01001
49.5,1.7,3,KY,01001
45.1,1.9,3,KY,01001
47.5,1.3,3,KY,01001
49.4,2.2,3,KY,01001
47.0,2.5,3,KY,01001
48.1,2.2,3,KY,01001
48.4,2.0,3,KY,01001
48.1,1.9,3,KY,01001
46.4,1.4,3,KY,01001
47.1,3.4,3,KY,01001
65.6,4.6,3,LA,01001
64.4,4.4,3,LA,01001
65.8,5.1,3,LA,01001
66.2,5.0,3,LA,01001
63.5,4.0,3,LA,01001
64.5,5.0,3,LA,01001
61.0,4.9,3,LA,01001
60.5,4.5,3,LA,01001
60.8,4.3,3,LA,01001
65.6,5.0,3,LA,01001
61.9,4.8,3,LA,01001
66.1,4.9,3,LA,01001
63.2,4.9,3,LA,01001
58.9,3.6,3,LA,01001
63.5,4.8,3,LA,01001
61.4,4.4,3,LA,01001
65.6,5.5,3,LA,01001
60.2,4.2,3,LA,01001
64.3,5.1,3,LA,01001
64.2,4.2,3,LA,01001
61.8,4.4,3,LA,01001
62.4,4.2,3,LA,01001
66.2,5.1,3,LA,01001
65.8,5.1,3,LA,01001
60.9,4.8,3,LA,01001
66.1,4.3,3,LA,01001
65.2,4.1,3,LA,01001
66.2,5.2,3,LA,01001
66.3,4.4,3,LA,01001
63.3,5.2,3,LA,01001
60.0,4.5,3,LA,01001
65.1,5.0,3,LA,01001
61.6,4.7,3,LA,01001
59.7,4.0,3,LA,01001
61.9,4.1,3,LA,01001
65.8,4.8,3,LA,01001
60.6,4.3,3,LA,01001
65.9,4.4,3,LA,01001
65.0,4.8,3,LA,01001
63.0,4.0,3,LA,01001
61.7,4.9,3,LA,01001
61.0,4.3,3,LA,01001
62.3,4.7,3,LA,01001
65.6,4.7,3,LA,01001
66.2,4.5,3,LA,01001
63.5,4.7,3,LA,01001
66.0,4.9,3,LA,01001
65.8,4.8,3,LA,01001
64.9,4.5,3,LA,01001
66.1,5.1,3,LA,01001
66.2,4.9,3,LA,01001
64.6,4.7,3,LA,01001
63.8,4.4,3,LA,01001
62.5,4.8,3,LA,01001
66.6,4.6,3,LA,01001
59.5,4.0,3,LA,01001
66.3,4.9,3,LA,01001
63.2,4.8,3,LA,01001
63.3,4.5,3,LA,01001
59.8,4.0,3,LA,01001
65.8,5.4,3,LA,01001
59.8,3.9,3,LA,01001
64.4,4.8,3,LA,01001
61.9,4.7,3,LA,01001
34.0,4.4,3,ME,01001
27.4,4.7,3,ME,01001
34.2,3.5,3,ME,01001
28.1,4.4,3,ME,01001
33.8,4.0,3,ME,01001
34.0,4.6,3,ME,01001
34.2,3.7,3,ME,01001
34.7,4.0,3,ME,01001
30.8,4.5,3,ME,01001
31.5,4.3,3,ME,01001
28.2,4.4,3,ME,01001
34.9,4.0,3,ME,01001
28.1,4.3,3,ME,01001
33.5,4.1,3,ME,01001
33.3,4.6,3,ME,01001
34.3,2.5,3,ME,01001
41.6,1.6,3,MD,01001
46.9,2.9,3,MD,01001
44.4,3.0,3,MD,01001
47.2,2.8,3,MD,01001
45.5,2.1,3,MD,01001
43.0,2.5,3,MD,01001
44.2,2.6,3,MD,01001
47.9,3.0,3,MD,01001
47.2,3.0,3,MD,01001
43.7,2.5,3,MD,01001
38.1,2.0,3,MD,01001
43.9,2.4,3,MD,01001
44.8,3.0,3,MD,01001
45.1,2.1,3,MD,01001
45.4,3.0,3,MD,01001
46.5,2.5,3,MD,01001
45.4,2.1,3,MD,01001
47.8,3.0,3,MD,01001
47.9,3.4,3,MD,01001
45.9,1.8,3,MD,01001
42.8,2.0,3,MD,01001
47.2,3.2,3,MD,01001
47.4,3.4,3,MD,01001
46.7,3.7,3,MD,01001
46.6,2.4,3,MD,01001
39.7,3.3,3,MA,01001
33.7,2.8,3,MA,01001
40.2,3.5,3,MA,01001
40.4,3.5,3,MA,01001
38.1,3.2,3,MA,01001
35.4,3.2,3,MA,01001
37.0,2.9,3,MA,01001
36.1,2.7,3,MA,01001
38.5,3.5,3,MA,01001
40.0,3.6,3,MA,01001
40.0,4.1,3,MA,01001
40.5,4.0,3,MA,01001
40.1,4.1,3,MA,01001
37.1,3.6,3,MA,01001
31.0,3.5,3,MI,01001
26.3,1.7,3,MI,01001
35.9,1.7,3,MI,01001
30.5,3.4,3,MI,01001
30.6,3.3,3,MI,01001
33.6,3.7,3,MI,01001
23.8,1.0,3,MI,01001
35.4,2.1,3,MI,01001
34.2,2.9,3,MI,01001
31.6,3.5,3,MI,01001
37.0,1.5,3,MI,01001
36.4,2.0,3,MI,01001
36.0,2.4,3,MI,01001
36.5,1.6,3,MI,01001
30.5,3.2,3,MI,01001
29.7,3.5,3,MI,01001
26.3,2.7,3,MI,01001
32.0,3.2,3,MI,01001
35.3,2.5,3,MI,01001
29.7,3.0,3,MI,01001
27.3,1.3,3,MI,01001
25.5,1.1,3,MI,01001
35.6,2.5,3,MI,01001
29.5,3.5,3,MI,01001
35.3,2.9,3,MI,01001
33.3,3.5,3,MI,01001
23.6,0.3,3,MI,01001
31.3,3.7,3,MI,01001
34.3,2.4,3,MI,01001
36.5,2.6,3,MI,01001
25.3,1.5,3,MI,01001
33.8,3.6,3,MI,01001
35.6,2.8,3,MI,01001
34.7,2.1,3,MI,01001
32.4,3.7,3,MI,01001
23.2,0.4,3,MI,01001
33.7,3.2,3,MI,01001
35.9,2.7,3,MI,01001
36.3,2.1,3,MI,01001
30.2,3.2,3,MI,01001
34.6,2.1,3,MI,01001
26.0,2.7,3,MI,01001
31.9,2.3,3,MI,01001
35.0,3.0,3,MI,01001
31.2,3.6,3,MI,01001
37.7,3.1,3,MI,01001
35.2,2.8,3,MI,01001
24.8,1.2,3,MI,01001
26.6,2.2,3,MI,01001
36.7,3.1,3,MI,01001
31.6,2.4,3,MI,01001
25.0,1.6,3,MI,01001
32.1,1.8,3,MI,01001
32.9,3.0,3,MI,01001
27.6,0.9,3,MI,01001
34.3,2.9,3,MI,01001
30.2,2.9,3,MI,01001
38.4,3.0,3,MI,01001
33.6,2.5,3,MI,01001
30.3,3.6,3,MI,01001
35.2,3.0,3,MI,01001
33.5,2.8,3,MI,01001
35.8,3.1,3,MI,01001
33.3,2.5,3,MI,01001
31.9,3.8,3,MI,01001
24.6,0.7,3,MI,01001
31.2,2.8,3,MI,01001
30.3,3.4,3,MI,01001
29.6,3.6,3,MI,01001
35.7,2.3,3,MI,01001
30.0,3.5,3,MI,01001
31.0,3.5,3,MI,01001
34.7,2.5,3,MI,01001
35.9,2.9,3,MI,01001
36.8,1.9,3,MI,01001
34.2,2.9,3,MI,01001
26.6,1.6,3,MI,01001
35.1,2.5,3,MI,01001
34.4,2.7,3,MI,01001
36.3,1.6,3,MI,01001
36.0,2.5,3,MI,01001
37.3,2.8,3,MI,01001
30.6,3.0,3,MI,01001
20.9,-3.3,3,MN,01001
26.2,-2.5,3,MN,01001
17.5,-5.9,3,MN,01001
18.6,-2.9,3,MN,01001
23.0,-3.8,3,MN,01001
19.5,-8.3,3,MN,01001
26.6,-4.1,3,MN,01001
24.0,-6.1,3,MN,01001
21.6,-2.5,3,MN,01001
26.6,-2.7,3,MN,01001
20.4,-3.4,3,MN,01001
20.7,-7.7,3,MN,01001
25.6,-2.5,3,MN,01001
15.7,-9.3,3,MN,01001
17.6,-4.5,3,MN,01001
19.7,-0.6,3,MN,01001
23.0,-6.5,3,MN,01001
20.9,-4.1,3,MN,01001
28.0,-1.9,3,MN,01001
28.3,-0.9,3,MN,01001
19.9,-5.3,3,MN,01001
27.8,-3.1,3,MN,01001
29.8,-0.2,3,MN,01001
28.9,-1.3,3,MN,01001
28.4,-1.2,3,MN,01001
18.8,-7.4,3,MN,01001
27.0,-2.1,3,MN,01001
31.8,0.5,3,MN,01001
19.4,-3.8,3,MN,01001
24.6,-3.2,3,MN,01001
20.3,-2.2,3,MN,01001
24.7,-5.2,3,MN,01001
22.7,-3.6,3,MN,01001
21.4,-6.0,3,MN,01001
13.9,-6.7,3,MN,01001
19.6,-1.7,3,MN,01001
20.9,-7.8,3,MN,01001
19.3,-2.0,3,MN,01001
19.1,-1.2,3,MN,01001
26.6,-3.7,3,MN,01001
21.8,-6.5,3,MN,01001
22.4,-6.8,3,MN,01001
24.8,-4.2,3,MN,01001
15.9,-7.0,3,MN,01001
14.6,-6.9,3,MN,01001
26.5,-3.9,3,MN,01001
22.7,-5.1,3,MN,01001
22.4,-3.8,3,MN,01001
22.0,-3.8,3,MN,01001
29.6,0.1,3,MN,01001
22.5,-6.5,3,MN,01001
25.9,-4.4,3,MN,01001
24.0,-6.1,3,MN,01001
14.7,-9.6,3,MN,01001
29.0,-0.5,3,MN,01001
18.5,-6.2,3,MN,01001
15.1,-7.0,3,MN,01001
23.7,-1.8,3,MN,01001
23.1,-5.9,3,MN,01001
14.5,-8.7,3,MN,01001
19.9,-6.3,3,MN,01001
27.4,-2.1,3,MN,01001
15.0,-7.7,3,MN,01001
22.8,-6.9,3,MN,01001
23.1,-6.1,3,MN,01001
27.1,-2.7,3,MN,01001
24.9,-5.6,3,MN,01001
15.8,-4.2,3,MN,01001
19.7,-2.2,3,MN,01001
26.9,-3.1,3,MN,01001
24.2,-3.5,3,MN,01001
25.7,-4.1,3,MN,01001
22.3,-4.2,3,MN,01001
27.7,-1.9,3,MN,01001
19.3,-7.6,3,MN,01001
20.0,-7.6,3,MN,01001
21.3,-3.8,3,MN,01001
18.6,-8.6,3,MN,01001
29.3,-0.8,3,MN,01001
20.3,-4.0,3,MN,01001
27.2,-3.0,3,MN,01001
27.4,-1.8,3,MN,01001
24.5,-5.8,3,MN,01001
17.4,-8.8,3,MN,01001
31.0,0.6,3,MN,01001
24.8,-3.4,3,MN,01001
22.0,-7.1,3,MN,01001
63.2,4.9,3,MS,01001
53.3,2.5,3,MS,01001
62.4,4.3,3,MS,01001
57.9,3.3,3,MS,01001
53.6,2.4,3,MS,01001
56.6,2.5,3,MS,01001
56.5,2.8,3,MS,01001
58.7,4.3,3,MS,01001
57.2,3.5,3,MS,01001
56.9,3.0,3,MS,01001
62.5,5.0,3,MS,01001
61.7,5.1,3,MS,01001
58.0,3.8,3,MS,01001
55.6,2.3,3,MS,01001
62.1,4.8,3,MS,01001
62.3,4.9,3,MS,01001
54.3,2.2,3,MS,01001
63.2,4.9,3,MS,01001
62.3,4.5,3,MS,01001
64.4,5.6,3,MS,01001
63.7,5.4,3,MS,01001
57.5,3.4,3,MS,01001
64.4,4.9,3,MS,01001
64.3,4.9,3,MS,01001
61.8,5.0,3,MS,01001
59.9,4.5,3,MS,01001
60.3,4.5,3,MS,01001
60.4,4.3,3,MS,01001
56.3,3.8,3,MS,01001
64.8,5.4,3,MS,01001
61.6,5.2,3,MS,01001
62.6,4.9,3,MS,01001
62.3,4.8,3,MS,01001
62.7,5.2,3,MS,01001
58.6,3.3,3,MS,01001
55.4,2.5,3,MS,01001
62.9,4.7,3,MS,01001
60.3,4.5,3,MS,01001
62.4,4.7,3,MS,01001
59.2,4.1,3,MS,01001
56.8,3.9,3,MS,01001
59.5,4.6,3,MS,01001
61.9,4.4,3,MS,01001
57.9,3.4,3,MS,01001
60.5,4.2,3,MS,01001
63.1,4.7,3,MS,01001
54.2,2.4,3,MS,01001
57.4,3.7,3,MS,01001
56.8,2.8,3,MS,01001
58.8,3.9,3,MS,01001
60.5,5.0,3,MS,01001
57.8,2.9,3,MS,01001
58.0,3.6,3,MS,01001
55.4,2.3,3,MS,01001
63.4,4.7,3,MS,01001
63.5,5.2,3,MS,01001
62.3,4.3,3,MS,01001
56.4,3.5,3,MS,01001
55.0,3.4,3,MS,01001
55.9,2.4,3,MS,01001
61.2,4.8,3,MS,01001
60.3,4.7,3,MS,01001
60.3,4.3,3,MS,01001
61.8,5.0,3,MS,01001
61.5,5.1,3,MS,01001
63.6,4.9,3,MS,01001
58.2,3.5,3,MS,01001
57.6,3.6,3,MS,01001
54.6,2.1,3,MS,01001
53.8,2.6,3,MS,01001
54.3,3.4,3,MS,01001
54.7,1.9,3,MS,01001
55.6,3.3,3,MS,01001
62.7,4.5,3,MS,01001
61.8,4.9,3,MS,01001
58.5,3.3,3,MS,01001
62.6,5.2,3,MS,01001
56.7,2.9,3,MS,01001
63.5,4.7,3,MS,01001
57.6,3.3,3,MS,01001
56.3,2.8,3,MS,01001
60.8,4.4,3,MS,01001
39.4,0.1,3,MO,01001
40.0,-0.4,3,MO,01001
39.4,0.0,3,MO,01001
41.8,0.3,3,MO,01001
46.7,0.4,3,MO,01001
45.4,-0.7,3,MO,01001
44.4,-0.2,3,MO,01001
44.2,0.2,3,MO,01001
44.9,-1.0,3,MO,01001
43.4,0.8,3,MO,01001
40.8,-0.5,3,MO,01001
48.6,0.6,3,MO,01001
40.0,-0.8,3,MO,01001
43.9,1.0,3,MO,01001
45.6,1.1,3,MO,01001
45.8,-0.1,3,MO,01001
41.3,-0.6,3,MO,01001
47.2,1.0,3,MO,01001
43.6,0.6,3,MO,01001
45.8,0.3,3,MO,01001
41.4,-0.4,3,MO,01001
45.1,-0.0,3,MO,01001
39.5,-0.0,3,MO,01001
41.4,-0.4,3,MO,01001
39.9,-0.8,3,MO,01001
45.3,1.2,3,MO,01001
43.7,0.7,3,MO,01001
43.6,-0.0,3,MO,01001
46.0,0.3,3,MO,01001
44.7,0.2,3,MO,01001
39.6,-0.9,3,MO,01001
39.5,-0.8,3,MO,01001
43.7,-0.4,3,MO,01001
46.0,0.8,3,MO,01001
50.4,1.3,3,MO,01001
43.8,0.3,3,MO,01001
43.7,0.3,3,MO,01001
39.2,-0.3,3,MO,01001
45.0,0.1,3,MO,01001
39.4,-1.1,3,MO,01001
38.6,-0.7,3,MO,01001
43.6,-0.6,3,MO,01001
44.6,0.1,3,MO,01001
40.3,-0.1,3,MO,01001
42.7,0.3,3,MO,01001
47.3,1.7,3,MO,01001
44.3,0.2,3,MO,01001
42.7,0.3,3,MO,01001
46.6,0.0,3,MO,01001
45.1,0.9,3,MO,01001
42.7,-0.1,3,MO,01001
39.4,-0.1,3,MO,01001
45.4,0.9,3,MO,01001
42.0,-0.2,3,MO,01001
45.7,0.0,3,MO,01001
39.9,-0.2,3,MO,01001
42.6,0.4,3,MO,01001
40.3,-0.6,3,MO,01001
40.7,-0.6,3,MO,01001
48.6,1.3,3,MO,01001
40.4,0.1,3,MO,01001
44.2,-0.7,3,MO,01001
44.9,0.5,3,MO,01001
40.5,-0.4,3,MO,01001
37.9,-1.3,3,MO,01001
45.7,1.3,3,MO,01001
49.5,2.1,3,MO,01001
44.6,1.1,3,MO,01001
40.8,-0.3,3,MO,01001
42.6,0.4,3,MO,01001
44.4,0.8,3,MO,01001
50.0,1.7,3,MO,01001
48.2,1.3,3,MO,01001
39.3,0.4,3,MO,01001
48.2,1.9,3,MO,01001
44.8,0.8,3,MO,01001
47.1,0.8,3,MO,01001
50.9,1.6,3,MO,01001
44.5,-0.5,3,MO,01001
43.4,0.2,3,MO,01001
44.8,0.3,3,MO,01001
41.8,0.2,3,MO,01001
41.8,-0.1,3,MO,01001
45.5,0.6,3,MO,01001
45.9,1.1,3,MO,01001
37.9,-0.8,3,MO,01001
41.2,-0.0,3,MO,01001
41.2,-0.2,3,MO,01001
41.0,-0.4,3,MO,01001
45.2,0.5,3,MO,01001
48.6,1.3,3,MO,01001
43.9,0.6,3,MO,01001
44.4,-0.7,3,MO,01001
44.6,-0.0,3,MO,01001
44.2,0.0,3,MO,01001
44.6,0.8,3,MO,01001
42.5,-0.1,3,MO,01001
38.7,0.0,3,MO,01001
39.0,0.0,3,MO,01001
48.0,1.1,3,MO,01001
46.3,1.1,3,MO,01001
39.6,-0.7,3,MO,01001
48.4,0.7,3,MO,01001
46.0,-0.2,3,MO,01001
38.9,-0.8,3,MO,01001
47.2,0.7,3,MO,01001
45.4,0.7,3,MO,01001
44.9,-0.8,3,MO,01001
43.1,0.5,3,MO,01001
44.2,0.5,3,MO,01001
46.2,-0.1,3,MO,01001
44.4,0.4,3,MO,01001
38.4,-0.0,3,MO,01001
45.3,0.9,3,MO,01001
44.9,0.8,3,MO,01001
20.9,-5.0,3,MT,01001
25.4,-6.9,3,MT,01001
17.9,-10.3,3,MT,01001
26.7,-4.2,3,MT,01001
25.6,-4.5,3,MT,01001
25.0,-4.8,3,MT,01001
25.0,-5.5,3,MT,01001
24.4,-6.3,3,MT,01001
25.3,-5.8,3,MT,01001
14.4,-9.3,3,MT,01001
19.6,-9.0,3,MT,01001
21.5,-5.0,3,MT,01001
21.5,-7.6,3,MT,01001
25.0,-5.9,3,MT,01001
26.6,-2.3,3,MT,01001
23.4,-4.1,3,MT,01001
22.7,-7.5,3,MT,01001
21.5,-5.1,3,MT,01001
25.8,-6.0,3,MT,01001
25.4,-2.8,3,MT,01001
17.1,-10.4,3,MT,01001
24.9,-4.0,3,MT,01001
24.6,-4.2,3,MT,01001
30.8,-2.2,3,MT,01001
25.3,-3.6,3,MT,01001
18.8,-9.2,3,MT,01001
30.1,-1.2,3,MT,01001
18.7,-9.5,3,MT,01001
23.6,-3.9,3,MT,01001
23.6,-3.6,3,MT,01001
29.8,-2.1,3,MT,01001
28.6,-2.4,3,MT,01001
26.3,-6.5,3,MT,01001
22.9,-3.7,3,MT,01001
25.5,-7.1,3,MT,01001
17.2,-11.5,3,MT,01001
23.1,-5.5,3,MT,01001
26.7,-5.4,3,MT,01001
24.8,-3.3,3,MT,01001
22.0,-7.7,3,MT,01001
26.9,-3.4,3,MT,01001
18.0,-9.5,3,MT,01001
16.4,-9.7,3,MT,01001
25.6,-6.2,3,MT,01001
30.7,-2.2,3,MT,01001
15.3,-8.8,3,MT,01001
23.0,-4.5,3,MT,01001
25.4,-5.8,3,MT,01001
24.6,-5.5,3,MT,01001
24.8,-4.2,3,MT,01001
20.7,-7.8,3,MT,01001
26.6,-6.2,3,MT,01001
15.4,-10.9,3,MT,01001
24.8,-5.3,3,MT,01001
20.2,-8.5,3,MT,01001
27.3,-6.4,3,MT,01001
36.6,-1.0,3,NE,01001
32.5,-2.0,3,NE,01001
32.7,-2.3,3,NE,01001
33.3,-1.5,3,NE,01001
31.9,-3.3,3,NE,01001
34.0,-0.9,3,NE,01001
30.9,-3.0,3,NE,01001
29.3,-5.0,3,NE,01001
30.4,-3.9,3,NE,01001
35.6,-1.1,3,NE,01001
34.6,-1.2,3,NE,01001
35.6,-1.0,3,NE,01001
37.2,-0.8,3,NE,01001
30.1,-3.8,3,NE,01001
35.5,-2.0,3,NE,01001
30.6,-3.0,3,NE,01001
33.0,-2.7,3,NE,01001
36.7,-1.1,3,NE,01001
35.4,-0.6,3,NE,01001
33.6,-1.8,3,NE,01001
33.3,-2.2,3,NE,01001
31.8,-2.9,3,NE,01001
31.0,-3.2,3,NE,01001
35.0,-2.2,3,NE,01001
33.4,-3.3,3,NE,01001
30.3,-4.0,3,NE,01001
35.4,-1.0,3,NE,01001
36.5,-0.8,3,NE,01001
36.3,-2.1,3,NE,01001
37.1,-0.9,3,NE,01001
37.3,-1.5,3,NE,01001
35.7,-2.1,3,NE,01001
37.0,-2.0,3,NE,01001
37.9,-1.1,3,NE,01001
32.4,-2.8,3,NE,01001
32.0,-2.3,3,NE,01001
35.7,-2.4,3,NE,01001
31.6,-2.4,3,NE,01001
33.8,-1.3,3,NE,01001
36.1,-0.8,3,NE,01001
36.5,-0.7,3,NE,01001
37.0,-2.0,3,NE,01001
35.0,-2.5,3,NE,01001
36.2,-2.4,3,NE,01001
30.0,-4.0,3,NE,01001
31.7,-2.8,3,NE,01001
35.2,-1.1,3,NE,01001
37.4,-1.4,3,NE,01001
38.3,-0.7,3,NE,01001
36.1,-1.3,3,NE,01001
33.7,-2.9,3,NE,01001
29.3,-4.3,3,NE,01001
31.5,-2.8,3,NE,01001
30.4,-3.9,3,NE,01001
37.6,-0.4,3,NE,01001
34.0,-2.6,3,NE,01001
32.6,-2.8,3,NE,01001
31.6,-3.0,3,NE,01001
32.5,-2.7,3,NE,01001
33.8,-1.2,3,NE,01001
36.1,-0.6,3,NE,01001
32.9,-2.5,3,NE,01001
35.1,-0.9,3,NE,01001
39.3,-0.3,3,NE,01001
38.1,-0.4,3,NE,01001
37.8,-0.9,3,NE,01001
38.6,-1.0,3,NE,01001
34.2,-2.6,3,NE,01001
35.8,-1.9,3,NE,01001
32.0,-2.3,3,NE,01001
34.8,-0.9,3,NE,01001
36.1,-0.6,3,NE,01001
36.8,-1.8,3,NE,01001
40.2,0.1,3,NE,01001
29.7,-4.2,3,NE,01001
37.5,-0.7,3,NE,01001
36.8,-0.9,3,NE,01001
36.5,-0.6,3,NE,01001
34.1,-1.6,3,NE,01001
36.9,-0.6,3,NE,01001
30.3,-3.2,3,NE,01001
34.7,-1.2,3,NE,01001
30.6,-2.7,3,NE,01001
33.9,-1.3,3,NE,01001
37.9,-0.8,3,NE,01001
31.7,-3.5,3,NE,01001
32.3,-2.6,3,NE,01001
33.1,-1.9,3,NE,01001
35.7,-1.0,3,NE,01001
31.2,-3.3,3,NE,01001
38.0,-0.7,3,NE,01001
33.0,-1.4,3,NE,01001
36.7,-0.8,3,NE,01001
36.4,-4.9,3,NV,01001
48.2,-4.7,3,NV,01001
32.2,-6.3,3,NV,01001
26.5,-7.8,3,NV,01001
36.8,-4.4,3,NV,01001
28.0,-7.3,3,NV,01001
32.4,-6.1,3,NV,01001
31.0,-6.1,3,NV,01001
38.2,-5.4,3,NV,01001
35.1,-6.0,3,NV,01001
34.2,-5.0,3,NV,01001
36.0,-4.4,3,NV,01001
35.0,-5.3,3,NV,01001
32.7,-7.0,3,NV,01001
31.5,-6.9,3,NV,01001
27.3,-7.0,3,NV,01001
33.7,-6.0,3,NV,01001
33.7,3.1,3,NH,01001
33.0,4.2,3,NH,01001
34.0,3.2,3,NH,01001
27.8,3.8,3,NH,01001
30.9,3.8,3,NH,01001
35.7,3.4,3,NH,01001
33.8,2.9,3,NH,01001
36.6,3.2,3,NH,01001
34.4,2.3,3,NH,01001
32.3,3.2,3,NH,01001
44.0,3.3,3,NJ,01001
41.7,3.4,3,NJ,01001
43.8,2.9,3,NJ,01001
44.1,2.8,3,NJ,01001
44.6,3.5,3,NJ,01001
44.2,2.9,3,NJ,01001
42.3,3.5,3,NJ,01001
44.2,2.7,3,NJ,01001
43.6,3.7,3,NJ,01001
40.5,3.1,3,NJ,01001
42.4,2.6,3,NJ,01001
42.8,3.2,3,NJ,01001
42.6,2.9,3,NJ,01001
39.6,3.0,3,NJ,01001
42.9,2.8,3,NJ,01001
39.6,3.0,3,NJ,01001
44.5,2.8,3,NJ,01001
41.6,3.1,3,NJ,01001
37.8,2.7,3,NJ,01001
42.9,3.6,3,NJ,01001
39.2,3.3,3,NJ,01001
42.4,-0.4,3,NM,01001
37.6,-0.9,3,NM,01001
53.0,4.0,3,NM,01001
37.3,-1.2,3,NM,01001
35.2,-1.4,3,NM,01001
48.5,2.8,3,NM,01001
50.9,3.9,3,NM,01001
53.1,1.8,3,NM,01001
54.7,2.8,3,NM,01001
45.7,0.0,3,NM,01001
46.2,1.9,3,NM,01001
43.9,0.7,3,NM,01001
49.2,-0.9,3,NM,01001
53.2,2.6,3,NM,01001
46.6,2.3,3,NM,01001
34.3,-2.2,3,NM,01001
51.4,0.7,3,NM,01001
37.7,-0.6,3,NM,01001
36.6,-0.5,3,NM,01001
49.6,1.8,3,NM,01001
48.2,1.7,3,NM,01001
32.2,-2.4,3,NM,01001
50.1,3.1,3,NM,01001
37.6,-1.9,3,NM,01001
39.1,-1.5,3,NM,01001
42.0,0.0,3,NM,01001
37.4,-1.4,3,NM,01001
48.6,0.8,3,NM,01001
44.7,0.7,3,NM,01001
30.0,-2.6,3,NM,01001
40.6,0.5,3,NM,01001
40.5,-0.4,3,NM,01001
44.6,-0.3,3,NM,01001
35.4,2.6,3,NY,01001
32.7,1.2,3,NY,01001
43.4,3.8,3,NY,01001
33.3,1.0,3,NY,01001
32.8,1.4,3,NY,01001
33.2,1.4,3,NY,01001
34.1,1.9,3,NY,01001
35.1,2.4,3,NY,01001
31.5,0.7,3,NY,01001
29.7,2.9,3,NY,01001
37.0,3.0,3,NY,01001
31.1,0.9,3,NY,01001
31.7,1.2,3,NY,01001
38.3,3.3,3,NY,01001
34.4,2.3,3,NY,01001
27.7,1.6,3,NY,01001
28.2,2.8,3,NY,01001
31.5,1.9,3,NY,01001
33.3,1.4,3,NY,01001
34.2,2.5,3,NY,01001
27.3,1.9,3,NY,01001
28.8,1.5,3,NY,01001
31.0,2.0,3,NY,01001
43.7,3.6,3,NY,01001
28.7,2.0,3,NY,01001
33.9,1.5,3,NY,01001
30.8,0.8,3,NY,01001
34.2,1.6,3,NY,01001
33.5,1.6,3,NY,01001
42.8,3.8,3,NY,01001
43.7,3.8,3,NY,01001
34.8,2.2,3,NY,01001
30.9,1.2,3,NY,01001
32.8,1.4,3,NY,01001
33.8,1.7,3,NY,01001
37.8,2.6,3,NY,01001
34.1,1.8,3,NY,01001
32.2,1.7,3,NY,01001
30.8,0.5,3,NY,01001
38.8,3.1,3,NY,01001
43.3,3.5,3,NY,01001
35.3,3.0,3,NY,01001
43.7,3.6,3,NY,01001
40.2,3.2,3,NY,01001
30.0,3.1,3,NY,01001
33.8,2.7,3,NY,01001
34.8,2.6,3,NY,01001
32.3,1.5,3,NY,01001
34.0,2.0,3,NY,01001
34.3,1.4,3,NY,01001
33.6,1.8,3,NY,01001
41.0,3.5,3,NY,01001
34.6,2.3,3,NY,01001
34.2,1.7,3,NY,01001
33.3,1.4,3,NY,01001
35.7,2.7,3,NY,01001
30.3,2.0,3,NY,01001
33.3,2.4,3,NY,01001
33.5,1.2,3,NY,01001
40.9,3.5,3,NY,01001
32.5,1.7,3,NY,01001
34.0,1.8,3,NY,01001
51.5,2.7,3,NC,01001
50.4,2.4,3,NC,01001
44.7,3.2,3,NC,01001
55.3,3.7,3,NC,01001
43.2,2.8,3,NC,01001
41.9,2.2,3,NC,01001
53.9,2.3,3,NC,01001
52.9,2.9,3,NC,01001
55.8,2.7,3,NC,01001
57.2,3.6,3,NC,01001
46.9,2.7,3,NC,01001
50.8,3.1,3,NC,01001
53.5,3.4,3,NC,01001
50.1,2.9,3,NC,01001
51.9,2.8,3,NC,01001
54.9,2.2,3,NC,01001
50.6,2.5,3,NC,01001
51.9,3.1,3,NC,01001
53.0,2.9,3,NC,01001
48.5,1.8,3,NC,01001
53.0,2.9,3,NC,01001
47.9,2.6,3,NC,01001
52.0,2.6,3,NC,01001
56.4,2.8,3,NC,01001
54.6,2.6,3,NC,01001
55.3,2.9,3,NC,01001
51.8,2.8,3,NC,01001
52.7,2.0,3,NC,01001
51.7,3.0,3,NC,01001
51.1,3.1,3,NC,01001
54.4,2.3,3,NC,01001
52.3,3.4,3,NC,01001
53.0,2.9,3,NC,01001
50.6,3.0,3,NC,01001
51.6,2.8,3,NC,01001
53.2,3.4,3,NC,01001
52.2,2.9,3,NC,01001
46.6,2.0,3,NC,01001
51.1,3.2,3,NC,01001
53.5,2.2,3,NC,01001
51.1,2.9,3,NC,01001
51.7,2.8,3,NC,01001
54.6,3.1,3,NC,01001
43.9,2.4,3,NC,01001
48.0,2.1,3,NC,01001
52.7,3.3,3,NC,01001
55.4,3.4,3,NC,01001
53.8,1.9,3,NC,01001
51.5,3.2,3,NC,01001
45.7,2.6,3,NC,01001
54.1,2.9,3,NC,01001
54.3,2.4,3,NC,01001
54.0,3.2,3,NC,01001
53.1,1.4,3,NC,01001
52.6,3.5,3,NC,01001
50.1,3.3,3,NC,01001
46.9,2.7,3,NC,01001
47.2,2.6,3,NC,01001
53.2,2.7,3,NC,01001
53.7,3.5,3,NC,01001
43.1,1.7,3,NC,01001
54.9,4.3,3,NC,01001
54.7,3.8,3,NC,01001
52.3,2.9,3,NC,01001
57.7,4.3,3,NC,01001
51.8,3.0,3,NC,01001
55.4,2.9,3,NC,01001
51.7,3.0,3,NC,01001
54.8,2.4,3,NC,01001
52.2,2.8,3,NC,01001
56.6,3.7,3,NC,01001
52.6,2.8,3,NC,01001
50.6,3.1,3,NC,01001
53.7,2.5,3,NC,01001
52.0,2.6,3,NC,01001
52.3,2.8,3,NC,01001
55.5,3.8,3,NC,01001
56.1,2.8,3,NC,01001
50.5,2.6,3,NC,01001
52.4,3.4,3,NC,01001
52.2,2.9,3,NC,01001
54.8,2.6,3,NC,01001
56.0,3.8,3,NC,01001
54.9,4.2,3,NC,01001
50.2,3.2,3,NC,01001
49.8,3.6,3,NC,01001
44.9,2.2,3,NC,01001
47.4,2.6,3,NC,01001
53.3,2.4,3,NC,01001
54.5,3.5,3,NC,01001
50.7,2.7,3,NC,01001
53.2,3.2,3,NC,01001
50.8,2.7,3,NC,01001
53.4,2.8,3,NC,01001
43.1,2.6,3,NC,01001
53.7,2.2,3,NC,01001
49.6,3.0,3,NC,01001
53.7,3.0,3,NC,01001
50.2,3.0,3,NC,01001
43.1,1.9,3,NC,01001
19.1,-8.3,3,ND,01001
13.1,-11.9,3,ND,01001
11.9,-10.4,3,ND,01001
18.5,-9.1,3,ND,01001
11.9,-10.3,3,ND,01001
20.3,-8.0,3,ND,01001
11.7,-10.6,3,ND,01001
12.2,-13.1,3,ND,01001
14.0,-11.6,3,ND,01001
10.8,-9.2,3,ND,01001
14.1,-12.7,3,ND,01001
13.3,-9.5,3,ND,01001
16.6,-10.0,3,ND,01001
12.5,-10.7,3,ND,01001
14.4,-12.5,3,ND,01001
12.2,-11.6,3,ND,01001
19.5,-8.7,3,ND,01001
12.9,-10.5,3,ND,01001
16.1,-11.0,3,ND,01001
12.0,-11.4,3,ND,01001
17.0,-10.1,3,ND,01001
10.6,-13.9,3,ND,01001
13.9,-12.3,3,ND,01001
12.3,-12.8,3,ND,01001
12.5,-11.3,3,ND,01001
13.3,-12.6,3,ND,01001
17.7,-9.0,3,ND,01001
13.6,-11.5,3,ND,01001
15.0,-11.3,3,ND,01001
14.8,-11.7,3,ND,01001
13.7,-10.4,3,ND,01001
12.1,-10.1,3,ND,01001
14.2,-12.0,3,ND,01001
12.6,-8.6,3,ND,01001
11.0,-11.1,3,ND,01001
12.2,-9.6,3,ND,01001
14.5,-12.0,3,ND,01001
12.2,-11.0,3,ND,01001
16.6,-10.2,3,ND,01001
11.2,-9.2,3,ND,01001
15.2,-11.8,3,ND,01001
10.6,-13.4,3,ND,01001
16.2,-11.5,3,ND,01001
19.3,-8.9,3,ND,01001
16.5,-10.6,3,ND,01001
11.5,-12.4,3,ND,01001
12.5,-12.4,3,ND,01001
11.5,-9.0,3,ND,01001
12.9,-11.8,3,ND,01001
12.6,-9.4,3,ND,01001
13.2,-11.0,3,ND,01001
10.9,-12.5,3,ND,01001
15.5,-9.1,3,ND,01001
43.5,1.4,3,OH,01001
39.8,2.3,3,OH,01001
38.3,2.0,3,OH,01001
36.7,2.5,3,OH,01001
43.3,2.2,3,OH,01001
39.6,1.9,3,OH,01001
40.3,1.2,3,OH,01001
43.0,1.5,3,OH,01001
42.8,2.1,3,OH,01001
39.1,1.8,3,OH,01001
40.0,1.7,3,OH,01001
41.5,2.4,3,OH,01001
43.4,1.8,3,OH,01001
42.3,2.3,3,OH,01001
38.4,1.7,3,OH,01001
40.0,1.7,3,OH,01001
39.1,2.6,3,OH,01001
39.0,3.0,3,OH,01001
40.7,2.4,3,OH,01001
38.8,2.3,3,OH,01001
40.5,1.7,3,OH,01001
38.9,2.2,3,OH,01001
41.2,1.2,3,OH,01001
41.8,2.1,3,OH,01001
41.9,1.9,3,OH,01001
38.6,2.9,3,OH,01001
44.0,1.1,3,OH,01001
37.3,3.0,3,OH,01001
42.4,2.6,3,OH,01001
41.0,1.8,3,OH,01001
43.5,1.8,3,OH,01001
40.2,3.0,3,OH,01001
40.5,3.2,3,OH,01001
39.7,1.5,3,OH,01001
39.3,2.6,3,OH,01001
42.1,1.6,3,OH,01001
41.8,1.5,3,OH,01001
39.0,1.8,3,OH,01001
38.3,1.9,3,OH,01001
43.4,1.7,3,OH,01001
39.6,1.0,3,OH,01001
38.8,1.3,3,OH,01001
38.0,3.0,3,OH,01001
44.6,1.3,3,OH,01001
40.0,1.2,3,OH,01001
39.2,1.7,3,OH,01001
38.5,1.9,3,OH,01001
40.2,3.6,3,OH,01001
41.6,2.4,3,OH,01001
38.2,2.4,3,OH,01001
40.2,2.5,3,OH,01001
38.9,2.5,3,OH,01001
43.7,1.5,3,OH,01001
39.1,1.5,3,OH,01001
41.7,2.7,3,OH,01001
41.5,1.5,3,OH,01001
42.8,3.0,3,OH,01001
42.5,2.1,3,OH,01001
39.0,1.9,3,OH,01001
41.4,2.0,3,OH,01001
42.1,2.2,3,OH,01001
39.9,3.1,3,OH,01001
39.2,2.2,3,OH,01001
41.3,1.6,3,OH,01001
42.2,1.5,3,OH,01001
43.4,1.8,3,OH,01001
38.8,3.5,3,OH,01001
41.1,2.1,3,OH,01001
39.6,2.3,3,OH,01001
38.3,2.3,3,OH,01001
42.8,1.8,3,OH,01001
39.7,2.7,3,OH,01001
43.9,1.6,3,OH,01001
39.4,2.6,3,OH,01001
39.9,1.9,3,OH,01001
39.7,3.2,3,OH,01001
39.8,3.6,3,OH,01001
37.7,2.7,3,OH,01001
39.8,1.7,3,OH,01001
40.0,1.6,3,OH,01001
39.1,1.7,3,OH,01001
42.8,1.8,3,OH,01001
43.2,2.4,3,OH,01001
43.6,2.3,3,OH,01001
38.9,2.2,3,OH,01001
37.9,2.4,3,OH,01001
40.3,3.3,3,OH,01001
40.6,3.3,3,OH,01001
50.3,1.4,3,OK,01001
47.5,0.7,3,OK,01001
54.6,2.1,3,OK,01001
45.5,0.1,3,OK,01001
50.9,2.0,3,OK,01001
48.4,0.3,3,OK,01001
56.4,3.2,3,OK,01001
50.1,0.5,3,OK,01001
49.4,0.6,3,OK,01001
55.0,2.2,3,OK,01001
50.7,1.2,3,OK,01001
56.1,3.2,3,OK,01001
43.1,-0.3,3,OK,01001
50.8,0.5,3,OK,01001
53.5,1.2,3,OK,01001
51.7,0.4,3,OK,01001
53.5,0.9,3,OK,01001
48.4,0.4,3,OK,01001
50.2,0.6,3,OK,01001
49.2,1.1,3,OK,01001
49.2,0.8,3,OK,01001
48.0,0.8,3,OK,01001
46.9,0.7,3,OK,01001
48.5,0.8,3,OK,01001
53.0,1.3,3,OK,01001
51.1,0.9,3,OK,01001
47.8,1.0,3,OK,01001
51.3,1.2,3,OK,01001
51.7,1.2,3,OK,01001
46.1,0.0,3,OK,01001
53.5,2.1,3,OK,01001
52.2,1.0,3,OK,01001
51.9,0.8,3,OK,01001
55.5,2.3,3,OK,01001
54.2,1.6,3,OK,01001
48.3,1.0,3,OK,01001
49.0,0.1,3,OK,01001
50.8,0.6,3,OK,01001
53.6,2.1,3,OK,01001
53.8,2.9,3,OK,01001
50.3,0.3,3,OK,01001
49.4,0.3,3,OK,01001
56.0,2.5,3,OK,01001
51.4,0.8,3,OK,01001
55.3,3.4,3,OK,01001
52.4,1.1,3,OK,01001
48.1,0.6,3,OK,01001
55.5,2.2,3,OK,01001
49.7,0.5,3,OK,01001
53.5,1.3,3,OK,01001
52.1,1.3,3,OK,01001
49.4,1.1,3,OK,01001
48.1,0.2,3,OK,01001
51.3,0.6,3,OK,01001
50.0,0.3,3,OK,01001
51.4,0.7,3,OK,01001
48.3,0.3,3,OK,01001
49.2,1.5,3,OK,01001
49.5,0.8,3,OK,01001
50.0,0.9,3,OK,01001
52.8,1.0,3,OK,01001
52.6,1.0,3,OK,01001
51.2,0.5,3,OK,01001
54.5,2.7,3,OK,01001
49.5,1.9,3,OK,01001
49.4,0.5,3,OK,01001
51.6,0.7,3,OK,01001
52.6,1.9,3,OK,01001
53.6,1.6,3,OK,01001
45.2,0.5,3,OK,01001
52.4,0.4,3,OK,01001
50.0,0.6,3,OK,01001
50.9,0.8,3,OK,01001
48.2,0.3,3,OK,01001
49.9,0.8,3,OK,01001
47.0,0.8,3,OK,01001
47.0,0.7,3,OK,01001
30.0,-5.4,3,OR,01001
41.0,-4.1,3,OR,01001
37.1,-3.4,3,OR,01001
40.8,-2.1,3,OR,01001
41.3,-2.0,3,OR,01001
41.0,-4.3,3,OR,01001
30.4,-6.1,3,OR,01001
39.2,-5.3,3,OR,01001
29.2,-5.9,3,OR,01001
37.6,-4.9,3,OR,01001
38.2,-3.3,3,OR,01001
29.0,-5.7,3,OR,01001
29.4,-6.3,3,OR,01001
33.5,-3.5,3,OR,01001
35.2,-5.8,3,OR,01001
34.2,-4.5,3,OR,01001
35.8,-5.9,3,OR,01001
28.8,-5.9,3,OR,01001
28.4,-6.4,3,OR,01001
37.3,-4.8,3,OR,01001
40.8,-4.3,3,OR,01001
37.2,-4.2,3,OR,01001
32.2,-5.7,3,OR,01001
38.5,-3.7,3,OR,01001
37.9,-3.0,3,OR,01001
41.2,-2.7,3,OR,01001
40.9,-3.5,3,OR,01001
38.0,-3.4,3,OR,01001
39.4,-2.9,3,OR,01001
37.0,-2.7,3,OR,01001
30.0,-4.9,3,OR,01001
29.4,-4.4,3,OR,01001
36.0,-3.8,3,OR,01001
40.8,-2.7,3,OR,01001
32.4,-5.7,3,OR,01001
41.3,-3.1,3,OR,01001
41.8,2.2,3,PA,01001
40.7,1.9,3,PA,01001
38.1,1.6,3,PA,01001
39.0,0.9,3,PA,01001
39.5,1.6,3,PA,01001
40.8,2.4,3,PA,01001
37.8,1.5,3,PA,01001
35.2,2.2,3,PA,01001
41.5,2.8,3,PA,01001
38.5,2.0,3,PA,01001
35.7,0.9,3,PA,01001
35.0,0.9,3,PA,01001
36.4,2.3,3,PA,01001
37.0,1.1,3,PA,01001
42.3,2.7,3,PA,01001
36.8,2.2,3,PA,01001
35.9,1.4,3,PA,01001
36.3,0.9,3,PA,01001
37.3,1.9,3,PA,01001
35.3,1.9,3,PA,01001
41.7,2.3,3,PA,01001
41.1,2.8,3,PA,01001
43.7,2.7,3,PA,01001
35.0,2.0,3,PA,01001
35.0,1.8,3,PA,01001
39.6,1.2,3,PA,01001
35.0,1.8,3,PA,01001
41.5,2.1,3,PA,01001
41.0,2.0,3,PA,01001
41.0,1.6,3,PA,01001
39.6,1.8,3,PA,01001
37.3,1.1,3,PA,01001
36.2,2.2,3,PA,01001
40.3,1.7,3,PA,01001
35.5,2.7,3,PA,01001
42.1,2.7,3,PA,01001
38.5,1.9,3,PA,01001
41.0,2.8,3,PA,01001
40.0,2.5,3,PA,01001
36.1,2.4,3,PA,01001
36.5,1.8,3,PA,01001
33.7,1.8,3,PA,01001
37.0,2.3,3,PA,01001
39.4,1.5,3,PA,01001
35.9,2.5,3,PA,01001
42.2,2.6,3,PA,01001
38.4,1.7,3,PA,01001
39.4,2.8,3,PA,01001
38.7,1.8,3,PA,01001
40.9,2.2,3,PA,01001
44.0,3.0,3,PA,01001
35.5,2.4,3,PA,01001
33.6,1.2,3,PA,01001
37.8,2.1,3,PA,01001
39.4,1.7,3,PA,01001
36.8,1.5,3,PA,01001
33.7,1.9,3,PA,01001
34.3,1.9,3,PA,01001
34.4,2.0,3,PA,01001
38.4,1.6,3,PA,01001
36.4,2.3,3,PA,01001
34.0,1.6,3,PA,01001
40.5,1.6,3,PA,01001
34.4,2.1,3,PA,01001
39.7,1.6,3,PA,01001
36.0,2.7,3,PA,01001
42.4,3.0,3,PA,01001
40.2,3.0,3,RI,01001
39.6,3.6,3,RI,01001
40.2,3.2,3,RI,01001
39.2,3.4,3,RI,01001
40.4,4.1,3,RI,01001
56.0,3.8,3,SC,01001
58.1,3.4,3,SC,01001
58.8,2.8,3,SC,01001
55.1,3.6,3,SC,01001
57.7,2.1,3,SC,01001
58.0,2.6,3,SC,01001
61.8,4.3,3,SC,01001
59.1,3.3,3,SC,01001
58.1,3.0,3,SC,01001
60.5,4.1,3,SC,01001
53.2,2.9,3,SC,01001
54.1,2.5,3,SC,01001
55.5,3.5,3,SC,01001
57.8,2.6,3,SC,01001
59.8,3.6,3,SC,01001
56.9,3.5,3,SC,01001
56.8,3.1,3,SC,01001
59.5,3.5,3,SC,01001
57.6,3.6,3,SC,01001
55.6,2.9,3,SC,01001
57.8,3.3,3,SC,01001
57.9,2.5,3,SC,01001
53.7,3.4,3,SC,01001
56.4,3.8,3,SC,01001
59.9,3.5,3,SC,01001
57.1,2.6,3,SC,01001
61.3,4.1,3,SC,01001
55.9,3.2,3,SC,01001
54.4,3.1,3,SC,01001
55.5,3.5,3,SC,01001
56.9,3.3,3,SC,01001
57.7,3.9,3,SC,01001
57.0,3.7,3,SC,01001
57.5,2.9,3,SC,01001
56.5,3.5,3,SC,01001
56.2,3.5,3,SC,01001
53.1,2.5,3,SC,01001
58.2,2.8,3,SC,01001
53.5,3.2,3,SC,01001
57.4,3.2,3,SC,01001
57.0,3.7,3,SC,01001
54.1,3.3,3,SC,01001
57.2,2.6,3,SC,01001
54.7,3.1,3,SC,01001
58.1,2.9,3,SC,01001
53.2,2.4,3,SC,01001
25.2,-6.7,3,SD,01001
22.2,-8.4,3,SD,01001
28.8,-4.2,3,SD,01001
28.8,-5.0,3,SD,01001
21.5,-7.3,3,SD,01001
16.3,-11.6,3,SD,01001
26.5,-5.8,3,SD,01001
24.3,-7.0,3,SD,01001
26.6,-4.5,3,SD,01001
16.8,-11.5,3,SD,01001
28.3,-5.5,3,SD,01001
19.7,-8.5,3,SD,01001
29.5,-4.2,3,SD,01001
18.8,-8.3,3,SD,01001
18.6,-10.3,3,SD,01001
27.5,-4.6,3,SD,01001
24.2,-8.3,3,SD,01001
17.1,-9.8,3,SD,01001
20.1,-7.4,3,SD,01001
21.2,-8.8,3,SD,01001
26.5,-6.4,3,SD,01001
17.1,-11.2,3,SD,01001
30.2,-4.0,3,SD,01001
18.8,-10.2,3,SD,01001
19.4,-8.3,3,SD,01001
28.2,-5.2,3,SD,01001
26.0,-6.2,3,SD,01001
20.0,-7.9,3,SD,01001
20.9,-9.1,3,SD,01001
23.9,-8.4,3,SD,01001
23.7,-5.4,3,SD,01001
24.6,-6.8,3,SD,01001
26.5,-6.3,3,SD,01001
21.5,-8.2,3,SD,01001
28.4,-5.0,3,SD,01001
22.9,-8.1,3,SD,01001
27.3,-5.6,3,SD,01001
21.2,-8.1,3,SD,01001
22.9,-7.2,3,SD,01001
24.5,-5.0,3,SD,01001
27.3,-5.0,3,SD,01001
26.8,-5.8,3,SD,01001
24.8,-6.7,3,SD,01001
14.9,-12.3,3,SD,01001
15.6,-11.2,3,SD,01001
26.8,-5.0,3,SD,01001
29.0,-4.6,3,SD,01001
22.5,-8.4,3,SD,01001
25.9,-5.1,3,SD,01001
23.3,-6.5,3,SD,01001
30.0,-3.9,3,SD,01001
27.2,-4.7,3,SD,01001
21.7,-7.3,3,SD,01001
20.0,-8.9,3,SD,01001
18.1,-9.3,3,SD,01001
22.8,-9.0,3,SD,01001
19.9,-9.7,3,SD,01001
25.3,-6.6,3,SD,01001
22.8,-7.5,3,SD,01001
28.7,-4.5,3,SD,01001
28.6,-4.7,3,SD,01001
27.2,-5.2,3,SD,01001
29.8,-3.9,3,SD,01001
18.3,-10.3,3,SD,01001
28.9,-4.4,3,SD,01001
23.1,-7.3,3,SD,01001
49.8,2.4,3,TN,01001
51.4,2.1,3,TN,01001
50.6,1.4,3,TN,01001
49.6,2.3,3,TN,01001
50.5,2.1,3,TN,01001
52.5,2.7,3,TN,01001
47.8,1.8,3,TN,01001
50.5,2.1,3,TN,01001
50.7,1.6,3,TN,01001
45.6,2.1,3,TN,01001
50.9,2.2,3,TN,01001
52.1,2.2,3,TN,01001
48.0,1.8,3,TN,01001
49.9,2.3,3,TN,01001
49.8,2.3,3,TN,01001
50.9,2.4,3,TN,01001
51.4,1.9,3,TN,01001
47.7,2.1,3,TN,01001
51.1,2.2,3,TN,01001
52.1,2.2,3,TN,01001
50.5,2.2,3,TN,01001
50.6,2.3,3,TN,01001
51.2,2.0,3,TN,01001
53.1,2.3,3,TN,01001
47.7,2.4,3,TN,01001
51.8,2.6,3,TN,01001
51.1,2.0,3,TN,01001
51.0,1.6,3,TN,01001
49.4,2.1,3,TN,01001
49.1,1.7,3,TN,01001
49.4,2.3,3,TN,01001
50.0,2.1,3,TN,01001
52.4,2.7,3,TN,01001
48.5,2.1,3,TN,01001
52.5,2.2,3,TN,01001
53.1,2.7,3,TN,01001
49.0,1.9,3,TN,01001
51.7,1.7,3,TN,01001
51.6,2.0,3,TN,01001
49.7,1.0,3,TN,01001
50.9,2.1,3,TN,01001
50.2,1.7,3,TN,01001
50.5,1.7,3,TN,01001
50.4,2.3,3,TN,01001
50.5,2.2,3,TN,01001
43.9,2.0,3,TN,01001
50.9,2.3,3,TN,01001
50.7,1.9,3,TN,01001
51.4,1.4,3,TN,01001
51.4,2.3,3,TN,01001
51.2,2.4,3,TN,01001
51.7,1.9,3,TN,01001
51.4,2.3,3,TN,01001
51.8,2.5,3,TN,01001
52.5,2.1,3,TN,01001
49.4,1.8,3,TN,01001
51.7,2.0,3,TN,01001
51.7,2.8,3,TN,01001
51.0,1.9,3,TN,01001
50.9,2.1,3,TN,01001
51.7,2.5,3,TN,01001
50.4,2.1,3,TN,01001
50.9,2.6,3,TN,01001
51.6,2.2,3,TN,01001
48.5,2.4,3,TN,01001
50.6,2.1,3,TN,01001
49.5,2.7,3,TN,01001
51.7,2.3,3,TN,01001
49.0,2.5,3,TN,01001
51.2,2.3,3,TN,01001
49.8,2.6,3,TN,01001
50.5,2.3,3,TN,01001
51.1,2.6,3,TN,01001
50.0,2.1,3,TN,01001
51.1,2.0,3,TN,01001
47.5,2.1,3,TN,01001
49.9,2.4,3,TN,01001
48.5,1.9,3,TN,01001
53.7,2.2,3,TN,01001
50.6,2.0,3,TN,01001
49.8,1.3,3,TN,01001
48.0,1.9,3,TN,01001
50.2,2.1,3,TN,01001
52.2,1.5,3,TN,01001
50.6,2.1,3,TN,01001
45.3,1.5,3,TN,01001
49.2,2.0,3,TN,01001
49.4,2.3,3,TN,01001
50.4,2.2,3,TN,01001
48.4,1.6,3,TN,01001
52.1,2.6,3,TN,01001
50.3,1.6,3,TN,01001
49.8,2.4,3,TN,01001
50.4,1.7,3,TN,01001
51.0,2.2,3,TN,01001
60.6,3.6,3,TX,01001
56.6,3.3,3,TX,01001
63.3,4.9,3,TX,01001
69.4,6.2,3,TX,01001
56.0,2.5,3,TX,01001
50.4,2.7,3,TX,01001
68.6,5.5,3,TX,01001
67.1,6.6,3,TX,01001
50.1,2.6,3,TX,01001
64.5,5.5,3,TX,01001
65.2,5.5,3,TX,01001
55.8,2.5,3,TX,01001
69.1,5.4,3,TX,01001
62.9,5.5,3,TX,01001
66.7,5.3,3,TX,01001
63.5,5.3,3,TX,01001
56.0,2.1,3,TX,01001
60.6,4.1,3,TX,01001
58.6,4.3,3,TX,01001
67.8,6.2,3,TX,01001
64.1,5.1,3,TX,01001
60.6,3.1,3,TX,01001
51.6,2.3,3,TX,01001
73.1,6.5,3,TX,01001
60.2,4.6,3,TX,01001
64.8,5.7,3,TX,01001
62.8,4.9,3,TX,01001
65.8,5.6,3,TX,01001
68.6,6.1,3,TX,01001
57.7,3.0,3,TX,01001
73.9,5.6,3,TX,01001
60.1,5.0,3,TX,01001
49.2,3.0,3,TX,01001
59.3,3.8,3,TX,01001
49.6,2.8,3,TX,01001
66.4,5.6,3,TX,01001
60.9,3.6,3,TX,01001
52.3,1.3,3,TX,01001
56.0,2.6,3,TX,01001
51.4,2.7,3,TX,01001
59.2,3.9,3,TX,01001
59.6,4.0,3,TX,01001
58.2,3.7,3,TX,01001
50.6,1.2,3,TX,01001
67.8,6.9,3,TX,01001
65.1,5.3,3,TX,01001
60.2,4.8,3,TX,01001
60.2,4.3,3,TX,01001
56.6,2.6,3,TX,01001
61.6,4.8,3,TX,01001
53.9,1.9,3,TX,01001
60.2,3.8,3,TX,01001
60.7,3.9,3,TX,01001
53.4,2.9,3,TX,01001
55.4,2.6,3,TX,01001
44.9,1.2,3,TX,01001
59.6,3.5,3,TX,01001
54.8,1.8,3,TX,01001
48.9,3.2,3,TX,01001
58.4,4.3,3,TX,01001
58.3,3.2,3,TX,01001
67.7,5.7,3,TX,01001
54.8,2.8,3,TX,01001
70.6,6.5,3,TX,01001
50.3,1.9,3,TX,01001
71.2,6.1,3,TX,01001
58.2,3.6,3,TX,01001
58.4,3.8,3,TX,01001
63.4,5.6,3,TX,01001
60.5,3.8,3,TX,01001
56.7,2.8,3,TX,01001
59.8,4.6,3,TX,01001
61.5,4.2,3,TX,01001
57.4,3.8,3,TX,01001
66.8,6.4,3,TX,01001
56.7,2.7,3,TX,01001
51.4,2.3,3,TX,01001
54.6,2.2,3,TX,01001
67.7,6.3,3,TX,01001
59.5,4.9,3,TX,01001
61.2,4.2,3,TX,01001
69.4,6.5,3,TX,01001
54.8,2.7,3,TX,01001
67.6,6.3,3,TX,01001
56.1,3.3,3,TX,01001
62.1,4.9,3,TX,01001
58.5,3.7,3,TX,01001
68.6,5.7,3,TX,01001
66.8,5.5,3,TX,01001
49.4,2.8,3,TX,01001
56.8,2.9,3,TX,01001
60.1,3.4,3,TX,01001
64.6,5.5,3,TX,01001
66.1,5.2,3,TX,01001
50.8,2.3,3,TX,01001
52.4,1.8,3,TX,01001
60.8,4.9,3,TX,01001
47.6,2.0,3,TX,01001
53.2,1.6,3,TX,01001
65.0,5.2,3,TX,01001
67.1,6.0,3,TX,01001
59.9,3.0,3,TX,01001
46.7,1.8,3,TX,01001
56.5,2.4,3,TX,01001
64.4,5.3,3,TX,01001
48.2,1.4,3,TX,01001
59.7,3.3,3,TX,01001
74.3,5.6,3,TX,01001
61.2,4.3,3,TX,01001
52.1,2.6,3,TX,01001
59.9,4.0,3,TX,01001
59.1,4.7,3,TX,01001
61.8,3.8,3,TX,01001
57.3,2.5,3,TX,01001
55.1,2.9,3,TX,01001
58.8,4.6,3,TX,01001
50.0,3.2,3,TX,01001
59.2,3.5,3,TX,01001
57.2,3.3,3,TX,01001
68.2,6.4,3,TX,01001
63.7,4.8,3,TX,01001
55.1,2.6,3,TX,01001
66.7,6.1,3,TX,01001
73.0,6.4,3,TX,01001
71.6,6.3,3,TX,01001
60.3,4.1,3,TX,01001
56.3,1.7,3,TX,01001
67.7,5.1,3,TX,01001
59.9,4.0,3,TX,01001
63.9,5.3,3,TX,01001
73.0,6.5,3,TX,01001
56.7,3.3,3,TX,01001
62.5,5.3,3,TX,01001
62.2,5.8,3,TX,01001
55.8,2.9,3,TX,01001
67.3,5.5,3,TX,01001
72.4,7.1,3,TX,01001
55.8,2.4,3,TX,01001
57.4,3.7,3,TX,01001
50.4,2.3,3,TX,01001
61.9,5.0,3,TX,01001
70.6,6.4,3,TX,01001
67.7,6.4,3,TX,01001
65.1,5.8,3,TX,01001
61.4,3.7,3,TX,01001
65.7,5.3,3,TX,01001
61.3,4.4,3,TX,01001
46.5,0.6,3,TX,01001
69.7,5.6,3,TX,01001
63.0,5.2,3,TX,01001
57.9,2.8,3,TX,01001
52.6,2.8,3,TX,01001
54.2,2.6,3,TX,01001
60.6,4.4,3,TX,01001
60.9,3.8,3,TX,01001
70.0,5.8,3,TX,01001
62.6,4.2,3,TX,01001
59.5,3.1,3,TX,01001
57.1,2.9,3,TX,01001
62.3,5.3,3,TX,01001
67.9,6.1,3,TX,01001
70.0,6.4,3,TX,01001
67.4,5.9,3,TX,01001
60.7,5.1,3,TX,01001
58.5,3.6,3,TX,01001
63.5,5.4,3,TX,01001
61.1,5.1,3,TX,01001
57.9,3.1,3,TX,01001
56.6,3.1,3,TX,01001
66.0,6.2,3,TX,01001
48.6,2.8,3,TX,01001
59.8,4.7,3,TX,01001
53.3,2.1,3,TX,01001
62.2,4.4,3,TX,01001
61.2,4.4,3,TX,01001
63.8,5.0,3,TX,01001
57.3,3.3,3,TX,01001
71.6,6.6,3,TX,01001
47.0,1.3,3,TX,01001
48.2,1.8,3,TX,01001
66.1,5.9,3,TX,01001
58.6,3.7,3,TX,01001
60.8,3.4,3,TX,01001
58.7,3.6,3,TX,01001
49.3,3.0,3,TX,01001
60.3,4.3,3,TX,01001
64.0,4.9,3,TX,01001
49.4,2.8,3,TX,01001
58.5,2.3,3,TX,01001
59.5,4.7,3,TX,01001
49.5,3.0,3,TX,01001
59.1,3.6,3,TX,01001
63.8,5.5,3,TX,01001
57.7,4.0,3,TX,01001
59.0,3.4,3,TX,01001
69.1,5.7,3,TX,01001
49.3,2.7,3,TX,01001
62.3,4.3,3,TX,01001
59.2,4.2,3,TX,01001
59.4,3.9,3,TX,01001
60.7,3.5,3,TX,01001
62.8,4.9,3,TX,01001
62.8,4.8,3,TX,01001
64.7,5.3,3,TX,01001
70.2,5.8,3,TX,01001
61.8,5.0,3,TX,01001
59.6,3.9,3,TX,01001
56.6,2.9,3,TX,01001
57.1,2.6,3,TX,01001
61.7,4.1,3,TX,01001
46.6,1.6,3,TX,01001
59.5,3.1,3,TX,01001
60.5,4.2,3,TX,01001
74.5,6.2,3,TX,01001
57.6,3.1,3,TX,01001
58.9,3.9,3,TX,01001
56.5,2.7,3,TX,01001
61.8,5.3,3,TX,01001
50.0,2.5,3,TX,01001
59.4,3.5,3,TX,01001
57.4,2.8,3,TX,01001
62.6,4.2,3,TX,01001
53.4,2.4,3,TX,01001
57.1,3.2,3,TX,01001
59.9,5.4,3,TX,01001
59.7,3.6,3,TX,01001
64.4,5.3,3,TX,01001
63.1,4.5,3,TX,01001
63.4,4.5,3,TX,01001
59.8,4.0,3,TX,01001
59.6,3.5,3,TX,01001
67.4,5.9,3,TX,01001
64.8,4.6,3,TX,01001
59.6,4.1,3,TX,01001
68.4,6.0,3,TX,01001
64.0,5.1,3,TX,01001
66.8,6.5,3,TX,01001
59.7,3.7,3,TX,01001
66.0,6.2,3,TX,01001
71.6,6.2,3,TX,01001
68.0,6.6,3,TX,01001
50.0,2.2,3,TX,01001
54.4,1.4,3,TX,01001
53.8,1.2,3,TX,01001
73.7,6.0,3,TX,01001
63.7,5.4,3,TX,01001
67.0,4.9,3,TX,01001
58.2,3.4,3,TX,01001
57.7,3.2,3,TX,01001
59.5,4.3,3,TX,01001
53.0,2.9,3,TX,01001
57.3,3.4,3,TX,01001
73.9,6.3,3,TX,01001
69.8,6.5,3,TX,01001
32.7,-4.7,3,UT,01001
31.3,-5.5,3,UT,01001
25.8,-6.1,3,UT,01001
26.6,-6.4,3,UT,01001
21.4,-7.9,3,UT,01001
33.0,-4.4,3,UT,01001
23.1,-6.7,3,UT,01001
33.9,-5.3,3,UT,01001
32.7,-4.5,3,UT,01001
35.2,-4.2,3,UT,01001
33.2,-4.2,3,UT,01001
34.0,-4.8,3,UT,01001
36.7,-4.4,3,UT,01001
35.3,-4.4,3,UT,01001
27.1,-4.6,3,UT,01001
28.4,-3.8,3,UT,01001
20.4,-7.7,3,UT,01001
33.2,-3.9,3,UT,01001
37.6,-4.0,3,UT,01001
28.0,-4.8,3,UT,01001
28.7,-4.8,3,UT,01001
21.6,-5.1,3,UT,01001
35.0,-4.9,3,UT,01001
26.4,-7.7,3,UT,01001
30.7,-4.7,3,UT,01001
24.2,-5.2,3,UT,01001
39.5,-5.1,3,UT,01001
35.4,-4.3,3,UT,01001
29.7,-4.3,3,UT,01001
30.7,2.4,3,VT,01001
31.1,3.1,3,VT,01001
28.7,2.8,3,VT,01001
31.1,3.2,3,VT,01001
27.8,3.1,3,VT,01001
30.7,3.7,3,VT,01001
32.1,3.7,3,VT,01001
29.0,3.4,3,VT,01001
30.6,3.3,3,VT,01001
28.3,3.2,3,VT,01001
30.5,2.3,3,VT,01001
28.9,2.6,3,VT,01001
32.6,3.3,3,VT,01001
31.6,3.2,3,VT,01001
48.0,3.1,3,VA,01001
47.7,3.3,3,VA,01001
44.6,2.3,3,VA,01001
48.9,2.1,3,VA,01001
47.7,3.3,3,VA,01001
48.5,3.2,3,VA,01001
46.7,2.6,3,VA,01001
44.7,3.0,3,VA,01001
43.2,2.1,3,VA,01001
48.6,3.3,3,VA,01001
43.2,2.1,3,VA,01001
46.6,2.2,3,VA,01001
50.4,2.9,3,VA,01001
46.0,2.1,3,VA,01001
48.5,2.7,3,VA,01001
48.8,3.5,3,VA,01001
48.0,2.3,3,VA,01001
45.8,3.6,3,VA,01001
50.1,1.9,3,VA,01001
48.5,2.4,3,VA,01001
49.5,2.1,3,VA,01001
44.5,2.8,3,VA,01001
45.0,2.8,3,VA,01001
46.8,3.0,3,VA,01001
48.5,2.2,3,VA,01001
45.9,1.8,3,VA,01001
50.1,2.6,3,VA,01001
47.8,1.6,3,VA,01001
46.8,3.1,3,VA,01001
46.1,3.4,3,VA,01001
45.2,4.0,3,VA,01001
48.1,2.5,3,VA,01001
48.6,3.3,3,VA,01001
43.4,2.3,3,VA,01001
44.6,3.0,3,VA,01001
49.4,1.9,3,VA,01001
48.3,2.2,3,VA,01001
43.4,3.2,3,VA,01001
46.2,3.4,3,VA,01001
50.8,2.7,3,VA,01001
49.2,2.5,3,VA,01001
48.6,2.2,3,VA,01001
49.6,2.2,3,VA,01001
49.3,2.6,3,VA,01001
39.7,1.6,3,VA,01001
51.0,2.3,3,VA,01001
50.0,2.0,3,VA,01001
48.5,1.7,3,VA,01001
48.2,2.9,3,VA,01001
48.9,2.0,3,VA,01001
47.8,1.6,3,VA,01001
47.5,2.0,3,VA,01001
45.6,3.4,3,VA,01001
47.2,2.0,3,VA,01001
49.4,2.8,3,VA,01001
45.6,3.1,3,VA,01001
49.1,2.1,3,VA,01001
49.9,2.6,3,VA,01001
48.4,1.7,3,VA,01001
46.8,4.0,3,VA,01001
47.0,3.2,3,VA,01001
49.4,1.9,3,VA,01001
48.8,2.4,3,VA,01001
47.7,2.2,3,VA,01001
49.3,2.6,3,VA,01001
46.9,2.5,3,VA,01001
44.2,3.1,3,VA,01001
48.1,3.2,3,VA,01001
49.3,2.8,3,VA,01001
48.8,2.3,3,VA,01001
48.6,2.4,3,VA,01001
50.3,1.9,3,VA,01001
47.5,3.7,3,VA,01001
46.0,3.5,3,VA,01001
44.9,3.2,3,VA,01001
47.4,1.5,3,VA,01001
47.5,3.2,3,VA,01001
45.9,2.4,3,VA,01001
44.3,3.0,3,VA,01001
45.6,2.2,3,VA,01001
47.0,1.5,3,VA,01001
44.1,2.6,3,VA,01001
44.1,2.6,3,VA,01001
51.4,2.9,3,VA,01001
47.0,2.3,3,VA,01001
47.9,3.4,3,VA,01001
50.5,2.1,3,VA,01001
50.7,2.5,3,VA,01001
43.3,2.3,3,VA,01001
44.3,2.8,3,VA,01001
46.2,2.3,3,VA,01001
47.5,2.0,3,VA,01001
44.6,1.3,3,VA,01001
44.8,3.1,3,VA,01001
50.2,2.1,3,VA,01001
47.3,2.7,3,VA,01001
47.8,2.2,3,VA,01001
47.2,2.4,3,VA,01001
48.1,3.1,3,VA,01001
51.5,2.7,3,VA,01001
50.0,1.8,3,VA,01001
46.3,2.3,3,VA,01001
50.4,2.6,3,VA,01001
50.7,2.6,3,VA,01001
46.4,2.9,3,VA,01001
46.2,2.7,3,VA,01001
51.6,2.8,3,VA,01001
47.6,2.9,3,VA,01001
46.0,3.8,3,VA,01001
50.9,2.3,3,VA,01001
45.6,3.0,3,VA,01001
50.1,1.6,3,VA,01001
49.2,4.0,3,VA,01001
47.4,3.7,3,VA,01001
47.2,3.5,3,VA,01001
49.1,2.4,3,VA,01001
50.9,2.3,3,VA,01001
51.5,2.7,3,VA,01001
44.5,1.0,3,VA,01001
50.1,2.0,3,VA,01001
50.6,2.3,3,VA,01001
51.7,2.6,3,VA,01001
46.8,3.9,3,VA,01001
49.6,2.3,3,VA,01001
48.8,3.1,3,VA,01001
48.8,3.3,3,VA,01001
46.2,3.4,3,VA,01001
51.5,2.6,3,VA,01001
51.4,3.0,3,VA,01001
46.4,3.4,3,VA,01001
50.2,2.2,3,VA,01001
44.0,2.5,3,VA,01001
39.4,-1.5,3,WA,01001
37.1,-1.6,3,WA,01001
41.6,-2.9,3,WA,01001
31.9,-2.1,3,WA,01001
39.1,-1.0,3,WA,01001
41.5,-2.9,3,WA,01001
36.6,-2.2,3,WA,01001
40.3,-1.7,3,WA,01001
36.1,-2.6,3,WA,01001
31.7,-1.9,3,WA,01001
42.0,-1.6,3,WA,01001
37.1,-1.8,3,WA,01001
40.1,-1.7,3,WA,01001
41.4,-1.7,3,WA,01001
43.1,-1.1,3,WA,01001
36.4,-1.6,3,WA,01001
38.8,-1.2,3,WA,01001
43.5,-0.7,3,WA,01001
34.0,-2.2,3,WA,01001
37.1,-3.0,3,WA,01001
37.3,-2.4,3,WA,01001
36.1,-2.5,3,WA,01001
40.0,-1.5,3,WA,01001
31.1,-2.0,3,WA,01001
42.0,-1.6,3,WA,01001
31.2,-1.5,3,WA,01001
37.1,-1.9,3,WA,01001
43.8,-0.0,3,WA,01001
37.2,-0.8,3,WA,01001
34.2,-2.8,3,WA,01001
37.4,-1.4,3,WA,01001
36.5,-1.2,3,WA,01001
33.8,-2.0,3,WA,01001
42.1,-1.8,3,WA,01001
41.8,-1.6,3,WA,01001
41.9,-2.1,3,WA,01001
35.4,-0.7,3,WA,01001
38.7,-1.6,3,WA,01001
34.6,-3.3,3,WA,01001
42.0,1.9,3,WV,01001
42.9,2.0,3,WV,01001
46.0,2.1,3,WV,01001
44.4,1.7,3,WV,01001
40.1,1.1,3,WV,01001
46.2,1.9,3,WV,01001
44.3,2.1,3,WV,01001
44.8,1.6,3,WV,01001
43.2,2.0,3,WV,01001
43.4,1.7,3,WV,01001
44.3,2.1,3,WV,01001
41.2,1.9,3,WV,01001
41.9,2.5,3,WV,01001
42.7,1.9,3,WV,01001
39.2,0.6,3,WV,01001
42.4,2.1,3,WV,01001
43.0,2.0,3,WV,01001
45.0,2.0,3,WV,01001
43.9,2.5,3,WV,01001
46.0,2.0,3,WV,01001
43.6,1.8,3,WV,01001
46.7,1.9,3,WV,01001
46.4,1.7,3,WV,01001
45.3,2.1,3,WV,01001
42.1,1.6,3,WV,01001
40.8,1.0,3,WV,01001
44.8,1.5,3,WV,01001
43.0,1.5,3,WV,01001
42.6,1.7,3,WV,01001
46.9,1.5,3,WV,01001
41.4,1.5,3,WV,01001
44.4,2.8,3,WV,01001
42.2,1.7,3,WV,01001
42.2,1.3,3,WV,01001
40.5,1.4,3,WV,01001
40.6,2.0,3,WV,01001
43.5,2.2,3,WV,01001
38.1,1.8,3,WV,01001
39.7,1.9,3,WV,01001
46.4,2.5,3,WV,01001
43.6,2.1,3,WV,01001
38.4,1.8,3,WV,01001
43.7,2.2,3,WV,01001
44.7,1.9,3,WV,01001
44.3,2.1,3,WV,01001
42.2,1.6,3,WV,01001
38.3,2.1,3,WV,01001
42.9,1.9,3,WV,01001
42.2,1.7,3,WV,01001
46.3,1.5,3,WV,01001
40.4,1.0,3,WV,01001
41.8,1.4,3,WV,01001
44.3,2.2,3,WV,01001
44.6,2.5,3,WV,01001
45.3,2.3,3,WV,01001
31.0,1.5,3,WI,01001
24.2,-0.2,3,WI,01001
24.8,-2.0,3,WI,01001
24.4,-0.3,3,WI,01001
30.0,1.0,3,WI,01001
30.1,-0.0,3,WI,01001
24.1,-2.2,3,WI,01001
31.0,1.5,3,WI,01001
26.9,-0.8,3,WI,01001
28.2,0.8,3,WI,01001
33.2,2.1,3,WI,01001
33.1,0.8,3,WI,01001
33.1,0.9,3,WI,01001
32.6,1.2,3,WI,01001
28.8,0.6,3,WI,01001
24.0,-0.9,3,WI,01001
27.2,-1.4,3,WI,01001
28.6,0.1,3,WI,01001
25.0,0.8,3,WI,01001
31.7,1.3,3,WI,01001
24.7,0.7,3,WI,01001
33.7,0.6,3,WI,01001
33.8,0.7,3,WI,01001
32.2,1.7,3,WI,01001
33.2,1.0,3,WI,01001
23.3,-0.2,3,WI,01001
30.3,1.4,3,WI,01001
33.8,1.1,3,WI,01001
31.0,1.2,3,WI,01001
35.6,1.5,3,WI,01001
30.2,1.3,3,WI,01001
31.2,0.3,3,WI,01001
33.7,0.6,3,WI,01001
25.8,0.7,3,WI,01001
25.4,0.1,3,WI,01001
31.4,1.7,3,WI,01001
27.7,0.9,3,WI,01001
27.8,1.0,3,WI,01001
32.2,1.9,3,WI,01001
28.4,1.4,3,WI,01001
35.0,2.0,3,WI,01001
29.9,0.1,3,WI,01001
28.5,1.0,3,WI,01001
24.2,0.0,3,WI,01001
30.5,1.4,3,WI,01001
33.2,1.6,3,WI,01001
29.0,-1.0,3,WI,01001
27.7,-1.5,3,WI,01001
25.1,-2.1,3,WI,01001
29.9,1.6,3,WI,01001
24.4,-0.0,3,WI,01001
34.9,1.3,3,WI,01001
32.8,1.0,3,WI,01001
34.3,0.7,3,WI,01001
25.1,-1.3,3,WI,01001
26.6,-1.7,3,WI,01001
32.4,1.2,3,WI,01001
24.3,-0.2,3,WI,01001
29.2,1.5,3,WI,01001
32.1,1.6,3,WI,01001
25.6,-0.4,3,WI,01001
30.4,0.6,3,WI,01001
31.2,0.3,3,WI,01001
23.2,0.1,3,WI,01001
33.4,0.1,3,WI,01001
23.8,-1.7,3,WI,01001
32.1,1.2,3,WI,01001
33.8,1.6,3,WI,01001
30.6,1.8,3,WI,01001
31.1,1.8,3,WI,01001
31.5,1.5,3,WI,01001
29.6,1.1,3,WI,01001
23.3,-4.4,3,WY,01001
26.3,-4.4,3,WY,01001
27.3,-4.1,3,WY,01001
21.9,-6.4,3,WY,01001
27.7,-4.0,3,WY,01001
26.2,-4.4,3,WY,01001
20.7,-7.8,3,WY,01001
33.0,-1.4,3,WY,01001
24.8,-6.6,3,WY,01001
25.6,-5.3,3,WY,01001
30.5,-1.9,3,WY,01001
18.5,-7.2,3,WY,01001
25.2,-5.5,3,WY,01001
31.2,-1.5,3,WY,01001
22.5,-4.0,3,WY,01001
31.1,-2.7,3,WY,01001
23.4,-6.5,3,WY,01001
14.7,-8.5,3,WY,01001
20.5,-8.6,3,WY,01001
18.1,-4.8,3,WY,01001
19.3,-8.3,3,WY,01001
27.0,-5.7,3,WY,01001
28.6,-2.8,3,WY,01001
64.6,1.0,4,AL,01001
67.7,1.3,4,AL,01001
65.0,0.5,4,AL,01001
62.7,0.2,4,AL,01001
61.0,0.7,4,AL,01001
64.5,0.7,4,AL,01001
65.1,0.7,4,AL,01001
61.1,0.4,4,AL,01001
61.9,0.6,4,AL,01001
60.2,-0.2,4,AL,01001
62.7,0.3,4,AL,01001
65.0,0.6,4,AL,01001
65.3,0.6,4,AL,01001
61.2,0.6,4,AL,01001
60.6,0.9,4,AL,01001
65.9,0.8,4,AL,01001
59.5,-0.3,4,AL,01001
65.4,0.3,4,AL,01001
62.5,0.5,4,AL,01001
66.0,0.7,4,AL,01001
65.1,0.8,4,AL,01001
60.3,0.2,4,AL,01001
66.1,0.7,4,AL,01001
65.2,1.2,4,AL,01001
58.9,-0.3,4,AL,01001
64.0,0.7,4,AL,01001
66.1,0.4,4,AL,01001
60.6,0.0,4,AL,01001
61.6,-0.1,4,AL,01001
59.8,0.0,4,AL,01001
66.3,0.4,4,AL,01001
63.3,-0.3,4,AL,01001
63.5,0.1,4,AL,01001
66.1,0.7,4,AL,01001
67.0,0.7,4,AL,01001
59.5,0.1,4,AL,01001
62.4,0.9,4,AL,01001
61.8,-0.0,4,AL,01001
58.6,-0.9,4,AL,01001
59.1,-0.8,4,AL,01001
63.2,0.8,4,AL,01001
58.8,-1.0,4,AL,01001
65.5,1.1,4,AL,01001
64.2,0.7,4,AL,01001
59.3,-0.5,4,AL,01001
64.4,0.3,4,AL,01001
60.5,-0.0,4,AL,01001
60.3,0.2,4,AL,01001
68.0,1.8,4,AL,01001
65.4,0.5,4,AL,01001
64.8,0.7,4,AL,01001
59.7,-0.4,4,AL,01001
63.8,0.5,4,AL,01001
62.6,-0.2,4,AL,01001
65.4,1.0,4,AL,01001
61.4,1.2,4,AL,01001
64.3,0.6,4,AL,01001
61.4,0.6,4,AL,01001
62.3,0.6,4,AL,01001
63.8,0.0,4,AL,01001
62.0,0.5,4,AL,01001
62.4,0.6,4,AL,01001
62.8,0.0,4,AL,01001
61.6,0.3,4,AL,01001
66.5,1.2,4,AL,01001
65.3,0.9,4,AL,01001
59.5,-0.5,4,AL,01001
47.7,0.3,4,AZ,01001
59.7,1.4,4,AZ,01001
50.5,1.0,4,AZ,01001
58.2,2.8,4,AZ,01001
60.4,2.8,4,AZ,01001
55.7,2.4,4,AZ,01001
70.3,2.5,4,AZ,01001
68.7,2.4,4,AZ,01001
59.6,1.3,4,AZ,01001
50.0,1.0,4,AZ,01001
65.9,2.2,4,AZ,01001
67.0,2.1,4,AZ,01001
58.3,1.0,4,AZ,01001
57.4,2.5,4,AZ,01001
70.6,2.3,4,AZ,01001
62.1,-0.2,4,AR,01001
62.9,-0.4,4,AR,01001
58.2,0.9,4,AR,01001
57.5,0.1,4,AR,01001
57.4,0.6,4,AR,01001
62.5,-0.3,4,AR,01001
61.8,-1.0,4,AR,01001
57.2,0.4,4,AR,01001
63.0,-0.6,4,AR,01001
60.6,-1.5,4,AR,01001
59.8,0.7,4,AR,01001
60.0,1.0,4,AR,01001
61.6,-0.8,4,AR,01001
61.8,-1.4,4,AR,01001
60.6,0.3,4,AR,01001
60.3,0.6,4,AR,01001
59.2,-0.2,4,AR,01001
61.1,-0.3,4,AR,01001
60.5,-0.5,4,AR,01001
60.8,-1.5,4,AR,01001
62.1,-0.7,4,AR,01001
62.4,-0.4,4,AR,01001
60.6,-0.0,4,AR,01001
59.0,-0.4,4,AR,01001
58.7,1.7,4,AR,01001
60.3,-0.5,4,AR,01001
61.3,-0.9,4,AR,01001
60.0,0.7,4,AR,01001
61.4,-1.0,4,AR,01001
60.8,-1.0,4,AR,01001
60.1,-1.0,4,AR,01001
59.7,0.7,4,AR,01001
58.5,0.8,4,AR,01001
60.0,0.2,4,AR,01001
61.7,-0.6,4,AR,01001
58.4,-0.3,4,AR,01001
62.8,-0.4,4,AR,01001
59.9,0.9,4,AR,01001
61.5,-0.1,4,AR,01001
62.2,-0.3,4,AR,01001
62.3,-0.0,4,AR,01001
59.6,-0.6,4,AR,01001
61.2,-0.5,4,AR,01001
56.5,0.0,4,AR,01001
58.0,0.8,4,AR,01001
63.6,0.4,4,AR,01001
60.4,0.1,4,AR,01001
62.0,0.2,4,AR,01001
59.2,-0.9,4,AR,01001
61.1,-1.5,4,AR,01001
56.2,-0.2,4,AR,01001
61.2,-1.8,4,AR,01001
60.7,-0.1,4,AR,01001
62.0,-0.0,4,AR,01001
59.8,-1.2,4,AR,01001
60.5,0.2,4,AR,01001
58.1,-1.2,4,AR,01001
59.0,-0.2,4,AR,01001
61.9,0.2,4,AR,01001
61.1,-0.5,4,AR,01001
59.8,1.4,4,AR,01001
61.1,-0.3,4,AR,01001
60.8,-0.5,4,AR,01001
58.8,-1.0,4,AR,01001
56.9,-0.2,4,AR,01001
60.3,-0.1,4,AR,01001
61.0,-0.5,4,AR,01001
59.0,1.2,4,AR,01001
58.2,0.3,4,AR,01001
62.5,-0.7,4,AR,01001
58.4,0.0,4,AR,01001
57.4,0.0,4,AR,01001
61.0,0.6,4,AR,01001
61.0,0.1,4,AR,01001
59.9,-0.7,4,AR,01001
56.3,1.1,4,CA,01001
39.4,0.7,4,CA,01001
54.1,0.9,4,CA,01001
56.5,0.9,4,CA,01001
54.6,1.1,4,CA,01001
58.5,1.2,4,CA,01001
57.6,0.9,4,CA,01001
46.6,-0.4,4,CA,01001
49.2,0.5,4,CA,01001
52.6,1.9,4,CA,01001
56.4,0.8,4,CA,01001
49.7,-0.0,4,CA,01001
72.9,3.1,4,CA,01001
58.3,1.6,4,CA,01001
59.0,2.0,4,CA,01001
62.1,1.7,4,CA,01001
52.4,0.8,4,CA,01001
42.5,-0.3,4,CA,01001
58.7,2.6,4,CA,01001
52.6,1.1,4,CA,01001
53.1,0.2,4,CA,01001
51.4,1.1,4,CA,01001
51.2,0.4,4,CA,01001
59.4,0.6,4,CA,01001
42.6,0.2,4,CA,01001
39.5,0.1,4,CA,01001
55.0,1.2,4,CA,01001
56.1,1.0,4,CA,01001
47.4,-0.2,4,CA,01001
60.2,0.9,4,CA,01001
49.1,0.1,4,CA,01001
42.5,-0.7,4,CA,01001
66.4,2.7,4,CA,01001
60.2,1.1,4,CA,01001
54.9,1.6,4,CA,01001
64.4,2.0,4,CA,01001
59.4,1.9,4,CA,01001
54.0,-0.4,4,CA,01001
60.0,1.1,4,CA,01001
56.4,2.1,4,CA,01001
53.6,0.5,4,CA,01001
54.1,1.5,4,CA,01001
54.9,1.5,4,CA,01001
54.6,1.6,4,CA,01001
50.7,0.0,4,CA,01001
42.0,-0.5,4,CA,01001
43.9,0.0,4,CA,01001
58.7,0.8,4,CA,01001
53.7,0.4,4,CA,01001
58.9,0.9,4,CA,01001
60.8,1.1,4,CA,01001
54.5,0.7,4,CA,01001
47.6,0.2,4,CA,01001
51.2,1.9,4,CA,01001
45.5,0.5,4,CA,01001
54.0,2.4,4,CA,01001
59.5,1.1,4,CA,01001
57.6,0.8,4,CA,01001
46.2,-0.2,4,CO,01001
40.5,-0.7,4,CO,01001
45.5,-0.3,4,CO,01001
39.4,-1.0,4,CO,01001
51.5,-0.1,4,CO,01001
51.1,-0.4,4,CO,01001
39.1,-1.7,4,CO,01001
46.9,-0.3,4,CO,01001
32.7,-2.1,4,CO,01001
49.2,0.4,4,CO,01001
31.1,-1.9,4,CO,01001
36.3,-1.4,4,CO,01001
37.5,-1.6,4,CO,01001
49.3,0.1,4,CO,01001
37.6,-0.2,4,CO,01001
41.5,-2.0,4,CO,01001
47.2,0.1,4,CO,01001
37.9,-1.0,4,CO,01001
42.5,-0.9,4,CO,01001
32.9,-3.4,4,CO,01001
44.1,-0.2,4,CO,01001
44.5,0.1,4,CO,01001
41.6,-0.7,4,CO,01001
37.1,-2.7,4,CO,01001
33.1,-1.7,4,CO,01001
31.2,-2.8,4,CO,01001
31.9,-3.0,4,CO,01001
29.0,-2.4,4,CO,01001
42.8,-0.5,4,CO,01001
30.1,-3.2,4,CO,01001
41.1,-1.1,4,CO,01001
50.1,-0.2,4,CO,01001
48.3,0.3,4,CO,01001
28.1,-2.8,4,CO,01001
40.4,-0.5,4,CO,01001
36.5,-1.3,4,CO,01001
47.2,-0.8,4,CO,01001
46.4,-0.3,4,CO,01001
46.8,-0.3,4,CO,01001
42.5,-1.2,4,CO,01001
30.4,-2.5,4,CO,01001
36.8,-4.1,4,CO,01001
44.9,-0.2,4,CO,01001
42.8,-1.0,4,CO,01001
45.9,-0.5,4,CO,01001
50.5,-0.2,4,CO,01001
36.0,-1.0,4,CO,01001
32.4,-2.4,4,CO,01001
47.7,0.4,4,CO,01001
30.6,-3.6,4,CO,01001
51.4,-0.4,4,CO,01001
49.5,0.4,4,CO,01001
38.1,-2.6,4,CO,01001
36.5,-0.6,4,CO,01001
32.9,-3.8,4,CO,01001
34.9,-1.7,4,CO,01001
28.2,-1.4,4,CO,01001
39.5,-1.0,4,CO,01001
47.7,0.2,4,CO,01001
29.0,-3.1,4,CO,01001
35.7,-0.9,4,CO,01001
46.5,-0.2,4,CO,01001
44.7,-0.9,4,CO,01001
48.6,0.5,4,CO,01001
52.7,5.5,4,CT,01001
51.9,5.3,4,CT,01001
49.7,5.3,4,CT,01001
51.4,4.9,4,CT,01001
51.4,4.8,4,CT,01001
51.1,5.1,4,CT,01001
50.2,4.6,4,CT,01001
50.1,4.5,4,CT,01001
58.5,6.5,4,DE,01001
57.4,6.0,4,DE,01001
58.9,6.6,4,DE,01001
71.2,3.2,4,FL,01001
70.1,3.3,4,FL,01001
68.5,1.7,4,FL,01001
70.9,3.5,4,FL,01001
75.1,4.7,4,FL,01001
77.1,4.3,4,FL,01001
68.3,1.8,4,FL,01001
76.6,4.7,4,FL,01001
74.2,5.1,4,FL,01001
72.0,4.6,4,FL,01001
76.9,4.3,4,FL,01001
69.8,2.8,4,FL,01001
75.8,4.5,4,FL,01001
71.3,4.1,4,FL,01001
71.5,4.6,4,FL,01001
68.1,1.6,4,FL,01001
73.9,5.6,4,FL,01001
69.2,2.2,4,FL,01001
68.6,2.3,4,FL,01001
70.8,3.5,4,FL,01001
75.9,4.3,4,FL,01001
68.8,2.2,4,FL,01001
68.9,2.2,4,FL,01001
75.8,5.0,4,FL,01001
76.0,4.0,4,FL,01001
75.1,5.9,4,FL,01001
75.9,4.8,4,FL,01001
75.8,5.5,4,FL,01001
66.8,0.6,4,FL,01001
75.5,5.1,4,FL,01001
67.8,1.1,4,FL,01001
69.3,2.8,4,FL,01001
70.4,3.5,4,FL,01001
74.7,5.1,4,FL,01001
77.7,5.3,4,FL,01001
69.4,3.0,4,FL,01001
71.7,3.8,4,FL,01001
68.7,2.3,4,FL,01001
69.0,2.5,4,FL,01001
75.3,4.6,4,FL,01001
73.3,4.5,4,FL,01001
76.7,5.0,4,FL,01001
77.5,4.4,4,FL,01001
78.0,4.3,4,FL,01001
70.7,4.2,4,FL,01001
68.1,2.1,4,FL,01001
75.7,4.8,4,FL,01001
75.4,5.0,4,FL,01001
75.7,5.1,4,FL,01001
76.7,4.5,4,FL,01001
75.2,5.7,4,FL,01001
76.4,5.6,4,FL,01001
75.7,5.0,4,FL,01001
73.3,5.1,4,FL,01001
73.2,5.7,4,FL,01001
76.1,4.9,4,FL,01001
68.2,1.8,4,FL,01001
75.3,4.0,4,FL,01001
74.6,4.5,4,FL,01001
74.6,5.2,4,FL,01001
69.8,2.9,4,FL,01001
70.5,3.5,4,FL,01001
70.3,3.1,4,FL,01001
74.1,4.8,4,FL,01001
69.7,2.9,4,FL,01001
67.6,1.6,4,FL,01001
67.6,1.0,4,FL,01001
67.3,1.7,4,GA,01001
67.2,1.5,4,GA,01001
67.9,2.2,4,GA,01001
67.3,1.3,4,GA,01001
64.3,1.3,4,GA,01001
60.6,0.7,4,GA,01001
60.8,0.8,4,GA,01001
59.6,-0.4,4,GA,01001
65.8,0.8,4,GA,01001
66.1,0.7,4,GA,01001
64.0,0.8,4,GA,01001
64.5,0.3,4,GA,01001
68.7,3.1,4,GA,01001
66.8,1.0,4,GA,01001
66.8,1.4,4,GA,01001
66.4,1.7,4,GA,01001
64.3,1.1,4,GA,01001
62.0,0.5,4,GA,01001
66.7,1.2,4,GA,01001
69.8,3.7,4,GA,01001
66.1,1.3,4,GA,01001
60.9,1.4,4,GA,01001
59.4,0.3,4,GA,01001
70.0,3.8,4,GA,01001
67.3,2.1,4,GA,01001
64.3,0.6,4,GA,01001
59.4,-0.3,4,GA,01001
59.0,-0.1,4,GA,01001
61.0,0.5,4,GA,01001
65.9,0.8,4,GA,01001
61.4,0.8,4,GA,01001
68.4,2.2,4,GA,01001
60.3,0.6,4,GA,01001
67.0,1.6,4,GA,01001
66.2,0.8,4,GA,01001
63.6,1.3,4,GA,01001
66.0,0.5,4,GA,01001
61.8,1.1,4,GA,01001
63.8,0.8,4,GA,01001
65.7,1.4,4,GA,01001
58.8,0.2,4,GA,01001
58.1,0.1,4,GA,01001
68.0,1.7,4,GA,01001
60.9,0.9,4,GA,01001
64.4,-0.2,4,GA,01001
65.2,1.1,4,GA,01001
67.0,1.4,4,GA,01001
60.9,1.2,4,GA,01001
66.9,1.0,4,GA,01001
68.3,1.9,4,GA,01001
66.8,2.2,4,GA,01001
61.4,0.9,4,GA,01001
65.2,0.9,4,GA,01001
66.3,0.9,4,GA,01001
56.1,0.2,4,GA,01001
61.6,0.8,4,GA,01001
59.9,-0.3,4,GA,01001
59.1,0.3,4,GA,01001
60.6,0.6,4,GA,01001
60.8,1.0,4,GA,01001
57.0,0.2,4,GA,01001
63.6,1.0,4,GA,01001
68.6,2.5,4,GA,01001
59.6,-0.2,4,GA,01001
67.9,1.9,4,GA,01001
62.1,0.7,4,GA,01001
60.3,0.7,4,GA,01001
58.9,0.7,4,GA,01001
59.6,0.5,4,GA,01001
63.8,1.4,4,GA,01001
60.0,0.9,4,GA,01001
62.7,0.6,4,GA,01001
60.7,0.8,4,GA,01001
62.0,1.4,4,GA,01001
61.6,0.5,4,GA,01001
64.6,0.7,4,GA,01001
65.8,0.8,4,GA,01001
60.9,0.8,4,GA,01001
62.3,0.8,4,GA,01001
66.9,1.6,4,GA,01001
63.7,0.7,4,GA,01001
65.0,1.3,4,GA,01001
64.9,1.0,4,GA,01001
63.4,0.8,4,GA,01001
62.3,0.5,4,GA,01001
66.7,1.0,4,GA,01001
64.7,0.3,4,GA,01001
66.4,1.4,4,GA,01001
66.7,1.1,4,GA,01001
62.6,1.0,4,GA,01001
66.7,0.9,4,GA,01001
66.8,1.0,4,GA,01001
57.5,0.3,4,GA,01001
63.1,1.1,4,GA,01001
67.5,1.6,4,GA,01001
64.7,1.0,4,GA,01001
61.0,0.9,4,GA,01001
64.2,0.9,4,GA,01001
62.2,0.9,4,GA,01001
67.3,1.2,4,GA,01001
67.2,1.4,4,GA,01001
62.9,0.7,4,GA,01001
66.0,1.0,4,GA,01001
61.7,0.5,4,GA,01001
58.9,-0.0,4,GA,01001
63.9,0.6,4,GA,01001
61.5,0.6,4,GA,01001
61.2,0.5,4,GA,01001
61.4,0.7,4,GA,01001
60.1,0.5,4,GA,01001
64.2,0.8,4,GA,01001
58.2,-0.0,4,GA,01001
68.4,2.7,4,GA,01001
62.2,0.7,4,GA,01001
60.3,0.5,4,GA,01001
64.8,0.4,4,GA,01001
62.9,0.9,4,GA,01001
65.2,0.6,4,GA,01001
57.1,1.1,4,GA,01001
65.6,1.0,4,GA,01001
64.1,1.2,4,GA,01001
61.2,0.6,4,GA,01001
64.7,1.0,4,GA,01001
65.6,1.7,4,GA,01001
67.7,1.3,4,GA,01001
61.9,0.4,4,GA,01001
59.9,0.1,4,GA,01001
64.7,0.7,4,GA,01001
65.5,1.2,4,GA,01001
63.2,0.8,4,GA,01001
62.5,1.0,4,GA,01001
66.4,0.9,4,GA,01001
64.0,1.0,4,GA,01001
65.8,0.7,4,GA,01001
66.1,1.2,4,GA,01001
67.3,1.5,4,GA,01001
65.5,0.5,4,GA,01001
66.4,1.2,4,GA,01001
56.2,1.3,4,GA,01001
65.2,0.6,4,GA,01001
62.3,0.9,4,GA,01001
65.5,0.9,4,GA,01001
64.4,0.7,4,GA,01001
56.0,0.8,4,GA,01001
62.9,0.8,4,GA,01001
59.0,0.1,4,GA,01001
60.9,0.6,4,GA,01001
69.0,2.9,4,GA,01001
63.1,1.1,4,GA,01001
64.8,1.5,4,GA,01001
67.4,1.8,4,GA,01001
65.0,1.0,4,GA,01001
65.6,0.5,4,GA,01001
58.0,0.8,4,GA,01001
59.4,0.1,4,GA,01001
65.2,0.6,4,GA,01001
62.1,1.0,4,GA,01001
64.8,1.1,4,GA,01001
66.1,1.1,4,GA,01001
47.2,-2.7,4,ID,01001
37.6,-3.2,4,ID,01001
39.7,-2.6,4,ID,01001
31.2,-6.3,4,ID,01001
42.0,-1.4,4,ID,01001
39.6,-3.2,4,ID,01001
36.7,-2.9,4,ID,01001
37.4,-3.1,4,ID,01001
40.7,-1.2,4,ID,01001
35.8,-3.7,4,ID,01001
38.7,-0.7,4,ID,01001
35.5,-4.5,4,ID,01001
35.9,-2.4,4,ID,01001
48.3,-2.8,4,ID,01001
35.4,-3.4,4,ID,01001
40.7,-2.0,4,ID,01001
33.6,-4.1,4,ID,01001
40.4,-1.0,4,ID,01001
32.4,-2.7,4,ID,01001
41.9,-2.3,4,ID,01001
38.2,-3.1,4,ID,01001
33.2,-4.2,4,ID,01001
44.1,-3.3,4,ID,01001
45.3,-1.2,4,ID,01001
37.9,-1.1,4,ID,01001
37.8,-4.8,4,ID,01001
45.7,-0.7,4,ID,01001
41.3,-2.1,4,ID,01001
43.2,-0.8,4,ID,01001
34.7,-2.0,4,ID,01001
41.8,-1.3,4,ID,01001
43.4,-1.0,4,ID,01001
36.6,-4.2,4,ID,01001
42.2,-2.0,4,ID,01001
45.9,-0.8,4,ID,01001
39.6,-3.2,4,ID,01001
42.0,-2.4,4,ID,01001
47.8,-2.4,4,ID,01001
40.0,-3.1,4,ID,01001
39.0,-1.1,4,ID,01001
33.2,-3.7,4,ID,01001
42.1,-2.6,4,ID,01001
33.8,-2.2,4,ID,01001
42.9,-3.0,4,ID,01001
54.2,1.8,4,IL,01001
58.0,1.1,4,IL,01001
56.2,2.5,4,IL,01001
48.9,1.9,4,IL,01001
53.9,1.8,4,IL,01001
50.9,1.9,4,IL,01001
55.8,1.9,4,IL,01001
49.6,2.0,4,IL,01001
54.1,1.7,4,IL,01001
52.5,2.0,4,IL,01001
54.8,2.6,4,IL,01001
54.2,1.8,4,IL,01001
55.5,1.8,4,IL,01001
56.4,2.0,4,IL,01001
53.8,1.9,4,IL,01001
50.8,3.3,4,IL,01001
54.8,1.5,4,IL,01001
54.3,1.8,4,IL,01001
49.4,2.0,4,IL,01001
53.1,2.5,4,IL,01001
53.5,2.2,4,IL,01001
50.3,2.7,4,IL,01001
53.0,1.5,4,IL,01001
56.3,1.5,4,IL,01001
54.7,1.7,4,IL,01001
55.3,2.0,4,IL,01001
51.8,2.2,4,IL,01001
56.4,1.2,4,IL,01001
53.4,1.9,4,IL,01001
57.2,1.1,4,IL,01001
55.3,1.7,4,IL,01001
51.4,2.6,4,IL,01001
56.4,1.1,4,IL,01001
53.5,1.7,4,IL,01001
57.0,0.7,4,IL,01001
52.8,2.0,4,IL,01001
51.1,1.9,4,IL,01001
51.7,2.3,4,IL,01001
56.4,0.9,4,IL,01001
54.9,1.6,4,IL,01001
55.8,1.0,4,IL,01001
56.1,2.0,4,IL,01001
48.5,1.4,4,IL,01001
56.9,0.9,4,IL,01001
49.5,2.2,4,IL,01001
51.4,2.6,4,IL,01001
50.2,1.8,4,IL,01001
51.7,1.8,4,IL,01001
49.6,3.4,4,IL,01001
51.0,2.1,4,IL,01001
55.3,1.2,4,IL,01001
50.0,1.9,4,IL,01001
52.2,2.8,4,IL,01001
53.8,2.2,4,IL,01001
53.0,1.7,4,IL,01001
48.6,2.2,4,IL,01001
52.7,2.9,4,IL,01001
53.7,2.3,4,IL,01001
55.6,2.5,4,IL,01001
56.3,1.9,4,IL,01001
55.6,1.6,4,IL,01001
52.2,2.3,4,IL,01001
54.0,1.8,4,IL,01001
58.1,1.3,4,IL,01001
53.8,1.7,4,IL,01001
51.7,1.7,4,IL,01001
57.2,1.8,4,IL,01001
55.7,2.9,4,IL,01001
54.3,1.9,4,IL,01001
53.6,1.9,4,IL,01001
49.3,1.7,4,IL,01001
53.1,2.6,4,IL,01001
56.3,1.4,4,IL,01001
53.1,2.3,4,IL,01001
54.6,1.7,4,IL,01001
57.0,0.8,4,IL,01001
58.2,1.3,4,IL,01001
51.8,2.0,4,IL,01001
56.7,1.5,4,IL,01001
55.5,1.5,4,IL,01001
51.7,2.2,4,IL,01001
56.6,1.5,4,IL,01001
56.7,1.0,4,IL,01001
54.3,2.1,4,IL,01001
53.8,1.8,4,IL,01001
54.6,1.7,4,IL,01001
54.1,1.7,4,IL,01001
51.4,1.8,4,IL,01001
48.5,1.6,4,IL,01001
53.5,2.6,4,IL,01001
56.6,0.6,4,IL,01001
51.9,1.3,4,IL,01001
56.2,1.5,4,IL,01001
52.2,2.1,4,IL,01001
56.3,1.6,4,IL,01001
56.0,1.5,4,IL,01001
57.0,1.4,4,IL,01001
51.0,2.4,4,IL,01001
50.8,2.3,4,IL,01001
56.6,1.2,4,IL,01001
49.1,1.8,4,IL,01001
52.7,2.9,4,IL,01001
51.4,3.0,4,IN,01001
50.8,2.6,4,IN,01001
54.7,2.3,4,IN,01001
51.4,2.3,4,IN,01001
51.9,2.6,4,IN,01001
51.5,2.1,4,IN,01001
54.0,2.2,4,IN,01001
51.8,2.5,4,IN,01001
51.3,2.4,4,IN,01001
55.4,1.4,4,IN,01001
54.0,2.3,4,IN,01001
51.7,2.4,4,IN,01001
54.3,0.2,4,IN,01001
55.1,1.8,4,IN,01001
53.8,1.8,4,IN,01001
53.5,1.7,4,IN,01001
50.0,2.6,4,IN,01001
52.1,2.4,4,IN,01001
54.7,0.7,4,IN,01001
50.0,3.1,4,IN,01001
52.1,1.7,4,IN,01001
55.5,1.2,4,IN,01001
51.8,1.5,4,IN,01001
52.9,1.7,4,IN,01001
50.5,2.6,4,IN,01001
56.5,1.6,4,IN,01001
52.3,2.8,4,IN,01001
54.5,2.3,4,IN,01001
52.1,2.1,4,IN,01001
52.5,1.9,4,IN,01001
55.4,1.0,4,IN,01001
52.1,1.8,4,IN,01001
51.9,2.3,4,IN,01001
52.0,2.6,4,IN,01001
51.3,2.5,4,IN,01001
55.4,2.5,4,IN,01001
50.9,2.4,4,IN,01001
51.2,2.3,4,IN,01001
55.7,2.6,4,IN,01001
55.4,2.6,4,IN,01001
53.3,2.0,4,IN,01001
55.4,1.5,4,IN,01001
50.0,2.4,4,IN,01001
50.1,3.2,4,IN,01001
50.7,2.9,4,IN,01001
50.4,3.2,4,IN,01001
54.0,1.4,4,IN,01001
52.6,2.6,4,IN,01001
52.6,1.8,4,IN,01001
50.2,3.0,4,IN,01001
54.6,1.6,4,IN,01001
51.3,2.3,4,IN,01001
53.7,2.0,4,IN,01001
51.8,2.0,4,IN,01001
53.4,2.1,4,IN,01001
51.2,2.4,4,IN,01001
49.6,2.3,4,IN,01001
54.8,2.1,4,IN,01001
53.9,0.6,4,IN,01001
53.8,2.3,4,IN,01001
52.4,1.3,4,IN,01001
55.0,0.0,4,IN,01001
55.7,1.5,4,IN,01001
50.7,3.3,4,IN,01001
57.4,1.4,4,IN,01001
50.5,2.4,4,IN,01001
52.4,1.7,4,IN,01001
51.0,2.1,4,IN,01001
54.1,2.2,4,IN,01001
52.3,1.6,4,IN,01001
50.1,3.2,4,IN,01001
55.8,2.5,4,IN,01001
53.3,1.7,4,IN,01001
56.1,0.7,4,IN,01001
50.6,3.0,4,IN,01001
49.9,3.4,4,IN,01001
55.0,2.3,4,IN,01001
55.5,2.4,4,IN,01001
51.8,2.2,4,IN,01001
52.2,2.7,4,IN,01001
52.1,1.8,4,IN,01001
57.4,1.6,4,IN,01001
52.4,1.1,4,IN,01001
54.2,2.1,4,IN,01001
51.2,2.3,4,IN,01001
51.6,1.7,4,IN,01001
56.6,1.4,4,IN,01001
54.6,1.6,4,IN,01001
51.4,1.9,4,IN,01001
51.5,2.8,4,IN,01001
51.2,2.3,4,IN,01001
50.1,2.1,4,IN,01001
50.3,1.4,4,IA,01001
51.0,1.6,4,IA,01001
46.6,0.5,4,IA,01001
51.4,1.1,4,IA,01001
49.4,1.2,4,IA,01001
48.9,0.9,4,IA,01001
49.2,1.8,4,IA,01001
50.3,1.8,4,IA,01001
47.8,1.3,4,IA,01001
48.0,1.0,4,IA,01001
47.0,0.4,4,IA,01001
48.2,1.5,4,IA,01001
48.7,1.1,4,IA,01001
50.0,2.2,4,IA,01001
50.7,1.5,4,IA,01001
49.5,0.7,4,IA,01001
47.0,1.3,4,IA,01001
47.7,0.9,4,IA,01001
46.1,0.5,4,IA,01001
52.2,2.4,4,IA,01001
46.5,0.6,4,IA,01001
47.6,0.9,4,IA,01001
50.4,1.8,4,IA,01001
50.3,2.4,4,IA,01001
51.2,1.8,4,IA,01001
51.7,1.2,4,IA,01001
52.5,2.4,4,IA,01001
48.0,1.2,4,IA,01001
52.2,1.5,4,IA,01001
45.1,-0.1,4,IA,01001
48.2,1.1,4,IA,01001
45.5,0.2,4,IA,01001
47.0,1.0,4,IA,01001
46.8,0.7,4,IA,01001
48.0,1.7,4,IA,01001
53.1,1.7,4,IA,01001
50.3,2.0,4,IA,01001
48.9,1.5,4,IA,01001
50.2,1.5,4,IA,01001
48.3,0.9,4,IA,01001
46.7,0.9,4,IA,01001
48.8,1.6,4,IA,01001
51.0,1.5,4,IA,01001
51.4,0.8,4,IA,01001
45.1,0.5,4,IA,01001
47.6,0.5,4,IA,01001
48.8,1.4,4,IA,01001
50.1,1.2,4,IA,01001
49.2,1.3,4,IA,01001
50.9,1.8,4,IA,01001
50.6,0.2,4,IA,01001
50.0,0.9,4,IA,01001
49.2,1.5,4,IA,01001
50.7,1.1,4,IA,01001
46.3,0.4,4,IA,01001
52.7,1.1,4,IA,01001
49.3,1.5,4,IA,01001
51.4,1.2,4,IA,01001
52.3,2.3,4,IA,01001
45.4,-0.6,4,IA,01001
51.4,1.8,4,IA,01001
51.5,1.8,4,IA,01001
52.2,2.1,4,IA,01001
49.3,1.1,4,IA,01001
52.5,1.7,4,IA,01001
45.8,0.6,4,IA,01001
50.0,1.2,4,IA,01001
51.8,1.6,4,IA,01001
52.2,2.1,4,IA,01001
50.3,0.6,4,IA,01001
46.5,0.3,4,IA,01001
45.0,-0.4,4,IA,01001
52.7,2.1,4,IA,01001
46.2,0.2,4,IA,01001
48.4,1.1,4,IA,01001
46.3,-0.7,4,IA,01001
51.1,1.4,4,IA,01001
51.5,1.5,4,IA,01001
50.6,1.9,4,IA,01001
52.5,2.8,4,IA,01001
48.9,1.6,4,IA,01001
51.5,2.5,4,IA,01001
50.3,1.7,4,IA,01001
46.5,-0.2,4,IA,01001
49.8,1.3,4,IA,01001
49.3,1.2,4,IA,01001
52.0,2.2,4,IA,01001
51.5,2.2,4,IA,01001
51.6,0.5,4,IA,01001
51.4,1.1,4,IA,01001
51.9,1.7,4,IA,01001
50.2,0.5,4,IA,01001
51.8,1.7,4,IA,01001
48.7,1.2,4,IA,01001
46.0,0.8,4,IA,01001
46.2,1.1,4,IA,01001
49.2,1.1,4,IA,01001
45.9,0.8,4,IA,01001
47.6,1.0,4,IA,01001
56.4,0.6,4,KS,01001
56.2,1.1,4,KS,01001
54.7,1.6,4,KS,01001
56.8,0.9,4,KS,01001
54.5,1.1,4,KS,01001
56.3,0.4,4,KS,01001
54.0,1.7,4,KS,01001
56.7,1.4,4,KS,01001
55.9,1.5,4,KS,01001
57.7,0.3,4,KS,01001
58.0,0.6,4,KS,01001
49.4,0.2,4,KS,01001
56.3,0.6,4,KS,01001
55.1,1.8,4,KS,01001
54.9,2.2,4,KS,01001
58.0,3.2,4,KS,01001
56.9,1.2,4,KS,01001
57.4,0.8,4,KS,01001
57.2,0.7,4,KS,01001
51.0,0.6,4,KS,01001
56.5,2.6,4,KS,01001
53.9,0.8,4,KS,01001
56.4,2.0,4,KS,01001
55.3,1.4,4,KS,01001
56.9,0.6,4,KS,01001
53.9,1.4,4,KS,01001
55.3,1.6,4,KS,01001
53.4,1.0,4,KS,01001
55.0,1.2,4,KS,01001
56.4,1.8,4,KS,01001
55.9,2.2,4,KS,01001
52.6,1.0,4,KS,01001
52.8,1.0,4,KS,01001
53.5,0.2,4,KS,01001
54.0,0.8,4,KS,01001
50.5,0.2,4,KS,01001
56.5,1.2,4,KS,01001
52.3,0.1,4,KS,01001
56.8,0.4,4,KS,01001
56.4,1.5,4,KS,01001
53.6,0.3,4,KS,01001
54.8,1.4,4,KS,01001
54.7,1.9,4,KS,01001
55.8,2.2,4,KS,01001
53.2,1.6,4,KS,01001
56.3,2.1,4,KS,01001
53.2,0.9,4,KS,01001
56.0,0.6,4,KS,01001
55.7,1.1,4,KS,01001
57.1,-0.5,4,KS,01001
53.1,1.3,4,KS,01001
56.1,2.2,4,KS,01001
55.1,1.9,4,KS,01001
56.2,0.9,4,KS,01001
51.7,0.8,4,KS,01001
56.9,2.7,4,KS,01001
55.8,1.7,4,KS,01001
56.0,1.8,4,KS,01001
52.6,0.4,4,KS,01001
55.4,0.4,4,KS,01001
56.2,1.6,4,KS,01001
54.1,1.5,4,KS,01001
57.4,-0.3,4,KS,01001
55.6,2.0,4,KS,01001
53.4,-0.3,4,KS,01001
53.0,1.1,4,KS,01001
56.7,0.1,4,KS,01001
54.0,1.2,4,KS,01001
51.8,0.8,4,KS,01001
57.1,3.1,4,KS,01001
53.9,1.4,4,KS,01001
55.6,2.3,4,KS,01001
54.8,1.2,4,KS,01001
52.4,0.7,4,KS,01001
54.5,1.4,4,KS,01001
56.0,1.3,4,KS,01001
50.3,0.6,4,KS,01001
56.0,1.1,4,KS,01001
53.6,1.9,4,KS,01001
55.4,1.3,4,KS,01001
55.0,1.6,4,KS,01001
53.4,1.1,4,KS,01001
54.1,1.1,4,KS,01001
54.9,1.9,4,KS,01001
56.2,2.3,4,KS,01001
52.4,0.9,4,KS,01001
56.9,1.2,4,KS,01001
54.4,0.0,4,KS,01001
56.2,2.3,4,KS,01001
51.6,0.9,4,KS,01001
49.7,0.8,4,KS,01001
52.6,0.8,4,KS,01001
55.4,1.4,4,KS,01001
53.2,0.1,4,KS,01001
53.6,-0.3,4,KS,01001
57.2,0.6,4,KS,01001
50.6,0.7,4,KS,01001
53.3,1.1,4,KS,01001
55.7,2.1,4,KS,01001
50.4,0.6,4,KS,01001
53.3,1.2,4,KS,01001
51.5,0.5,4,KS,01001
57.1,0.3,4,KS,01001
57.4,1.7,4,KS,01001
56.4,2.3,4,KS,01001
57.4,2.1,4,KY,01001
57.2,0.1,4,KY,01001
56.2,2.2,4,KY,01001
58.9,1.7,4,KY,01001
57.2,0.5,4,KY,01001
55.9,2.0,4,KY,01001
56.0,1.4,4,KY,01001
54.4,1.8,4,KY,01001
55.6,2.4,4,KY,01001
57.1,3.4,4,KY,01001
56.5,2.4,4,KY,01001
54.7,1.9,4,KY,01001
57.2,2.0,4,KY,01001
56.3,1.2,4,KY,01001
56.6,1.5,4,KY,01001
58.2,1.6,4,KY,01001
57.6,0.4,4,KY,01001
58.0,0.0,4,KY,01001
54.2,1.4,4,KY,01001
59.0,1.5,4,KY,01001
56.1,2.4,4,KY,01001
56.0,2.8,4,KY,01001
56.6,2.2,4,KY,01001
57.8,0.6,4,KY,01001
56.2,2.4,4,KY,01001
56.9,1.9,4,KY,01001
57.5,1.8,4,KY,01001
57.4,0.6,4,KY,01001
57.8,1.5,4,KY,01001
57.1,1.1,4,KY,01001
57.9,1.5,4,KY,01001
56.0,2.5,4,KY,01001
56.8,1.9,4,KY,01001
56.1,2.8,4,KY,01001
55.3,2.0,4,KY,01001
57.4,2.1,4,KY,01001
56.0,2.1,4,KY,01001
59.0,0.6,4,KY,01001
55.6,2.3,4,KY,01001
56.6,2.3,4,KY,01001
55.0,2.0,4,KY,01001
58.6,0.9,4,KY,01001
57.3,1.8,4,KY,01001
57.4,1.7,4,KY,01001
56.0,2.9,4,KY,01001
56.1,0.5,4,KY,01001
56.7,1.7,4,KY,01001
55.2,1.9,4,KY,01001
55.2,2.1,4,KY,01001
57.4,1.5,4,KY,01001
57.6,1.2,4,KY,01001
55.5,1.8,4,KY,01001
59.0,1.1,4,KY,01001
57.6,0.6,4,KY,01001
56.2,1.9,4,KY,01001
56.0,1.1,4,KY,01001
56.6,2.7,4,KY,01001
56.8,2.3,4,KY,01001
54.1,1.5,4,KY,01001
56.7,2.0,4,KY,01001
56.7,1.5,4,KY,01001
56.9,1.7,4,KY,01001
56.5,1.8,4,KY,01001
56.9,2.8,4,KY,01001
57.0,1.8,4,KY,01001
56.6,1.9,4,KY,01001
55.9,2.0,4,KY,01001
55.0,2.1,4,KY,01001
56.3,2.2,4,KY,01001
58.0,1.0,4,KY,01001
57.4,0.3,4,KY,01001
58.1,0.6,4,KY,01001
58.8,1.7,4,KY,01001
56.2,1.2,4,KY,01001
57.7,1.2,4,KY,01001
56.7,2.2,4,KY,01001
56.7,2.1,4,KY,01001
56.8,1.9,4,KY,01001
58.5,0.7,4,KY,01001
57.3,2.3,4,KY,01001
54.8,2.0,4,KY,01001
55.8,1.0,4,KY,01001
56.0,1.9,4,KY,01001
56.6,2.5,4,KY,01001
57.0,1.1,4,KY,01001
56.9,0.3,4,KY,01001
56.0,2.3,4,KY,01001
56.2,2.1,4,KY,01001
58.2,1.3,4,KY,01001
56.5,1.6,4,KY,01001
55.3,2.1,4,KY,01001
57.8,1.8,4,KY,01001
55.1,1.1,4,KY,01001
55.6,2.2,4,KY,01001
57.1,1.9,4,KY,01001
54.8,1.8,4,KY,01001
56.9,2.0,4,KY,01001
57.5,2.4,4,KY,01001
56.6,2.0,4,KY,01001
56.7,1.9,4,KY,01001
55.0,2.1,4,KY,01001
56.2,1.9,4,KY,01001
55.4,1.8,4,KY,01001
57.4,2.2,4,KY,01001
55.7,2.4,4,KY,01001
55.3,1.5,4,KY,01001
57.3,0.2,4,KY,01001
55.9,1.4,4,KY,01001
57.2,2.1,4,KY,01001
57.6,0.5,4,KY,01001
57.8,0.1,4,KY,01001
55.7,2.1,4,KY,01001
57.5,0.9,4,KY,01001
57.9,0.9,4,KY,01001
56.4,1.9,4,KY,01001
57.0,1.9,4,KY,01001
57.2,0.4,4,KY,01001
56.4,1.0,4,KY,01001
56.6,2.0,4,KY,01001
56.5,2.8,4,KY,01001
67.6,-0.5,4,LA,01001
66.3,-0.9,4,LA,01001
68.6,1.1,4,LA,01001
69.0,1.0,4,LA,01001
65.6,-1.2,4,LA,01001
66.5,-0.2,4,LA,01001
63.3,-0.6,4,LA,01001
63.2,-0.9,4,LA,01001
63.4,-1.1,4,LA,01001
67.4,-0.2,4,LA,01001
63.7,-1.1,4,LA,01001
68.0,-0.1,4,LA,01001
64.7,-1.1,4,LA,01001
62.5,-0.9,4,LA,01001
65.2,-0.8,4,LA,01001
63.6,-1.1,4,LA,01001
68.2,1.1,4,LA,01001
63.8,-0.4,4,LA,01001
67.0,0.8,4,LA,01001
66.2,-1.1,4,LA,01001
64.2,-0.9,4,LA,01001
64.0,-1.8,4,LA,01001
68.7,0.6,4,LA,01001
68.4,0.8,4,LA,01001
63.1,-0.8,4,LA,01001
69.6,1.3,4,LA,01001
67.2,-0.9,4,LA,01001
68.2,0.2,4,LA,01001
69.6,1.1,4,LA,01001
64.4,-1.3,4,LA,01001
62.8,-0.7,4,LA,01001
68.2,1.3,4,LA,01001
64.1,-0.7,4,LA,01001
63.1,-0.8,4,LA,01001
64.0,-1.4,4,LA,01001
69.4,1.8,4,LA,01001
63.2,-1.0,4,LA,01001
69.4,1.3,4,LA,01001
67.3,0.0,4,LA,01001
65.1,-1.4,4,LA,01001
63.8,-0.8,4,LA,01001
63.6,-1.0,4,LA,01001
64.2,-0.9,4,LA,01001
69.2,1.7,4,LA,01001
69.6,1.4,4,LA,01001
66.5,0.6,4,LA,01001
69.0,1.2,4,LA,01001
69.1,1.4,4,LA,01001
66.8,-0.7,4,LA,01001
68.4,0.5,4,LA,01001
69.0,0.9,4,LA,01001
68.6,2.1,4,LA,01001
67.5,1.3,4,LA,01001
64.4,-0.9,4,LA,01001
69.6,1.0,4,LA,01001
62.9,-0.7,4,LA,01001
68.7,0.4,4,LA,01001
65.2,-0.6,4,LA,01001
67.1,1.3,4,LA,01001
62.9,-1.0,4,LA,01001
68.3,0.8,4,LA,01001
63.5,-0.6,4,LA,01001
66.9,0.2,4,LA,01001
63.6,-1.2,4,LA,01001
45.2,4.0,4,ME,01001
39.5,3.3,4,ME,01001
45.2,3.4,4,ME,01001
39.8,3.5,4,ME,01001
43.8,3.0,4,ME,01001
44.9,3.8,4,ME,01001
43.8,3.0,4,ME,01001
44.6,3.4,4,ME,01001
42.6,4.0,4,ME,01001
42.7,3.1,4,ME,01001
40.2,3.5,4,ME,01001
45.2,3.6,4,ME,01001
40.3,3.6,4,ME,01001
43.8,3.1,4,ME,01001
43.7,3.8,4,ME,01001
45.3,2.8,4,ME,01001
54.5,4.1,4,MD,01001
59.8,6.1,4,MD,01001
58.0,6.6,4,MD,01001
59.5,5.6,4,MD,01001
59.1,6.3,4,MD,01001
56.5,6.1,4,MD,01001
57.1,5.4,4,MD,01001
60.0,5.7,4,MD,01001
60.2,6.6,4,MD,01001
57.0,5.8,4,MD,01001
50.2,4.0,4,MD,01001
57.3,5.6,4,MD,01001
58.2,6.7,4,MD,01001
58.2,5.4,4,MD,01001
58.5,6.3,4,MD,01001
59.1,5.5,4,MD,01001
58.8,5.8,4,MD,01001
59.9,5.8,4,MD,01001
60.6,6.8,4,MD,01001
59.6,5.9,4,MD,01001
56.1,5.1,4,MD,01001
60.0,6.9,4,MD,01001
59.5,6.8,4,MD,01001
60.3,7.4,4,MD,01001
59.3,5.4,4,MD,01001
49.8,5.2,4,MA,01001
48.1,5.6,4,MA,01001
51.1,5.0,4,MA,01001
50.5,5.5,4,MA,01001
48.5,3.6,4,MA,01001
48.9,4.9,4,MA,01001
50.3,5.0,4,MA,01001
49.7,4.8,4,MA,01001
50.3,4.7,4,MA,01001
49.0,5.4,4,MA,01001
51.5,5.6,4,MA,01001
51.5,5.8,4,MA,01001
50.9,5.2,4,MA,01001
49.7,5.3,4,MA,01001
44.2,3.9,4,MI,01001
39.2,1.5,4,MI,01001
49.0,3.0,4,MI,01001
44.4,4.4,4,MI,01001
45.7,5.1,4,MI,01001
46.8,4.3,4,MI,01001
37.3,0.7,4,MI,01001
49.1,3.6,4,MI,01001
48.2,4.3,4,MI,01001
46.2,5.9,4,MI,01001
49.8,3.1,4,MI,01001
49.4,3.2,4,MI,01001
49.0,3.4,4,MI,01001
49.7,3.2,4,MI,01001
44.9,4.3,4,MI,01001
44.0,4.1,4,MI,01001
39.2,1.9,4,MI,01001
46.1,4.0,4,MI,01001
49.0,3.7,4,MI,01001
44.9,4.5,4,MI,01001
39.7,1.1,4,MI,01001
39.0,0.6,4,MI,01001
49.0,3.7,4,MI,01001
43.4,4.0,4,MI,01001
49.0,4.1,4,MI,01001
47.0,4.0,4,MI,01001
36.7,-1.1,4,MI,01001
46.6,6.1,4,MI,01001
48.2,3.5,4,MI,01001
49.0,3.2,4,MI,01001
38.4,0.7,4,MI,01001
47.7,5.4,4,MI,01001
48.8,3.7,4,MI,01001
48.5,3.4,4,MI,01001
45.5,4.2,4,MI,01001
37.4,0.2,4,MI,01001
47.6,4.1,4,MI,01001
48.4,3.2,4,MI,01001
49.7,3.6,4,MI,01001
45.5,5.0,4,MI,01001
48.3,3.4,4,MI,01001
37.1,0.6,4,MI,01001
45.9,3.4,4,MI,01001
48.7,4.3,4,MI,01001
46.4,6.6,4,MI,01001
49.7,3.3,4,MI,01001
48.1,3.4,4,MI,01001
38.6,1.5,4,MI,01001
40.0,2.3,4,MI,01001
49.5,4.1,4,MI,01001
45.6,4.2,4,MI,01001
38.2,1.2,4,MI,01001
45.5,3.1,4,MI,01001
46.6,3.6,4,MI,01001
40.9,0.9,4,MI,01001
48.3,4.1,4,MI,01001
45.1,4.3,4,MI,01001
50.4,3.4,4,MI,01001
47.5,3.6,4,MI,01001
45.1,4.8,4,MI,01001
48.0,3.9,4,MI,01001
47.0,3.6,4,MI,01001
48.7,3.8,4,MI,01001
46.5,3.5,4,MI,01001
45.5,4.1,4,MI,01001
37.6,-0.5,4,MI,01001
45.4,3.7,4,MI,01001
44.8,4.3,4,MI,01001
44.8,4.9,4,MI,01001
48.6,3.4,4,MI,01001
44.0,4.2,4,MI,01001
45.3,4.3,4,MI,01001
48.9,4.0,4,MI,01001
49.2,4.5,4,MI,01001
50.1,3.5,4,MI,01001
48.2,4.9,4,MI,01001
39.6,1.2,4,MI,01001
48.9,3.8,4,MI,01001
48.6,4.5,4,MI,01001
49.4,3.0,4,MI,01001
48.1,2.7,4,MI,01001
49.9,3.6,4,MI,01001
45.4,4.6,4,MI,01001
36.8,-3.1,4,MN,01001
42.4,-2.0,4,MN,01001
35.4,-4.9,4,MN,01001
35.4,-3.4,4,MN,01001
40.1,-2.5,4,MN,01001
37.8,-5.8,4,MN,01001
44.7,-0.9,4,MN,01001
43.6,-1.7,4,MN,01001
36.7,-2.5,4,MN,01001
43.6,-1.3,4,MN,01001
37.0,-2.9,4,MN,01001
39.4,-4.7,4,MN,01001
41.4,-2.4,4,MN,01001
35.2,-6.9,4,MN,01001
35.9,-3.3,4,MN,01001
32.6,-2.4,4,MN,01001
43.9,-0.6,4,MN,01001
38.0,-2.8,4,MN,01001
44.4,-1.0,4,MN,01001
44.2,0.2,4,MN,01001
37.4,-4.1,4,MN,01001
45.4,-0.0,4,MN,01001
45.0,0.5,4,MN,01001
45.2,0.5,4,MN,01001
44.5,-0.3,4,MN,01001
36.9,-5.6,4,MN,01001
43.7,-1.1,4,MN,01001
46.6,1.0,4,MN,01001
36.4,-3.0,4,MN,01001
40.7,-2.8,4,MN,01001
35.7,-3.0,4,MN,01001
44.6,-0.1,4,MN,01001
39.6,-2.4,4,MN,01001
39.2,-4.2,4,MN,01001
33.7,-5.6,4,MN,01001
34.9,-3.1,4,MN,01001
39.6,-4.6,4,MN,01001
33.1,-3.1,4,MN,01001
35.2,-2.8,4,MN,01001
44.2,-1.2,4,MN,01001
40.6,-2.9,4,MN,01001
41.6,-2.9,4,MN,01001
42.4,-2.2,4,MN,01001
35.0,-5.0,4,MN,01001
33.5,-6.3,4,MN,01001
45.1,-0.1,4,MN,01001
39.8,-3.8,4,MN,01001
39.5,-2.4,4,MN,01001
39.2,-2.6,4,MN,01001
45.0,1.0,4,MN,01001
42.0,-1.9,4,MN,01001
44.1,-1.3,4,MN,01001
43.5,-1.0,4,MN,01001
34.2,-7.4,4,MN,01001
44.8,0.6,4,MN,01001
36.4,-4.9,4,MN,01001
33.8,-6.2,4,MN,01001
39.4,-1.6,4,MN,01001
42.0,-1.8,4,MN,01001
34.5,-6.4,4,MN,01001
37.8,-4.4,4,MN,01001
43.8,-1.3,4,MN,01001
34.1,-6.4,4,MN,01001
42.4,-2.7,4,MN,01001
41.8,-3.0,4,MN,01001
44.0,-1.0,4,MN,01001
44.4,-0.6,4,MN,01001
33.7,-4.7,4,MN,01001
34.8,-2.8,4,MN,01001
44.1,-1.3,4,MN,01001
41.1,-2.4,4,MN,01001
43.7,-1.4,4,MN,01001
39.2,-3.3,4,MN,01001
44.2,-0.3,4,MN,01001
37.6,-5.3,4,MN,01001
38.3,-5.2,4,MN,01001
38.4,-2.9,4,MN,01001
37.0,-6.2,4,MN,01001
45.6,0.7,4,MN,01001
37.5,-3.0,4,MN,01001
44.6,-0.4,4,MN,01001
43.6,-1.3,4,MN,01001
44.5,-0.7,4,MN,01001
35.9,-6.9,4,MN,01001
46.1,1.2,4,MN,01001
41.8,-2.1,4,MN,01001
41.0,-3.6,4,MN,01001
65.1,-0.4,4,MS,01001
59.4,-0.7,4,MS,01001
65.3,0.0,4,MS,01001
62.2,-0.4,4,MS,01001
59.8,-0.6,4,MS,01001
62.2,-0.8,4,MS,01001
61.3,-0.9,4,MS,01001
62.6,-0.1,4,MS,01001
62.2,0.0,4,MS,01001
61.6,-0.5,4,MS,01001
64.6,-0.4,4,MS,01001
65.2,1.1,4,MS,01001
63.0,0.4,4,MS,01001
62.2,-0.1,4,MS,01001
64.6,-0.0,4,MS,01001
66.0,1.3,4,MS,01001
60.8,-0.8,4,MS,01001
67.5,2.1,4,MS,01001
64.9,-0.1,4,MS,01001
68.0,2.2,4,MS,01001
67.9,2.4,4,MS,01001
62.0,-0.7,4,MS,01001
68.0,1.9,4,MS,01001
67.6,1.5,4,MS,01001
64.8,0.4,4,MS,01001
63.7,0.2,4,MS,01001
64.2,0.2,4,MS,01001
64.2,-0.1,4,MS,01001
61.4,0.1,4,MS,01001
68.1,1.9,4,MS,01001
65.2,1.3,4,MS,01001
64.6,-0.5,4,MS,01001
65.6,0.9,4,MS,01001
67.0,2.1,4,MS,01001
63.4,0.4,4,MS,01001
60.8,-1.1,4,MS,01001
66.9,1.6,4,MS,01001
64.1,0.7,4,MS,01001
65.4,0.5,4,MS,01001
63.3,0.4,4,MS,01001
61.6,-0.1,4,MS,01001
63.8,0.4,4,MS,01001
64.8,0.1,4,MS,01001
63.3,0.5,4,MS,01001
64.4,0.4,4,MS,01001
66.6,1.1,4,MS,01001
60.3,-0.7,4,MS,01001
62.5,0.3,4,MS,01001
61.0,-1.3,4,MS,01001
63.4,0.8,4,MS,01001
64.1,1.0,4,MS,01001
63.5,0.6,4,MS,01001
63.2,0.6,4,MS,01001
61.3,-1.0,4,MS,01001
67.4,1.8,4,MS,01001
68.0,2.6,4,MS,01001
65.4,0.3,4,MS,01001
61.3,-0.4,4,MS,01001
60.4,-0.3,4,MS,01001
62.1,-0.5,4,MS,01001
64.4,0.5,4,MS,01001
63.9,0.7,4,MS,01001
64.3,0.0,4,MS,01001
64.7,0.5,4,MS,01001
64.8,0.9,4,MS,01001
67.4,1.8,4,MS,01001
63.1,-0.3,4,MS,01001
62.8,-0.1,4,MS,01001
60.8,-1.1,4,MS,01001
59.8,-0.6,4,MS,01001
59.7,-0.4,4,MS,01001
61.5,-0.5,4,MS,01001
60.8,-0.5,4,MS,01001
66.1,0.8,4,MS,01001
64.8,0.1,4,MS,01001
63.1,-0.7,4,MS,01001
66.8,2.0,4,MS,01001
61.4,-0.7,4,MS,01001
66.0,0.1,4,MS,01001
62.8,0.5,4,MS,01001
61.3,-1.1,4,MS,01001
64.7,0.4,4,MS,01001
53.2,2.2,4,MO,01001
53.8,1.4,4,MO,01001
53.7,1.9,4,MO,01001
55.4,2.4,4,MO,01001
56.9,0.6,4,MO,01001
57.0,0.5,4,MO,01001
57.1,1.7,4,MO,01001
56.5,1.7,4,MO,01001
55.9,-0.6,4,MO,01001
56.2,2.3,4,MO,01001
54.6,1.5,4,MO,01001
58.7,0.2,4,MO,01001
54.1,1.7,4,MO,01001
56.6,2.5,4,MO,01001
57.7,2.4,4,MO,01001
56.5,0.1,4,MO,01001
54.9,1.6,4,MO,01001
57.3,0.5,4,MO,01001
56.6,2.4,4,MO,01001
57.3,1.3,4,MO,01001
55.2,2.0,4,MO,01001
56.1,0.8,4,MO,01001
53.3,1.6,4,MO,01001
55.8,2.5,4,MO,01001
54.6,2.2,4,MO,01001
57.7,2.6,4,MO,01001
56.6,2.6,4,MO,01001
55.8,1.3,4,MO,01001
57.1,1.1,4,MO,01001
56.0,1.0,4,MO,01001
54.0,1.9,4,MO,01001
54.0,1.9,4,MO,01001
55.6,0.9,4,MO,01001
57.0,1.6,4,MO,01001
60.0,0.6,4,MO,01001
55.8,1.3,4,MO,01001
55.8,1.5,4,MO,01001
54.1,2.6,4,MO,01001
56.2,1.1,4,MO,01001
53.7,1.5,4,MO,01001
53.4,2.3,4,MO,01001
57.0,1.8,4,MO,01001
56.6,1.3,4,MO,01001
53.9,1.3,4,MO,01001
56.0,2.4,4,MO,01001
58.0,2.3,4,MO,01001
55.8,1.1,4,MO,01001
56.3,2.5,4,MO,01001
57.6,0.8,4,MO,01001
57.2,1.9,4,MO,01001
56.8,2.8,4,MO,01001
53.2,1.9,4,MO,01001
56.8,1.8,4,MO,01001
56.0,2.5,4,MO,01001
56.4,0.6,4,MO,01001
53.6,1.5,4,MO,01001
55.8,2.2,4,MO,01001
54.0,1.6,4,MO,01001
54.2,1.4,4,MO,01001
58.1,0.8,4,MO,01001
53.8,1.8,4,MO,01001
55.4,-0.0,4,MO,01001
57.4,2.3,4,MO,01001
54.6,1.9,4,MO,01001
52.7,1.6,4,MO,01001
58.2,3.0,4,MO,01001
59.1,1.2,4,MO,01001
57.3,2.9,4,MO,01001
54.7,2.0,4,MO,01001
55.8,2.3,4,MO,01001
56.9,2.5,4,MO,01001
59.7,1.0,4,MO,01001
58.2,1.3,4,MO,01001
53.5,2.3,4,MO,01001
58.9,2.3,4,MO,01001
57.2,2.3,4,MO,01001
57.9,1.5,4,MO,01001
60.1,0.7,4,MO,01001
55.8,0.2,4,MO,01001
55.9,1.8,4,MO,01001
57.2,2.0,4,MO,01001
55.3,2.3,4,MO,01001
55.7,2.2,4,MO,01001
56.6,1.3,4,MO,01001
57.9,2.6,4,MO,01001
52.1,1.3,4,MO,01001
55.2,2.3,4,MO,01001
55.0,2.2,4,MO,01001
55.1,2.1,4,MO,01001
55.9,0.6,4,MO,01001
58.6,0.9,4,MO,01001
56.7,2.0,4,MO,01001
57.0,1.2,4,MO,01001
56.5,1.2,4,MO,01001
56.2,1.4,4,MO,01001
56.9,1.7,4,MO,01001
55.9,2.2,4,MO,01001
52.7,2.1,4,MO,01001
53.1,2.1,4,MO,01001
58.3,0.9,4,MO,01001
57.1,1.4,4,MO,01001
53.5,1.5,4,MO,01001
58.7,0.4,4,MO,01001
56.6,0.3,4,MO,01001
53.0,1.5,4,MO,01001
57.5,0.9,4,MO,01001
56.9,1.8,4,MO,01001
56.9,0.7,4,MO,01001
55.6,1.8,4,MO,01001
56.5,2.0,4,MO,01001
56.7,-0.1,4,MO,01001
55.7,1.3,4,MO,01001
53.4,2.8,4,MO,01001
56.6,1.8,4,MO,01001
57.1,1.7,4,MO,01001
32.5,-2.3,4,MT,01001
41.4,-1.7,4,MT,01001
38.9,-3.2,4,MT,01001
39.3,-1.3,4,MT,01001
38.9,-0.7,4,MT,01001
40.8,-1.6,4,MT,01001
39.5,-1.4,4,MT,01001
42.2,-0.6,4,MT,01001
42.4,-1.7,4,MT,01001
36.4,-3.6,4,MT,01001
40.8,-2.1,4,MT,01001
33.1,-1.8,4,MT,01001
40.6,-1.9,4,MT,01001
40.6,-1.7,4,MT,01001
38.4,0.4,4,MT,01001
35.3,-1.7,4,MT,01001
41.8,-1.5,4,MT,01001
38.0,1.1,4,MT,01001
40.1,-2.1,4,MT,01001
36.1,-0.3,4,MT,01001
39.9,-1.8,4,MT,01001
37.2,-0.6,4,MT,01001
37.8,-1.2,4,MT,01001
42.1,0.3,4,MT,01001
37.9,-0.4,4,MT,01001
40.7,-0.2,4,MT,01001
40.2,0.2,4,MT,01001
40.2,-2.7,4,MT,01001
34.9,-1.7,4,MT,01001
35.6,-1.1,4,MT,01001
38.6,-1.2,4,MT,01001
38.9,-0.4,4,MT,01001
41.9,-2.0,4,MT,01001
34.8,-0.8,4,MT,01001
42.6,-2.1,4,MT,01001
39.3,-3.9,4,MT,01001
39.9,0.3,4,MT,01001
41.6,-2.1,4,MT,01001
36.9,-0.1,4,MT,01001
41.6,-1.8,4,MT,01001
37.1,-1.1,4,MT,01001
39.8,-3.0,4,MT,01001
39.0,-3.1,4,MT,01001
41.9,-2.0,4,MT,01001
40.2,-1.0,4,MT,01001
37.7,-3.0,4,MT,01001
34.4,-1.7,4,MT,01001
39.2,-1.7,4,MT,01001
38.1,-1.2,4,MT,01001
39.0,-0.3,4,MT,01001
41.0,0.3,4,MT,01001
42.7,-1.9,4,MT,01001
37.2,-4.6,4,MT,01001
38.4,-1.6,4,MT,01001
40.2,-2.6,4,MT,01001
43.2,-1.5,4,MT,01001
50.9,1.2,4,NE,01001
48.3,0.4,4,NE,01001
46.1,-0.1,4,NE,01001
44.2,-0.2,4,NE,01001
47.5,-0.0,4,NE,01001
48.8,0.9,4,NE,01001
43.6,-0.5,4,NE,01001
46.8,-0.9,4,NE,01001
46.1,-0.7,4,NE,01001
50.1,1.3,4,NE,01001
50.4,1.1,4,NE,01001
50.3,0.9,4,NE,01001
52.6,1.7,4,NE,01001
48.3,0.7,4,NE,01001
49.3,0.9,4,NE,01001
45.4,-0.0,4,NE,01001
45.8,0.1,4,NE,01001
51.1,1.1,4,NE,01001
50.8,1.8,4,NE,01001
49.9,1.1,4,NE,01001
48.2,0.7,4,NE,01001
49.2,0.8,4,NE,01001
43.4,-1.5,4,NE,01001
49.9,1.0,4,NE,01001
47.3,0.0,4,NE,01001
48.4,0.4,4,NE,01001
51.2,1.6,4,NE,01001
52.4,2.0,4,NE,01001
49.7,0.5,4,NE,01001
51.6,1.3,4,NE,01001
51.4,0.8,4,NE,01001
50.1,0.8,4,NE,01001
51.3,0.6,4,NE,01001
52.6,1.3,4,NE,01001
46.4,0.5,4,NE,01001
46.7,-0.2,4,NE,01001
50.4,0.7,4,NE,01001
45.3,0.1,4,NE,01001
48.2,0.4,4,NE,01001
50.8,1.5,4,NE,01001
51.3,1.6,4,NE,01001
51.6,0.9,4,NE,01001
49.4,0.7,4,NE,01001
50.1,0.2,4,NE,01001
46.8,-0.3,4,NE,01001
46.1,0.0,4,NE,01001
49.8,0.9,4,NE,01001
53.1,2.0,4,NE,01001
52.8,1.3,4,NE,01001
50.6,1.2,4,NE,01001
47.6,-0.1,4,NE,01001
45.5,-1.0,4,NE,01001
43.0,-0.7,4,NE,01001
48.4,0.5,4,NE,01001
52.5,1.9,4,NE,01001
48.5,0.5,4,NE,01001
47.4,0.3,4,NE,01001
46.8,-0.2,4,NE,01001
46.6,-0.0,4,NE,01001
49.3,0.9,4,NE,01001
51.1,1.7,4,NE,01001
46.0,0.5,4,NE,01001
50.1,1.3,4,NE,01001
53.6,1.7,4,NE,01001
51.8,1.2,4,NE,01001
52.8,1.4,4,NE,01001
52.7,0.9,4,NE,01001
48.3,0.5,4,NE,01001
50.5,1.0,4,NE,01001
48.6,0.7,4,NE,01001
50.1,1.4,4,NE,01001
51.2,1.7,4,NE,01001
50.8,0.7,4,NE,01001
54.1,1.9,4,NE,01001
45.8,-0.8,4,NE,01001
52.2,1.6,4,NE,01001
52.6,1.9,4,NE,01001
51.8,1.8,4,NE,01001
45.6,0.0,4,NE,01001
51.5,1.4,4,NE,01001
44.0,-0.3,4,NE,01001
49.1,0.8,4,NE,01001
42.1,-1.3,4,NE,01001
49.9,1.4,4,NE,01001
52.0,1.1,4,NE,01001
47.1,-0.0,4,NE,01001
49.3,0.8,4,NE,01001
47.5,0.1,4,NE,01001
51.6,1.6,4,NE,01001
48.5,0.6,4,NE,01001
51.5,0.8,4,NE,01001
47.9,0.6,4,NE,01001
51.5,1.4,4,NE,01001
48.2,0.1,4,NV,01001
61.8,1.3,4,NV,01001
44.2,-0.3,4,NV,01001
39.3,-2.3,4,NV,01001
49.5,1.0,4,NV,01001
41.8,-0.4,4,NV,01001
44.8,-0.4,4,NV,01001
44.0,0.2,4,NV,01001
51.8,0.8,4,NV,01001
47.6,0.0,4,NV,01001
47.2,1.2,4,NV,01001
49.0,1.3,4,NV,01001
46.4,-0.6,4,NV,01001
46.6,0.8,4,NV,01001
44.6,-0.3,4,NV,01001
41.2,-0.4,4,NV,01001
46.1,0.4,4,NV,01001
46.3,4.0,4,NH,01001
44.5,4.0,4,NH,01001
47.1,4.7,4,NH,01001
40.8,4.1,4,NH,01001
44.0,4.8,4,NH,01001
48.3,4.7,4,NH,01001
47.0,4.4,4,NH,01001
48.0,3.9,4,NH,01001
46.1,3.1,4,NH,01001
46.1,5.2,4,NH,01001
56.8,6.9,4,NJ,01001
54.9,5.8,4,NJ,01001
56.6,6.0,4,NJ,01001
57.3,6.1,4,NJ,01001
57.0,7.1,4,NJ,01001
57.6,6.9,4,NJ,01001
55.4,6.0,4,NJ,01001
57.7,6.3,4,NJ,01001
56.3,6.2,4,NJ,01001
53.6,5.6,4,NJ,01001
55.2,5.4,4,NJ,01001
55.7,6.0,4,NJ,01001
55.3,5.8,4,NJ,01001
53.0,5.5,4,NJ,01001
55.4,6.1,4,NJ,01001
53.3,5.6,4,NJ,01001
57.9,6.4,4,NJ,01001
54.6,5.7,4,NJ,01001
52.0,5.5,4,NJ,01001
55.8,6.1,4,NJ,01001
53.3,6.4,4,NJ,01001
51.7,1.0,4,NM,01001
46.8,1.3,4,NM,01001
58.9,1.5,4,NM,01001
45.8,-0.3,4,NM,01001
43.8,-0.7,4,NM,01001
55.5,0.8,4,NM,01001
57.4,1.7,4,NM,01001
61.6,2.5,4,NM,01001
60.4,-0.2,4,NM,01001
55.1,2.4,4,NM,01001
53.1,0.5,4,NM,01001
51.8,-0.1,4,NM,01001
59.0,1.7,4,NM,01001
58.7,-0.8,4,NM,01001
53.2,1.3,4,NM,01001
44.3,0.2,4,NM,01001
61.2,3.0,4,NM,01001
46.2,0.2,4,NM,01001
45.0,0.2,4,NM,01001
56.7,1.2,4,NM,01001
55.6,0.2,4,NM,01001
41.9,-0.8,4,NM,01001
56.7,0.8,4,NM,01001
47.6,0.1,4,NM,01001
48.5,-0.1,4,NM,01001
50.2,0.2,4,NM,01001
46.6,0.1,4,NM,01001
57.6,2.3,4,NM,01001
52.8,1.2,4,NM,01001
39.7,-0.7,4,NM,01001
48.2,0.4,4,NM,01001
48.8,-0.9,4,NM,01001
53.4,0.7,4,NM,01001
50.8,5.9,4,NY,01001
48.9,5.8,4,NY,01001
55.8,6.0,4,NY,01001
49.2,5.1,4,NY,01001
48.2,5.2,4,NY,01001
48.8,5.2,4,NY,01001
49.0,5.2,4,NY,01001
49.7,5.4,4,NY,01001
47.0,4.2,4,NY,01001
46.0,5.7,4,NY,01001
51.6,5.9,4,NY,01001
47.0,4.7,4,NY,01001
47.1,4.9,4,NY,01001
52.2,5.7,4,NY,01001
49.0,5.4,4,NY,01001
43.2,4.4,4,NY,01001
44.3,5.5,4,NY,01001
47.4,5.1,4,NY,01001
48.9,5.2,4,NY,01001
49.1,5.8,4,NY,01001
42.8,4.7,4,NY,01001
45.0,4.7,4,NY,01001
47.2,5.0,4,NY,01001
55.9,5.9,4,NY,01001
45.3,5.3,4,NY,01001
50.0,5.9,4,NY,01001
47.5,5.0,4,NY,01001
49.5,5.3,4,NY,01001
49.5,5.0,4,NY,01001
54.4,5.7,4,NY,01001
56.2,6.2,4,NY,01001
48.7,4.9,4,NY,01001
47.6,5.1,4,NY,01001
49.4,5.8,4,NY,01001
49.6,5.7,4,NY,01001
51.6,5.0,4,NY,01001
48.6,4.9,4,NY,01001
48.9,5.9,4,NY,01001
46.4,4.1,4,NY,01001
52.3,5.4,4,NY,01001
55.3,5.7,4,NY,01001
50.4,6.0,4,NY,01001
56.3,6.2,4,NY,01001
53.6,5.5,4,NY,01001
45.8,5.0,4,NY,01001
49.7,5.9,4,NY,01001
50.5,5.9,4,NY,01001
47.8,5.0,4,NY,01001
48.9,5.2,4,NY,01001
49.5,4.9,4,NY,01001
49.0,5.6,4,NY,01001
52.2,5.5,4,NY,01001
49.2,5.4,4,NY,01001
49.4,5.3,4,NY,01001
48.5,4.9,4,NY,01001
50.0,5.6,4,NY,01001
45.7,4.6,4,NY,01001
48.7,5.0,4,NY,01001
48.8,4.9,4,NY,01001
53.9,5.8,4,NY,01001
48.5,5.8,4,NY,01001
49.4,5.5,4,NY,01001
59.8,2.1,4,NC,01001
58.0,1.4,4,NC,01001
52.6,2.2,4,NC,01001
62.1,1.7,4,NC,01001
50.9,1.7,4,NC,01001
50.6,2.4,4,NC,01001
62.6,2.8,4,NC,01001
62.3,3.8,4,NC,01001
63.4,2.3,4,NC,01001
64.5,3.3,4,NC,01001
54.2,1.6,4,NC,01001
58.1,1.7,4,NC,01001
60.2,1.4,4,NC,01001
57.5,1.6,4,NC,01001
62.0,4.6,4,NC,01001
63.5,3.0,4,NC,01001
59.4,2.2,4,NC,01001
59.0,1.6,4,NC,01001
60.8,2.1,4,NC,01001
55.9,0.4,4,NC,01001
62.8,4.1,4,NC,01001
55.0,1.2,4,NC,01001
58.7,0.4,4,NC,01001
63.7,2.4,4,NC,01001
63.1,3.0,4,NC,01001
63.0,2.1,4,NC,01001
61.7,4.5,4,NC,01001
61.6,2.9,4,NC,01001
59.6,2.0,4,NC,01001
58.9,2.1,4,NC,01001
62.9,2.6,4,NC,01001
61.2,3.4,4,NC,01001
62.0,3.2,4,NC,01001
58.8,2.3,4,NC,01001
60.8,3.2,4,NC,01001
60.2,1.6,4,NC,01001
62.2,4.3,4,NC,01001
54.0,0.7,4,NC,01001
60.5,3.6,4,NC,01001
62.5,2.7,4,NC,01001
59.2,2.1,4,NC,01001
60.8,3.0,4,NC,01001
61.9,1.9,4,NC,01001
50.7,0.9,4,NC,01001
54.8,0.6,4,NC,01001
61.9,3.9,4,NC,01001
63.0,2.5,4,NC,01001
62.9,3.0,4,NC,01001
59.0,2.0,4,NC,01001
52.5,1.0,4,NC,01001
62.0,2.3,4,NC,01001
62.9,2.9,4,NC,01001
61.4,2.0,4,NC,01001
62.1,2.1,4,NC,01001
59.5,1.6,4,NC,01001
58.3,2.8,4,NC,01001
54.1,1.5,4,NC,01001
55.1,1.9,4,NC,01001
62.5,3.6,4,NC,01001
60.8,1.9,4,NC,01001
52.1,2.2,4,NC,01001
62.1,2.7,4,NC,01001
62.2,2.6,4,NC,01001
61.4,3.2,4,NC,01001
65.8,4.6,4,NC,01001
60.8,3.1,4,NC,01001
63.6,3.0,4,NC,01001
60.3,2.8,4,NC,01001
63.2,2.7,4,NC,01001
62.2,4.4,4,NC,01001
64.5,3.7,4,NC,01001
62.6,4.3,4,NC,01001
60.2,3.6,4,NC,01001
62.7,3.0,4,NC,01001
58.3,0.4,4,NC,01001
60.5,2.3,4,NC,01001
62.6,2.2,4,NC,01001
63.6,2.2,4,NC,01001
59.1,2.2,4,NC,01001
59.5,1.7,4,NC,01001
59.0,1.0,4,NC,01001
63.0,2.5,4,NC,01001
63.4,2.6,4,NC,01001
61.5,2.0,4,NC,01001
58.4,2.4,4,NC,01001
57.5,2.4,4,NC,01001
51.8,0.7,4,NC,01001
54.0,0.9,4,NC,01001
62.5,3.5,4,NC,01001
61.2,1.6,4,NC,01001
60.1,3.2,4,NC,01001
61.4,2.8,4,NC,01001
60.2,3.1,4,NC,01001
62.7,3.8,4,NC,01001
51.2,2.1,4,NC,01001
62.6,2.7,4,NC,01001
57.4,2.1,4,NC,01001
62.7,3.4,4,NC,01001
58.1,2.1,4,NC,01001
52.0,2.3,4,NC,01001
39.5,-2.2,4,ND,01001
33.5,-8.0,4,ND,01001
32.8,-7.1,4,ND,01001
38.6,-3.6,4,ND,01001
33.7,-6.4,4,ND,01001
39.4,-2.5,4,ND,01001
33.6,-6.0,4,ND,01001
33.7,-8.1,4,ND,01001
34.4,-8.0,4,ND,01001
31.5,-6.6,4,ND,01001
33.7,-8.9,4,ND,01001
34.8,-5.0,4,ND,01001
37.3,-4.5,4,ND,01001
31.9,-8.5,4,ND,01001
34.6,-8.3,4,ND,01001
31.3,-9.3,4,ND,01001
39.3,-3.2,4,ND,01001
33.2,-7.9,4,ND,01001
37.1,-5.1,4,ND,01001
31.6,-8.8,4,ND,01001
37.8,-3.8,4,ND,01001
31.6,-9.5,4,ND,01001
33.9,-8.2,4,ND,01001
32.6,-8.8,4,ND,01001
33.7,-7.6,4,ND,01001
33.4,-8.4,4,ND,01001
38.2,-4.0,4,ND,01001
35.0,-6.5,4,ND,01001
36.2,-5.9,4,ND,01001
35.9,-6.3,4,ND,01001
35.0,-5.5,4,ND,01001
31.7,-7.9,4,ND,01001
35.5,-6.6,4,ND,01001
33.0,-6.7,4,ND,01001
32.4,-7.4,4,ND,01001
32.7,-6.9,4,ND,01001
34.5,-8.1,4,ND,01001
34.2,-6.5,4,ND,01001
35.6,-7.4,4,ND,01001
32.6,-5.6,4,ND,01001
34.5,-8.5,4,ND,01001
32.0,-8.8,4,ND,01001
36.9,-6.2,4,ND,01001
39.2,-2.9,4,ND,01001
37.5,-4.4,4,ND,01001
31.4,-9.6,4,ND,01001
32.6,-8.6,4,ND,01001
32.8,-5.7,4,ND,01001
33.1,-8.9,4,ND,01001
32.7,-7.2,4,ND,01001
34.7,-6.3,4,ND,01001
31.6,-8.8,4,ND,01001
37.0,-4.0,4,ND,01001
54.3,2.1,4,OH,01001
51.9,3.3,4,OH,01001
50.7,3.6,4,OH,01001
50.0,4.8,4,OH,01001
53.8,2.4,4,OH,01001
51.5,2.7,4,OH,01001
52.3,2.8,4,OH,01001
53.7,2.0,4,OH,01001
53.0,1.7,4,OH,01001
51.2,3.4,4,OH,01001
51.8,2.6,4,OH,01001
52.8,3.0,4,OH,01001
53.7,1.7,4,OH,01001
53.1,2.6,4,OH,01001
50.6,3.2,4,OH,01001
51.5,2.6,4,OH,01001
51.5,4.0,4,OH,01001
51.3,4.4,4,OH,01001
51.5,2.3,4,OH,01001
51.0,3.1,4,OH,01001
52.1,2.6,4,OH,01001
51.0,3.4,4,OH,01001
52.5,2.0,4,OH,01001
53.2,3.0,4,OH,01001
53.4,2.8,4,OH,01001
50.9,3.6,4,OH,01001
54.4,1.5,4,OH,01001
50.1,4.7,4,OH,01001
53.2,2.8,4,OH,01001
52.7,3.0,4,OH,01001
53.7,1.4,4,OH,01001
52.4,4.2,4,OH,01001
52.3,4.0,4,OH,01001
51.8,3.1,4,OH,01001
51.7,3.7,4,OH,01001
53.1,2.2,4,OH,01001
52.9,2.2,4,OH,01001
50.6,2.7,4,OH,01001
51.0,3.5,4,OH,01001
54.3,2.5,4,OH,01001
51.7,2.7,4,OH,01001
50.6,2.5,4,OH,01001
50.5,4.8,4,OH,01001
56.0,2.8,4,OH,01001
51.4,2.0,4,OH,01001
51.4,2.9,4,OH,01001
50.9,3.4,4,OH,01001
52.1,4.2,4,OH,01001
53.2,3.3,4,OH,01001
50.3,3.6,4,OH,01001
52.0,3.3,4,OH,01001
51.2,3.9,4,OH,01001
53.7,1.4,4,OH,01001
51.0,2.2,4,OH,01001
52.8,2.9,4,OH,01001
52.7,2.4,4,OH,01001
53.3,2.7,4,OH,01001
53.3,2.5,4,OH,01001
51.1,3.2,4,OH,01001
52.7,2.8,4,OH,01001
53.2,2.8,4,OH,01001
51.8,3.8,4,OH,01001
51.5,3.0,4,OH,01001
52.4,2.3,4,OH,01001
53.7,2.5,4,OH,01001
54.2,2.4,4,OH,01001
50.9,4.7,4,OH,01001
51.8,2.0,4,OH,01001
52.0,3.5,4,OH,01001
51.0,4.1,4,OH,01001
53.9,2.4,4,OH,01001
51.9,3.7,4,OH,01001
54.9,2.4,4,OH,01001
51.8,3.8,4,OH,01001
51.7,2.6,4,OH,01001
51.8,4.5,4,OH,01001
52.1,5.0,4,OH,01001
50.3,4.3,4,OH,01001
51.8,3.1,4,OH,01001
51.8,2.5,4,OH,01001
51.7,3.0,4,OH,01001
53.7,2.5,4,OH,01001
53.5,2.2,4,OH,01001
54.3,2.8,4,OH,01001
50.7,3.2,4,OH,01001
50.2,3.1,4,OH,01001
52.5,4.2,4,OH,01001
52.6,4.3,4,OH,01001
58.4,-0.3,4,OK,01001
57.7,0.4,4,OK,01001
60.8,-1.1,4,OK,01001
56.3,0.5,4,OK,01001
58.6,-0.4,4,OK,01001
57.6,-0.8,4,OK,01001
61.9,-0.6,4,OK,01001
58.5,-1.2,4,OK,01001
58.3,-0.7,4,OK,01001
59.8,-2.6,4,OK,01001
59.0,-0.6,4,OK,01001
61.7,-0.3,4,OK,01001
52.4,-0.7,4,OK,01001
59.1,-1.3,4,OK,01001
60.1,-1.8,4,OK,01001
59.5,-1.6,4,OK,01001
60.5,-1.8,4,OK,01001
58.3,-0.2,4,OK,01001
59.0,-1.2,4,OK,01001
57.4,-1.0,4,OK,01001
58.3,-0.2,4,OK,01001
57.2,-0.4,4,OK,01001
56.9,0.3,4,OK,01001
58.0,-0.0,4,OK,01001
59.2,-2.5,4,OK,01001
59.0,-1.3,4,OK,01001
57.7,0.3,4,OK,01001
59.3,-0.9,4,OK,01001
59.6,-1.1,4,OK,01001
57.3,0.5,4,OK,01001
60.7,-0.5,4,OK,01001
59.4,-1.7,4,OK,01001
60.1,-1.2,4,OK,01001
60.5,-2.4,4,OK,01001
60.2,-1.8,4,OK,01001
58.1,0.1,4,OK,01001
58.2,-1.1,4,OK,01001
59.1,-1.1,4,OK,01001
59.9,-1.0,4,OK,01001
60.0,-0.4,4,OK,01001
59.3,-1.2,4,OK,01001
58.6,-0.9,4,OK,01001
60.7,-2.2,4,OK,01001
59.2,-1.4,4,OK,01001
60.3,-0.6,4,OK,01001
60.2,-1.0,4,OK,01001
57.8,-0.2,4,OK,01001
61.0,-1.6,4,OK,01001
58.9,-0.7,4,OK,01001
59.3,-2.5,4,OK,01001
60.2,-0.7,4,OK,01001
58.9,0.1,4,OK,01001
58.1,-0.5,4,OK,01001
59.4,-1.4,4,OK,01001
58.9,-1.1,4,OK,01001
59.6,-1.3,4,OK,01001
58.2,-0.6,4,OK,01001
59.0,0.9,4,OK,01001
59.1,-0.4,4,OK,01001
59.4,-0.3,4,OK,01001
59.8,-1.6,4,OK,01001
59.2,-2.1,4,OK,01001
59.3,-1.6,4,OK,01001
60.1,-0.9,4,OK,01001
57.8,-0.1,4,OK,01001
58.8,-0.8,4,OK,01001
59.2,-1.8,4,OK,01001
60.4,-0.1,4,OK,01001
59.4,-2.4,4,OK,01001
55.3,0.4,4,OK,01001
60.3,-1.6,4,OK,01001
59.0,-1.1,4,OK,01001
59.6,-0.9,4,OK,01001
58.1,-0.7,4,OK,01001
57.8,-1.3,4,OK,01001
57.4,0.5,4,OK,01001
57.2,0.2,4,OK,01001
40.5,-2.2,4,OR,01001
47.5,-1.8,4,OR,01001
43.5,-1.5,4,OR,01001
45.9,-0.5,4,OR,01001
46.9,-0.8,4,OR,01001
47.3,-0.9,4,OR,01001
41.7,-0.5,4,OR,01001
46.7,-1.1,4,OR,01001
39.5,-1.1,4,OR,01001
45.2,-1.3,4,OR,01001
46.3,-1.3,4,OR,01001
39.6,-1.2,4,OR,01001
41.7,-0.5,4,OR,01001
40.5,-1.6,4,OR,01001
44.8,-0.8,4,OR,01001
43.1,-0.9,4,OR,01001
45.1,-0.8,4,OR,01001
39.6,-0.5,4,OR,01001
40.6,-0.3,4,OR,01001
44.2,-1.9,4,OR,01001
46.2,-2.1,4,OR,01001
43.8,-2.0,4,OR,01001
43.6,-1.4,4,OR,01001
45.2,-1.4,4,OR,01001
46.0,-1.0,4,OR,01001
47.2,-1.5,4,OR,01001
47.0,-1.5,4,OR,01001
45.3,-2.2,4,OR,01001
44.3,-1.5,4,OR,01001
45.1,-0.9,4,OR,01001
39.2,-2.1,4,OR,01001
38.5,-2.1,4,OR,01001
44.1,-1.3,4,OR,01001
46.5,-1.5,4,OR,01001
42.6,-0.9,4,OR,01001
47.2,-1.5,4,OR,01001
55.2,5.3,4,PA,01001
53.0,3.6,4,PA,01001
51.2,3.8,4,PA,01001
51.5,2.8,4,PA,01001
53.2,4.7,4,PA,01001
54.5,5.4,4,PA,01001
51.7,4.5,4,PA,01001
49.9,5.3,4,PA,01001
54.6,5.4,4,PA,01001
51.4,4.1,4,PA,01001
49.5,4.0,4,PA,01001
50.0,4.6,4,PA,01001
50.9,5.5,4,PA,01001
51.4,4.4,4,PA,01001
55.8,5.8,4,PA,01001
50.4,4.7,4,PA,01001
50.1,4.5,4,PA,01001
51.0,4.3,4,PA,01001
51.9,5.1,4,PA,01001
49.4,4.7,4,PA,01001
55.2,5.3,4,PA,01001
54.6,5.5,4,PA,01001
57.3,6.1,4,PA,01001
49.7,5.6,4,PA,01001
49.0,4.5,4,PA,01001
51.6,2.8,4,PA,01001
49.6,5.2,4,PA,01001
55.0,5.2,4,PA,01001
54.6,5.2,4,PA,01001
52.4,2.6,4,PA,01001
53.3,4.6,4,PA,01001
50.7,3.9,4,PA,01001
50.2,5.2,4,PA,01001
53.4,4.0,4,PA,01001
50.9,6.6,4,PA,01001
55.4,5.6,4,PA,01001
51.3,3.8,4,PA,01001
54.2,5.4,4,PA,01001
53.8,5.3,4,PA,01001
51.4,6.2,4,PA,01001
51.1,4.9,4,PA,01001
49.0,5.9,4,PA,01001
50.5,4.8,4,PA,01001
52.8,4.1,4,PA,01001
50.2,5.4,4,PA,01001
55.9,5.8,4,PA,01001
52.8,4.8,4,PA,01001
53.3,5.8,4,PA,01001
52.9,4.8,4,PA,01001
54.2,4.8,4,PA,01001
57.4,6.2,4,PA,01001
49.9,5.2,4,PA,01001
48.8,5.0,4,PA,01001
52.0,5.2,4,PA,01001
53.2,4.4,4,PA,01001
50.0,4.3,4,PA,01001
48.5,5.1,4,PA,01001
50.3,6.2,4,PA,01001
48.9,4.9,4,PA,01001
52.7,4.6,4,PA,01001
50.4,5.1,4,PA,01001
48.9,5.2,4,PA,01001
52.4,3.1,4,PA,01001
49.8,5.9,4,PA,01001
52.8,4.3,4,PA,01001
51.4,6.6,4,PA,01001
55.9,6.1,4,PA,01001
50.9,4.4,4,RI,01001
50.7,5.0,4,RI,01001
50.4,4.5,4,RI,01001
50.8,5.0,4,RI,01001
50.8,5.3,4,RI,01001
61.1,0.3,4,SC,01001
64.1,1.5,4,SC,01001
64.5,1.0,4,SC,01001
60.4,0.4,4,SC,01001
63.9,0.6,4,SC,01001
64.0,0.9,4,SC,01001
67.6,2.7,4,SC,01001
65.6,2.2,4,SC,01001
64.8,1.7,4,SC,01001
66.6,2.8,4,SC,01001
59.6,0.4,4,SC,01001
60.9,0.6,4,SC,01001
62.4,1.7,4,SC,01001
64.6,1.6,4,SC,01001
66.0,2.3,4,SC,01001
63.5,1.7,4,SC,01001
64.0,2.2,4,SC,01001
66.0,2.4,4,SC,01001
63.3,1.1,4,SC,01001
62.0,0.7,4,SC,01001
64.6,2.2,4,SC,01001
64.2,1.5,4,SC,01001
59.5,0.8,4,SC,01001
61.7,0.5,4,SC,01001
65.6,1.8,4,SC,01001
63.9,2.0,4,SC,01001
66.8,2.4,4,SC,01001
63.2,2.0,4,SC,01001
61.4,1.4,4,SC,01001
60.7,-0.0,4,SC,01001
64.0,2.1,4,SC,01001
64.0,2.0,4,SC,01001
62.4,0.7,4,SC,01001
64.4,2.1,4,SC,01001
63.5,2.0,4,SC,01001
61.9,0.6,4,SC,01001
59.0,-0.1,4,SC,01001
64.7,1.4,4,SC,01001
59.6,0.9,4,SC,01001
64.1,1.7,4,SC,01001
62.8,1.2,4,SC,01001
60.0,0.6,4,SC,01001
64.8,2.2,4,SC,01001
60.5,0.2,4,SC,01001
64.8,1.9,4,SC,01001
60.5,1.0,4,SC,01001
44.2,-2.0,4,SD,01001
42.6,-2.9,4,SD,01001
43.5,-1.3,4,SD,01001
47.9,0.1,4,SD,01001
40.8,-2.9,4,SD,01001
35.5,-8.2,4,SD,01001
44.5,-1.9,4,SD,01001
42.6,-3.2,4,SD,01001
41.6,-2.4,4,SD,01001
36.4,-7.4,4,SD,01001
46.4,-1.2,4,SD,01001
38.7,-4.8,4,SD,01001
48.0,0.2,4,SD,01001
37.3,-4.9,4,SD,01001
38.6,-5.2,4,SD,01001
40.3,-2.3,4,SD,01001
44.9,-2.0,4,SD,01001
35.0,-7.4,4,SD,01001
39.0,-3.7,4,SD,01001
39.7,-5.0,4,SD,01001
45.5,-1.5,4,SD,01001
36.3,-7.4,4,SD,01001
42.4,-2.7,4,SD,01001
37.2,-7.0,4,SD,01001
37.5,-5.6,4,SD,01001
45.2,-1.6,4,SD,01001
42.2,-3.4,4,SD,01001
39.6,-3.3,4,SD,01001
40.0,-4.9,4,SD,01001
45.7,-1.1,4,SD,01001
41.4,-1.0,4,SD,01001
41.4,-4.3,4,SD,01001
47.0,-0.1,4,SD,01001
39.3,-5.0,4,SD,01001
43.8,-2.3,4,SD,01001
42.8,-2.7,4,SD,01001
42.7,-3.6,4,SD,01001
41.6,-2.5,4,SD,01001
43.0,-1.7,4,SD,01001
37.2,-2.8,4,SD,01001
46.2,-0.3,4,SD,01001
43.7,-2.8,4,SD,01001
45.8,-0.2,4,SD,01001
34.7,-8.1,4,SD,01001
34.3,-8.2,4,SD,01001
42.0,-2.6,4,SD,01001
44.2,-2.3,4,SD,01001
43.6,-1.9,4,SD,01001
45.6,0.2,4,SD,01001
42.6,-2.0,4,SD,01001
43.5,-2.0,4,SD,01001
41.2,-2.3,4,SD,01001
40.6,-2.4,4,SD,01001
37.6,-6.3,4,SD,01001
36.5,-6.4,4,SD,01001
43.8,-2.5,4,SD,01001
39.1,-5.8,4,SD,01001
41.5,-4.4,4,SD,01001
39.5,-5.4,4,SD,01001
43.9,-1.7,4,SD,01001
44.7,-1.8,4,SD,01001
46.9,0.2,4,SD,01001
48.0,0.2,4,SD,01001
37.4,-6.4,4,SD,01001
48.0,0.6,4,SD,01001
41.0,-3.5,4,SD,01001
57.1,0.5,4,TN,01001
58.2,0.1,4,TN,01001
59.0,0.4,4,TN,01001
56.5,0.2,4,TN,01001
57.8,0.7,4,TN,01001
58.8,-0.0,4,TN,01001
55.6,0.4,4,TN,01001
57.0,-0.3,4,TN,01001
58.8,0.2,4,TN,01001
54.3,2.2,4,TN,01001
58.6,0.8,4,TN,01001
59.0,-0.3,4,TN,01001
56.4,1.1,4,TN,01001
57.3,0.4,4,TN,01001
57.7,1.5,4,TN,01001
57.0,-0.2,4,TN,01001
59.4,0.2,4,TN,01001
54.5,-0.2,4,TN,01001
58.8,0.6,4,TN,01001
58.8,-0.6,4,TN,01001
57.3,-0.1,4,TN,01001
58.3,0.8,4,TN,01001
59.7,0.6,4,TN,01001
60.1,-0.2,4,TN,01001
55.1,0.6,4,TN,01001
57.9,-0.0,4,TN,01001
59.1,0.2,4,TN,01001
57.0,-1.4,4,TN,01001
57.6,1.5,4,TN,01001
57.4,1.3,4,TN,01001
55.9,0.0,4,TN,01001
58.1,1.5,4,TN,01001
58.8,0.2,4,TN,01001
56.9,1.6,4,TN,01001
59.4,-0.3,4,TN,01001
58.7,-1.0,4,TN,01001
57.5,1.5,4,TN,01001
59.9,0.3,4,TN,01001
58.8,-0.2,4,TN,01001
58.4,0.0,4,TN,01001
58.0,0.0,4,TN,01001
58.2,0.3,4,TN,01001
58.7,0.6,4,TN,01001
57.6,0.3,4,TN,01001
58.5,1.5,4,TN,01001
52.8,2.3,4,TN,01001
58.3,0.8,4,TN,01001
59.6,0.7,4,TN,01001
60.2,0.3,4,TN,01001
56.7,-1.5,4,TN,01001
57.1,-0.8,4,TN,01001
58.2,-0.5,4,TN,01001
58.6,0.6,4,TN,01001
58.5,0.2,4,TN,01001
59.1,-0.6,4,TN,01001
57.1,0.0,4,TN,01001
59.1,-0.1,4,TN,01001
58.1,0.2,4,TN,01001
58.1,-0.0,4,TN,01001
57.9,-0.0,4,TN,01001
58.4,0.2,4,TN,01001
57.6,0.4,4,TN,01001
58.3,0.7,4,TN,01001
58.0,-0.1,4,TN,01001
55.6,0.4,4,TN,01001
59.0,0.4,4,TN,01001
56.5,0.6,4,TN,01001
58.4,-0.4,4,TN,01001
56.8,1.1,4,TN,01001
57.9,-0.1,4,TN,01001
56.8,0.4,4,TN,01001
57.4,0.1,4,TN,01001
58.1,0.5,4,TN,01001
57.9,0.6,4,TN,01001
58.3,0.1,4,TN,01001
55.4,0.9,4,TN,01001
56.7,0.2,4,TN,01001
56.2,0.9,4,TN,01001
60.9,-0.3,4,TN,01001
57.8,-0.1,4,TN,01001
58.0,-0.0,4,TN,01001
57.0,2.1,4,TN,01001
57.8,0.3,4,TN,01001
60.5,0.1,4,TN,01001
58.0,0.2,4,TN,01001
53.9,1.4,4,TN,01001
56.9,0.7,4,TN,01001
56.0,-0.0,4,TN,01001
56.6,-0.3,4,TN,01001
57.1,1.6,4,TN,01001
57.5,-1.2,4,TN,01001
59.0,0.4,4,TN,01001
56.6,0.1,4,TN,01001
58.1,0.2,4,TN,01001
58.2,0.1,4,TN,01001
63.0,-2.2,4,TX,01001
62.5,0.0,4,TX,01001
65.2,-0.7,4,TX,01001
71.1,0.7,4,TX,01001
61.6,-1.8,4,TX,01001
57.8,0.5,4,TX,01001
70.0,-0.4,4,TX,01001
68.6,0.6,4,TX,01001
56.0,-0.5,4,TX,01001
67.0,0.5,4,TX,01001
66.9,-0.5,4,TX,01001
61.9,-1.6,4,TX,01001
70.2,-0.6,4,TX,01001
65.2,-0.4,4,TX,01001
68.5,-0.2,4,TX,01001
65.4,-0.8,4,TX,01001
62.6,-0.5,4,TX,01001
64.2,-0.9,4,TX,01001
63.2,0.3,4,TX,01001
69.6,0.9,4,TX,01001
66.4,-0.5,4,TX,01001
65.9,0.1,4,TX,01001
58.5,-0.4,4,TX,01001
74.2,0.5,4,TX,01001
65.3,0.7,4,TX,01001
67.0,0.0,4,TX,01001
65.4,-0.7,4,TX,01001
67.7,-0.3,4,TX,01001
70.1,0.5,4,TX,01001
63.2,-0.6,4,TX,01001
74.3,-0.2,4,TX,01001
62.9,-0.7,4,TX,01001
57.5,1.4,4,TX,01001
63.3,-0.4,4,TX,01001
55.6,-0.4,4,TX,01001
68.8,1.0,4,TX,01001
63.7,-1.4,4,TX,01001
60.1,-1.0,4,TX,01001
61.3,-1.9,4,TX,01001
56.7,-0.9,4,TX,01001
64.6,0.2,4,TX,01001
64.8,0.4,4,TX,01001
62.3,-1.0,4,TX,01001
58.3,-1.1,4,TX,01001
69.3,1.0,4,TX,01001
66.6,-0.7,4,TX,01001
65.1,0.8,4,TX,01001
65.2,0.5,4,TX,01001
61.3,-1.9,4,TX,01001
64.4,-0.8,4,TX,01001
61.2,-0.9,4,TX,01001
66.4,0.7,4,TX,01001
67.0,1.4,4,TX,01001
59.2,-0.8,4,TX,01001
62.0,0.7,4,TX,01001
53.3,0.2,4,TX,01001
63.8,-1.0,4,TX,01001
61.1,-1.0,4,TX,01001
55.5,0.6,4,TX,01001
62.2,-0.7,4,TX,01001
62.7,-1.4,4,TX,01001
69.6,0.3,4,TX,01001
61.2,-0.5,4,TX,01001
72.6,0.4,4,TX,01001
57.9,-0.3,4,TX,01001
72.0,-0.5,4,TX,01001
63.3,-0.5,4,TX,01001
64.1,0.3,4,TX,01001
67.6,1.9,4,TX,01001
63.9,-1.4,4,TX,01001
64.6,2.7,4,TX,01001
64.9,0.8,4,TX,01001
63.7,-1.9,4,TX,01001
62.3,-0.3,4,TX,01001
68.6,0.7,4,TX,01001
62.9,-0.6,4,TX,01001
57.3,-1.2,4,TX,01001
61.6,-1.2,4,TX,01001
69.4,0.9,4,TX,01001
62.3,-1.0,4,TX,01001
63.5,-1.9,4,TX,01001
71.1,0.5,4,TX,01001
60.6,-0.5,4,TX,01001
69.6,1.2,4,TX,01001
62.1,-0.2,4,TX,01001
64.8,-0.2,4,TX,01001
64.6,0.9,4,TX,01001
70.0,-0.1,4,TX,01001
69.1,0.3,4,TX,01001
57.5,0.8,4,TX,01001
61.8,-1.2,4,TX,01001
63.0,-1.8,4,TX,01001
66.6,-0.4,4,TX,01001
68.1,-0.4,4,TX,01001
56.4,-1.4,4,TX,01001
60.0,-0.5,4,TX,01001
65.0,0.4,4,TX,01001
57.2,1.3,4,TX,01001
60.7,-1.3,4,TX,01001
67.0,0.1,4,TX,01001
68.9,0.6,4,TX,01001
63.0,-1.9,4,TX,01001
54.4,0.2,4,TX,01001
62.9,-0.9,4,TX,01001
65.9,-1.0,4,TX,01001
57.6,0.5,4,TX,01001
62.2,-2.5,4,TX,01001
74.7,-0.6,4,TX,01001
63.9,-1.5,4,TX,01001
57.4,-1.1,4,TX,01001
64.8,-0.1,4,TX,01001
61.9,-1.2,4,TX,01001
63.9,-2.1,4,TX,01001
63.7,-0.1,4,TX,01001
62.0,1.7,4,TX,01001
62.2,-0.8,4,TX,01001
58.6,1.6,4,TX,01001
65.6,1.2,4,TX,01001
61.1,-2.2,4,TX,01001
69.8,0.8,4,TX,01001
65.9,-0.2,4,TX,01001
60.8,0.1,4,TX,01001
68.3,0.7,4,TX,01001
73.4,-0.5,4,TX,01001
72.2,-0.1,4,TX,01001
64.4,-0.5,4,TX,01001
62.7,-1.4,4,TX,01001
69.4,-0.5,4,TX,01001
62.9,-1.7,4,TX,01001
65.6,-0.5,4,TX,01001
73.7,0.4,4,TX,01001
62.9,-0.2,4,TX,01001
65.3,0.4,4,TX,01001
66.0,1.4,4,TX,01001
62.6,-0.3,4,TX,01001
71.4,1.6,4,TX,01001
73.0,0.9,4,TX,01001
62.5,-1.0,4,TX,01001
62.2,-0.4,4,TX,01001
56.0,-1.2,4,TX,01001
65.2,-0.1,4,TX,01001
72.0,-0.1,4,TX,01001
69.5,0.9,4,TX,01001
66.9,-0.1,4,TX,01001
63.4,-2.5,4,TX,01001
68.2,0.6,4,TX,01001
63.3,-2.1,4,TX,01001
56.7,0.5,4,TX,01001
70.6,-0.7,4,TX,01001
66.0,-0.2,4,TX,01001
63.7,-0.5,4,TX,01001
58.3,-0.8,4,TX,01001
60.0,-0.7,4,TX,01001
65.6,0.8,4,TX,01001
63.2,-2.3,4,TX,01001
71.0,-0.6,4,TX,01001
64.6,-1.9,4,TX,01001
62.8,-1.7,4,TX,01001
63.1,-0.3,4,TX,01001
66.1,0.8,4,TX,01001
69.9,1.1,4,TX,01001
72.9,1.0,4,TX,01001
69.8,0.9,4,TX,01001
65.4,1.4,4,TX,01001
64.3,0.3,4,TX,01001
65.8,-0.3,4,TX,01001
65.3,0.6,4,TX,01001
63.9,-0.1,4,TX,01001
61.1,-1.9,4,TX,01001
67.9,0.4,4,TX,01001
56.8,1.1,4,TX,01001
63.3,-0.3,4,TX,01001
60.2,-0.8,4,TX,01001
64.1,-1.2,4,TX,01001
63.7,-1.6,4,TX,01001
66.0,-0.0,4,TX,01001
62.9,-0.2,4,TX,01001
72.4,0.6,4,TX,01001
56.8,0.7,4,TX,01001
55.5,-0.2,4,TX,01001
67.9,0.7,4,TX,01001
63.3,-0.9,4,TX,01001
63.4,-1.8,4,TX,01001
63.2,-1.1,4,TX,01001
55.6,0.2,4,TX,01001
66.3,1.5,4,TX,01001
65.9,-0.7,4,TX,01001
57.2,0.9,4,TX,01001
64.4,0.0,4,TX,01001
61.8,-1.5,4,TX,01001
56.4,0.5,4,TX,01001
65.6,1.2,4,TX,01001
67.3,1.4,4,TX,01001
62.1,-0.5,4,TX,01001
64.7,0.3,4,TX,01001
70.4,-0.1,4,TX,01001
58.0,1.0,4,TX,01001
64.6,-1.5,4,TX,01001
62.6,-1.2,4,TX,01001
64.4,-0.2,4,TX,01001
63.3,-1.7,4,TX,01001
64.8,-0.5,4,TX,01001
64.6,-0.8,4,TX,01001
66.5,-0.5,4,TX,01001
71.2,-0.1,4,TX,01001
65.8,0.5,4,TX,01001
65.4,1.2,4,TX,01001
62.6,-0.5,4,TX,01001
63.0,-1.1,4,TX,01001
63.6,-1.5,4,TX,01001
56.0,1.1,4,TX,01001
62.1,-2.3,4,TX,01001
65.4,0.3,4,TX,01001
74.5,-0.8,4,TX,01001
62.5,-1.4,4,TX,01001
64.9,1.0,4,TX,01001
63.1,-0.5,4,TX,01001
66.5,1.7,4,TX,01001
56.1,-0.8,4,TX,01001
63.8,-1.1,4,TX,01001
63.1,-0.7,4,TX,01001
68.5,1.1,4,TX,01001
58.9,-1.1,4,TX,01001
62.2,-1.6,4,TX,01001
63.1,-0.1,4,TX,01001
65.6,0.8,4,TX,01001
66.2,-0.9,4,TX,01001
64.9,-1.4,4,TX,01001
65.7,-0.5,4,TX,01001
62.6,-1.5,4,TX,01001
66.0,0.8,4,TX,01001
70.4,1.2,4,TX,01001
69.7,1.1,4,TX,01001
61.9,-2.1,4,TX,01001
70.0,0.4,4,TX,01001
65.8,-1.0,4,TX,01001
68.3,0.4,4,TX,01001
65.7,0.5,4,TX,01001
67.6,0.1,4,TX,01001
72.2,-1.1,4,TX,01001
69.8,1.1,4,TX,01001
58.0,0.1,4,TX,01001
61.3,-1.6,4,TX,01001
61.1,-1.6,4,TX,01001
74.0,-0.2,4,TX,01001
66.0,-0.3,4,TX,01001
68.9,-0.5,4,TX,01001
64.0,-0.0,4,TX,01001
62.0,-1.7,4,TX,01001
61.8,-1.8,4,TX,01001
58.4,-0.5,4,TX,01001
61.5,-2.1,4,TX,01001
73.7,-1.3,4,TX,01001
72.0,0.7,4,TX,01001
44.4,-0.6,4,UT,01001
43.1,-2.1,4,UT,01001
36.7,-4.1,4,UT,01001
39.9,-1.5,4,UT,01001
34.1,-4.3,4,UT,01001
44.1,-1.8,4,UT,01001
36.6,-1.9,4,UT,01001
46.6,-1.3,4,UT,01001
45.0,0.0,4,UT,01001
47.3,-0.8,4,UT,01001
44.8,0.1,4,UT,01001
45.7,-1.0,4,UT,01001
48.6,-0.4,4,UT,01001
46.9,-0.6,4,UT,01001
38.0,-2.4,4,UT,01001
39.6,0.1,4,UT,01001
31.0,-6.7,4,UT,01001
43.9,-1.3,4,UT,01001
49.7,-0.1,4,UT,01001
39.4,-1.1,4,UT,01001
40.1,-0.8,4,UT,01001
32.5,-2.6,4,UT,01001
46.4,-1.5,4,UT,01001
41.4,-2.5,4,UT,01001
41.8,-1.7,4,UT,01001
35.3,-2.1,4,UT,01001
52.2,0.3,4,UT,01001
47.7,-0.2,4,UT,01001
40.2,-2.6,4,UT,01001
46.9,5.6,4,VT,01001
45.7,5.7,4,VT,01001
42.5,3.8,4,VT,01001
48.3,7.2,4,VT,01001
41.4,3.7,4,VT,01001
46.8,6.3,4,VT,01001
47.8,5.4,4,VT,01001
44.8,6.4,4,VT,01001
45.0,5.2,4,VT,01001
42.8,4.6,4,VT,01001
45.3,4.6,4,VT,01001
44.8,5.7,4,VT,01001
46.3,5.2,4,VT,01001
45.7,5.1,4,VT,01001
60.7,7.0,4,VA,01001
58.9,5.0,4,VA,01001
54.5,2.6,4,VA,01001
59.1,3.2,4,VA,01001
57.9,4.1,4,VA,01001
58.8,4.1,4,VA,01001
59.6,5.8,4,VA,01001
55.1,4.0,4,VA,01001
53.5,2.9,4,VA,01001
58.4,3.6,4,VA,01001
52.4,2.4,4,VA,01001
56.6,2.7,4,VA,01001
59.6,3.0,4,VA,01001
56.0,3.0,4,VA,01001
59.3,4.2,4,VA,01001
58.7,4.0,4,VA,01001
59.9,4.9,4,VA,01001
53.7,2.5,4,VA,01001
61.4,4.2,4,VA,01001
57.6,2.4,4,VA,01001
60.2,3.7,4,VA,01001
56.5,4.9,4,VA,01001
54.8,3.0,4,VA,01001
58.2,4.9,4,VA,01001
59.3,3.8,4,VA,01001
55.6,2.5,4,VA,01001
60.1,3.5,4,VA,01001
59.9,4.5,4,VA,01001
59.5,6.1,4,VA,01001
57.9,5.5,4,VA,01001
53.2,2.7,4,VA,01001
59.6,4.7,4,VA,01001
57.5,2.8,4,VA,01001
55.2,4.1,4,VA,01001
53.6,2.6,4,VA,01001
61.4,5.1,4,VA,01001
59.9,4.6,4,VA,01001
51.1,2.1,4,VA,01001
57.5,5.2,4,VA,01001
60.0,2.8,4,VA,01001
58.2,2.3,4,VA,01001
60.3,4.6,4,VA,01001
60.7,4.2,4,VA,01001
57.9,2.0,4,VA,01001
50.6,3.0,4,VA,01001
62.1,4.8,4,VA,01001
61.7,4.8,4,VA,01001
60.5,4.6,4,VA,01001
60.2,5.5,4,VA,01001
60.7,4.6,4,VA,01001
60.3,5.0,4,VA,01001
56.3,1.8,4,VA,01001
58.5,6.4,4,VA,01001
59.0,4.5,4,VA,01001
58.4,2.7,4,VA,01001
57.0,5.0,4,VA,01001
61.4,5.5,4,VA,01001
58.9,2.5,4,VA,01001
60.7,4.9,4,VA,01001
55.2,3.2,4,VA,01001
57.8,4.5,4,VA,01001
61.0,4.4,4,VA,01001
61.5,6.4,4,VA,01001
60.0,5.3,4,VA,01001
59.1,3.3,4,VA,01001
58.5,4.6,4,VA,01001
55.5,4.8,4,VA,01001
56.2,2.2,4,VA,01001
58.1,2.3,4,VA,01001
59.8,4.1,4,VA,01001
58.3,3.0,4,VA,01001
61.2,3.9,4,VA,01001
59.8,6.3,4,VA,01001
54.3,2.7,4,VA,01001
56.0,4.5,4,VA,01001
59.6,4.4,4,VA,01001
56.9,3.1,4,VA,01001
56.0,3.0,4,VA,01001
55.1,4.3,4,VA,01001
54.9,2.6,4,VA,01001
56.4,2.0,4,VA,01001
55.2,4.0,4,VA,01001
52.7,2.5,4,VA,01001
61.3,3.9,4,VA,01001
59.0,4.8,4,VA,01001
59.8,5.7,4,VA,01001
61.8,4.7,4,VA,01001
61.2,4.0,4,VA,01001
52.7,2.7,4,VA,01001
55.4,4.0,4,VA,01001
55.1,2.4,4,VA,01001
59.6,4.8,4,VA,01001
54.4,2.1,4,VA,01001
53.1,2.5,4,VA,01001
62.0,5.2,4,VA,01001
60.1,5.8,4,VA,01001
56.7,2.3,4,VA,01001
57.2,3.1,4,VA,01001
59.5,5.1,4,VA,01001
62.2,5.2,4,VA,01001
60.6,3.4,4,VA,01001
55.9,2.4,4,VA,01001
59.0,2.1,4,VA,01001
60.0,2.7,4,VA,01001
59.2,6.0,4,VA,01001
59.1,5.9,4,VA,01001
61.8,4.3,4,VA,01001
59.6,5.3,4,VA,01001
53.6,2.6,4,VA,01001
62.3,5.3,4,VA,01001
56.1,4.2,4,VA,01001
60.9,3.4,4,VA,01001
59.4,4.7,4,VA,01001
59.8,6.4,4,VA,01001
59.7,6.3,4,VA,01001
57.7,1.8,4,VA,01001
62.3,5.2,4,VA,01001
62.6,5.6,4,VA,01001
54.6,2.0,4,VA,01001
60.8,3.6,4,VA,01001
62.2,5.4,4,VA,01001
62.7,5.3,4,VA,01001
55.0,2.9,4,VA,01001
60.7,4.3,4,VA,01001
58.2,3.1,4,VA,01001
58.2,3.2,4,VA,01001
56.5,4.5,4,VA,01001
62.2,4.7,4,VA,01001
61.9,5.4,4,VA,01001
57.2,4.9,4,VA,01001
61.8,5.1,4,VA,01001
55.5,4.1,4,VA,01001
46.2,-1.9,4,WA,01001
45.6,-0.0,4,WA,01001
50.0,-1.6,4,WA,01001
38.5,-2.8,4,WA,01001
43.4,-0.7,4,WA,01001
47.5,-1.7,4,WA,01001
43.9,-1.2,4,WA,01001
45.6,-1.0,4,WA,01001
44.8,-2.6,4,WA,01001
39.9,-2.1,4,WA,01001
49.3,-1.4,4,WA,01001
45.1,-0.4,4,WA,01001
47.9,-2.1,4,WA,01001
45.8,-1.4,4,WA,01001
47.1,-1.4,4,WA,01001
40.8,-1.3,4,WA,01001
42.9,-2.2,4,WA,01001
47.7,-1.2,4,WA,01001
40.9,-2.2,4,WA,01001
44.5,-1.7,4,WA,01001
43.1,-1.3,4,WA,01001
43.8,-2.6,4,WA,01001
44.6,-1.6,4,WA,01001
38.8,-2.8,4,WA,01001
46.5,-0.7,4,WA,01001
39.4,-1.5,4,WA,01001
42.0,-1.8,4,WA,01001
47.0,-1.2,4,WA,01001
41.3,-2.5,4,WA,01001
40.3,-1.6,4,WA,01001
42.2,-2.0,4,WA,01001
44.4,-0.9,4,WA,01001
42.5,-1.8,4,WA,01001
47.0,-1.6,4,WA,01001
46.4,-0.6,4,WA,01001
49.2,-1.6,4,WA,01001
39.7,-2.3,4,WA,01001
46.4,-0.7,4,WA,01001
42.2,-2.1,4,WA,01001
53.2,3.4,4,WV,01001
56.1,5.1,4,WV,01001
56.4,2.7,4,WV,01001
55.3,2.8,4,WV,01001
52.3,2.8,4,WV,01001
56.9,2.9,4,WV,01001
54.9,2.6,4,WV,01001
56.0,3.1,4,WV,01001
54.3,3.0,4,WV,01001
54.5,3.2,4,WV,01001
55.0,2.8,4,WV,01001
52.5,3.4,4,WV,01001
51.8,2.9,4,WV,01001
54.6,3.9,4,WV,01001
51.5,2.5,4,WV,01001
53.6,3.4,4,WV,01001
54.5,3.5,4,WV,01001
54.8,1.8,4,WV,01001
56.8,5.3,4,WV,01001
56.5,2.8,4,WV,01001
54.9,3.3,4,WV,01001
57.2,2.8,4,WV,01001
56.9,2.6,4,WV,01001
55.1,2.6,4,WV,01001
53.5,2.9,4,WV,01001
52.6,2.5,4,WV,01001
54.6,1.3,4,WV,01001
53.0,2.1,4,WV,01001
54.4,3.4,4,WV,01001
57.4,2.6,4,WV,01001
52.9,2.8,4,WV,01001
53.8,2.8,4,WV,01001
55.7,5.0,4,WV,01001
53.9,3.4,4,WV,01001
52.5,3.0,4,WV,01001
51.6,3.4,4,WV,01001
54.1,2.7,4,WV,01001
48.9,3.0,4,WV,01001
51.5,3.7,4,WV,01001
56.2,2.5,4,WV,01001
53.6,2.5,4,WV,01001
49.6,3.3,4,WV,01001
54.3,2.6,4,WV,01001
55.2,2.5,4,WV,01001
54.3,2.6,4,WV,01001
53.6,3.1,4,WV,01001
49.5,3.5,4,WV,01001
53.7,2.6,4,WV,01001
53.6,3.4,4,WV,01001
57.3,2.9,4,WV,01001
51.8,2.7,4,WV,01001
53.0,2.5,4,WV,01001
54.7,2.6,4,WV,01001
55.0,2.8,4,WV,01001
55.0,2.5,4,WV,01001
45.8,1.8,4,WI,01001
37.2,-1.8,4,WI,01001
41.1,-1.3,4,WI,01001
37.5,-1.6,4,WI,01001
45.2,3.3,4,WI,01001
46.1,1.1,4,WI,01001
40.3,-1.6,4,WI,01001
46.6,3.7,4,WI,01001
42.6,-0.6,4,WI,01001
43.6,1.0,4,WI,01001
47.6,2.7,4,WI,01001
47.2,0.9,4,WI,01001
48.2,2.7,4,WI,01001
46.9,2.1,4,WI,01001
42.0,1.8,4,WI,01001
37.8,-1.7,4,WI,01001
43.6,-0.4,4,WI,01001
44.3,0.6,4,WI,01001
38.7,0.2,4,WI,01001
46.9,3.1,4,WI,01001
38.5,0.0,4,WI,01001
47.9,1.2,4,WI,01001
48.1,1.8,4,WI,01001
46.8,2.3,4,WI,01001
47.4,1.7,4,WI,01001
36.4,-1.8,4,WI,01001
45.5,1.7,4,WI,01001
48.0,2.2,4,WI,01001
46.2,2.0,4,WI,01001
49.0,3.2,4,WI,01001
44.1,2.9,4,WI,01001
46.3,0.9,4,WI,01001
47.8,1.5,4,WI,01001
40.1,0.5,4,WI,01001
39.9,-0.3,4,WI,01001
45.4,3.4,4,WI,01001
42.5,0.8,4,WI,01001
41.8,1.2,4,WI,01001
46.7,2.2,4,WI,01001
43.2,2.0,4,WI,01001
48.0,3.3,4,WI,01001
45.6,1.3,4,WI,01001
42.8,1.6,4,WI,01001
38.2,-0.8,4,WI,01001
46.0,3.1,4,WI,01001
46.6,3.1,4,WI,01001
45.3,0.3,4,WI,01001
44.0,-0.5,4,WI,01001
40.9,-2.0,4,WI,01001
44.8,1.7,4,WI,01001
38.3,-1.2,4,WI,01001
48.5,3.1,4,WI,01001
47.0,1.3,4,WI,01001
48.4,1.8,4,WI,01001
40.1,-1.7,4,WI,01001
42.9,-1.0,4,WI,01001
47.2,2.2,4,WI,01001
38.9,-1.0,4,WI,01001
44.2,2.3,4,WI,01001
46.2,3.4,4,WI,01001
40.6,-0.6,4,WI,01001
45.6,0.9,4,WI,01001
45.9,0.8,4,WI,01001
36.9,-1.0,4,WI,01001
47.2,1.3,4,WI,01001
39.5,-1.4,4,WI,01001
46.4,2.6,4,WI,01001
47.6,2.7,4,WI,01001
45.8,2.6,4,WI,01001
45.8,2.1,4,WI,01001
47.0,3.1,4,WI,01001
44.7,1.3,4,WI,01001
34.5,-1.9,4,WY,01001
39.9,-1.0,4,WY,01001
40.9,-0.9,4,WY,01001
34.3,-3.5,4,WY,01001
39.0,-2.3,4,WY,01001
39.6,-2.1,4,WY,01001
34.9,-3.0,4,WY,01001
43.9,0.1,4,WY,01001
38.3,-2.4,4,WY,01001
39.2,-1.3,4,WY,01001
41.2,0.0,4,WY,01001
30.4,-5.1,4,WY,01001
38.0,-2.3,4,WY,01001
41.6,-1.5,4,WY,01001
34.0,-1.5,4,WY,01001
42.3,-0.7,4,WY,01001
38.4,-1.8,4,WY,01001
28.3,-5.1,4,WY,01001
33.8,-5.3,4,WY,01001
29.3,-3.1,4,WY,01001
31.5,-5.8,4,WY,01001
40.8,-1.9,4,WY,01001
40.4,-1.8,4,WY,01001
70.9,-0.5,5,AL,01001
74.4,0.9,5,AL,01001
70.5,-1.8,5,AL,01001
69.6,-0.8,5,AL,01001
68.4,-0.1,5,AL,01001
70.0,-1.7,5,AL,01001
71.4,-0.5,5,AL,01001
68.5,-0.3,5,AL,01001
67.4,-1.8,5,AL,01001
67.7,-1.0,5,AL,01001
69.4,-0.9,5,AL,01001
72.6,0.7,5,AL,01001
72.1,-0.0,5,AL,01001
67.8,-0.5,5,AL,01001
67.2,-0.5,5,AL,01001
72.2,-0.6,5,AL,01001
68.6,0.5,5,AL,01001
72.2,-0.4,5,AL,01001
69.0,-0.7,5,AL,01001
72.6,-0.2,5,AL,01001
71.0,-0.8,5,AL,01001
68.1,-0.1,5,AL,01001
72.1,-1.0,5,AL,01001
71.7,-0.1,5,AL,01001
66.0,-1.3,5,AL,01001
69.9,-1.3,5,AL,01001
72.7,-0.3,5,AL,01001
68.2,-0.6,5,AL,01001
69.7,-0.1,5,AL,01001
68.4,0.4,5,AL,01001
73.2,-0.2,5,AL,01001
70.7,-0.9,5,AL,01001
70.4,-1.0,5,AL,01001
71.7,-1.5,5,AL,01001
73.0,-1.0,5,AL,01001
67.0,-0.5,5,AL,01001
69.7,0.1,5,AL,01001
70.4,0.5,5,AL,01001
67.9,0.2,5,AL,01001
67.9,-0.3,5,AL,01001
68.8,-1.7,5,AL,01001
67.9,-0.1,5,AL,01001
71.6,-0.4,5,AL,01001
69.9,-1.7,5,AL,01001
67.8,-0.2,5,AL,01001
71.5,-0.3,5,AL,01001
69.0,0.3,5,AL,01001
67.8,-0.5,5,AL,01001
74.8,1.6,5,AL,01001
72.2,-0.1,5,AL,01001
70.6,-1.3,5,AL,01001
68.2,-0.1,5,AL,01001
70.6,-0.6,5,AL,01001
70.7,-0.2,5,AL,01001
70.9,-1.2,5,AL,01001
67.6,-0.6,5,AL,01001
70.0,-1.7,5,AL,01001
68.8,-0.1,5,AL,01001
69.5,-0.1,5,AL,01001
71.5,-0.1,5,AL,01001
69.2,-0.1,5,AL,01001
68.1,-1.6,5,AL,01001
69.9,-0.9,5,AL,01001
69.2,-0.2,5,AL,01001
73.0,0.4,5,AL,01001
72.0,-0.0,5,AL,01001
67.9,-0.2,5,AL,01001
57.3,1.2,5,AZ,01001
66.5,0.2,5,AZ,01001
59.3,1.4,5,AZ,01001
65.3,1.6,5,AZ,01001
67.6,1.5,5,AZ,01001
62.5,1.1,5,AZ,01001
78.2,2.4,5,AZ,01001
76.5,2.0,5,AZ,01001
68.7,1.7,5,AZ,01001
59.2,1.5,5,AZ,01001
73.1,1.5,5,AZ,01001
75.4,2.0,5,AZ,01001
64.1,-0.6,5,AZ,01001
64.2,1.2,5,AZ,01001
77.7,2.0,5,AZ,01001
72.7,2.1,5,AR,01001
72.9,1.8,5,AR,01001
67.0,1.5,5,AR,01001
67.2,1.7,5,AR,01001
66.5,1.6,5,AR,01001
72.1,1.4,5,AR,01001
71.2,0.6,5,AR,01001
66.5,1.5,5,AR,01001
73.3,1.5,5,AR,01001
70.6,0.6,5,AR,01001
70.0,2.0,5,AR,01001
69.0,2.1,5,AR,01001
71.8,1.4,5,AR,01001
71.0,0.0,5,AR,01001
70.2,1.7,5,AR,01001
71.0,2.4,5,AR,01001
68.4,1.1,5,AR,01001
71.7,1.4,5,AR,01001
71.5,1.7,5,AR,01001
70.7,0.6,5,AR,01001
72.9,1.8,5,AR,01001
72.9,2.0,5,AR,01001
70.5,1.8,5,AR,01001
68.1,0.9,5,AR,01001
67.3,2.2,5,AR,01001
69.8,1.1,5,AR,01001
71.3,1.2,5,AR,01001
70.3,2.1,5,AR,01001
71.2,0.9,5,AR,01001
70.5,0.9,5,AR,01001
69.9,0.9,5,AR,01001
68.9,1.7,5,AR,01001
67.2,1.3,5,AR,01001
70.3,1.9,5,AR,01001
72.1,1.8,5,AR,01001
67.6,1.1,5,AR,01001
72.4,1.3,5,AR,01001
69.6,1.9,5,AR,01001
72.0,1.6,5,AR,01001
72.8,2.2,5,AR,01001
72.2,2.0,5,AR,01001
68.7,0.5,5,AR,01001
71.6,1.7,5,AR,01001
66.0,1.7,5,AR,01001
67.0,1.6,5,AR,01001
73.4,2.2,5,AR,01001
71.0,1.5,5,AR,01001
72.4,2.1,5,AR,01001
69.0,0.9,5,AR,01001
70.6,0.1,5,AR,01001
65.8,1.6,5,AR,01001
70.6,-0.2,5,AR,01001
69.9,0.9,5,AR,01001
72.7,2.1,5,AR,01001
69.9,0.9,5,AR,01001
71.4,2.1,5,AR,01001
67.4,0.3,5,AR,01001
68.4,1.1,5,AR,01001
72.1,2.1,5,AR,01001
71.3,1.7,5,AR,01001
69.1,2.1,5,AR,01001
71.7,1.5,5,AR,01001
70.5,1.3,5,AR,01001
68.1,0.4,5,AR,01001
66.4,1.3,5,AR,01001
69.7,1.3,5,AR,01001
70.7,1.3,5,AR,01001
67.9,1.8,5,AR,01001
67.1,1.3,5,AR,01001
71.8,0.9,5,AR,01001
67.8,1.5,5,AR,01001
66.9,1.6,5,AR,01001
70.8,2.2,5,AR,01001
71.5,1.9,5,AR,01001
68.9,0.2,5,AR,01001
59.8,-0.0,5,CA,01001
46.8,1.5,5,CA,01001
60.6,0.8,5,CA,01001
64.3,1.7,5,CA,01001
61.0,0.8,5,CA,01001
66.3,1.5,5,CA,01001
60.4,-1.1,5,CA,01001
55.7,3.3,5,CA,01001
56.1,0.6,5,CA,01001
58.8,1.0,5,CA,01001
64.8,1.5,5,CA,01001
57.3,2.9,5,CA,01001
78.7,1.5,5,CA,01001
66.1,1.1,5,CA,01001
65.2,0.9,5,CA,01001
69.0,1.5,5,CA,01001
59.5,1.1,5,CA,01001
52.6,2.1,5,CA,01001
61.1,-0.2,5,CA,01001
59.9,1.3,5,CA,01001
55.3,-0.1,5,CA,01001
58.4,1.0,5,CA,01001
57.6,1.6,5,CA,01001
64.8,-0.5,5,CA,01001
53.7,3.8,5,CA,01001
48.0,1.1,5,CA,01001
59.0,0.3,5,CA,01001
60.7,-0.1,5,CA,01001
55.1,0.7,5,CA,01001
61.4,-0.9,5,CA,01001
56.4,0.7,5,CA,01001
52.2,1.9,5,CA,01001
71.7,1.1,5,CA,01001
65.3,0.1,5,CA,01001
59.5,-0.1,5,CA,01001
71.5,1.2,5,CA,01001
62.3,-0.2,5,CA,01001
56.3,-0.4,5,CA,01001
65.0,0.1,5,CA,01001
60.0,0.5,5,CA,01001
57.2,1.3,5,CA,01001
57.7,0.8,5,CA,01001
59.2,0.7,5,CA,01001
57.2,0.7,5,CA,01001
60.6,2.8,5,CA,01001
50.4,1.0,5,CA,01001
55.0,4.3,5,CA,01001
62.6,-0.7,5,CA,01001
56.9,-0.4,5,CA,01001
64.2,-0.1,5,CA,01001
67.9,1.3,5,CA,01001
63.0,1.7,5,CA,01001
57.2,3.3,5,CA,01001
57.7,1.3,5,CA,01001
52.5,0.8,5,CA,01001
56.8,0.4,5,CA,01001
64.9,-0.2,5,CA,01001
64.8,1.2,5,CA,01001
58.0,2.0,5,CO,01001
52.6,2.5,5,CO,01001
57.2,1.9,5,CO,01001
51.1,1.9,5,CO,01001
63.6,2.5,5,CO,01001
63.6,2.3,5,CO,01001
51.0,1.2,5,CO,01001
58.1,1.5,5,CO,01001
45.5,1.6,5,CO,01001
61.4,2.5,5,CO,01001
43.8,1.8,5,CO,01001
48.5,2.0,5,CO,01001
49.0,1.3,5,CO,01001
62.0,2.9,5,CO,01001
48.4,1.9,5,CO,01001
55.9,3.3,5,CO,01001
58.4,1.9,5,CO,01001
50.2,2.6,5,CO,01001
53.6,1.4,5,CO,01001
47.7,2.0,5,CO,01001
55.8,2.3,5,CO,01001
55.9,2.5,5,CO,01001
53.2,2.0,5,CO,01001
51.9,2.8,5,CO,01001
45.3,1.5,5,CO,01001
45.7,2.4,5,CO,01001
46.8,2.6,5,CO,01001
42.1,2.0,5,CO,01001
53.6,1.4,5,CO,01001
45.3,2.9,5,CO,01001
52.4,1.3,5,CO,01001
62.4,2.2,5,CO,01001
60.5,2.5,5,CO,01001
42.1,1.9,5,CO,01001
52.1,2.4,5,CO,01001
49.5,2.6,5,CO,01001
58.7,1.6,5,CO,01001
59.0,2.7,5,CO,01001
59.8,2.7,5,CO,01001
56.8,3.7,5,CO,01001
43.7,2.0,5,CO,01001
54.5,4.1,5,CO,01001
56.8,2.7,5,CO,01001
56.5,3.6,5,CO,01001
59.2,2.9,5,CO,01001
62.7,2.2,5,CO,01001
49.1,3.2,5,CO,01001
45.2,1.4,5,CO,01001
60.8,3.3,5,CO,01001
45.4,2.1,5,CO,01001
63.7,2.1,5,CO,01001
61.3,2.7,5,CO,01001
53.7,3.5,5,CO,01001
48.9,2.9,5,CO,01001
49.3,3.5,5,CO,01001
48.0,2.1,5,CO,01001
40.6,2.5,5,CO,01001
52.4,3.1,5,CO,01001
60.5,2.9,5,CO,01001
42.9,1.5,5,CO,01001
46.8,1.6,5,CO,01001
59.1,2.5,5,CO,01001
58.2,3.0,5,CO,01001
61.3,3.1,5,CO,01001
58.5,0.8,5,CT,01001
57.8,0.0,5,CT,01001
55.4,-0.1,5,CT,01001
57.3,0.2,5,CT,01001
57.6,0.4,5,CT,01001
56.8,0.3,5,CT,01001
56.2,-0.3,5,CT,01001
55.8,-0.6,5,CT,01001
61.6,-0.6,5,DE,01001
61.3,-0.6,5,DE,01001
61.4,-0.8,5,DE,01001
74.7,0.0,5,FL,01001
73.3,-0.3,5,FL,01001
74.6,0.6,5,FL,01001
74.2,0.0,5,FL,01001
76.4,1.0,5,FL,01001
79.0,2.4,5,FL,01001
73.6,-0.2,5,FL,01001
78.4,1.7,5,FL,01001
76.4,1.2,5,FL,01001
75.0,0.9,5,FL,01001
78.6,1.9,5,FL,01001
73.1,-0.8,5,FL,01001
77.1,1.0,5,FL,01001
75.0,0.9,5,FL,01001
74.6,0.9,5,FL,01001
74.6,0.9,5,FL,01001
75.9,1.6,5,FL,01001
74.3,0.3,5,FL,01001
73.9,0.1,5,FL,01001
74.6,0.5,5,FL,01001
77.6,1.4,5,FL,01001
73.6,0.1,5,FL,01001
72.1,-1.6,5,FL,01001
77.1,1.2,5,FL,01001
78.0,1.8,5,FL,01001
76.8,1.8,5,FL,01001
77.3,1.3,5,FL,01001
77.5,1.7,5,FL,01001
73.6,-0.1,5,FL,01001
76.4,1.2,5,FL,01001
73.4,-0.9,5,FL,01001
74.4,0.6,5,FL,01001
73.8,-0.1,5,FL,01001
76.8,1.4,5,FL,01001
79.8,2.8,5,FL,01001
74.8,0.9,5,FL,01001
75.6,1.2,5,FL,01001
73.7,0.1,5,FL,01001
73.0,-0.7,5,FL,01001
77.0,1.2,5,FL,01001
76.0,0.9,5,FL,01001
78.0,2.0,5,FL,01001
78.9,2.3,5,FL,01001
79.2,2.0,5,FL,01001
74.0,0.6,5,FL,01001
74.4,1.1,5,FL,01001
77.1,1.4,5,FL,01001
77.3,1.4,5,FL,01001
77.3,1.4,5,FL,01001
78.5,2.3,5,FL,01001
76.7,1.6,5,FL,01001
78.0,1.5,5,FL,01001
77.6,1.6,5,FL,01001
76.0,1.4,5,FL,01001
75.6,1.8,5,FL,01001
77.1,1.4,5,FL,01001
74.5,0.9,5,FL,01001
77.0,0.7,5,FL,01001
76.8,1.0,5,FL,01001
76.5,1.3,5,FL,01001
73.0,-1.0,5,FL,01001
74.5,0.3,5,FL,01001
73.7,-0.4,5,FL,01001
76.2,1.2,5,FL,01001
75.0,0.9,5,FL,01001
74.2,0.8,5,FL,01001
74.0,0.1,5,FL,01001
71.5,-1.6,5,GA,01001
71.6,-1.5,5,GA,01001
72.0,-1.1,5,GA,01001
72.3,-1.3,5,GA,01001
69.9,-1.5,5,GA,01001
67.2,-1.0,5,GA,01001
67.4,-1.2,5,GA,01001
67.3,-1.1,5,GA,01001
71.4,-1.3,5,GA,01001
71.1,-1.8,5,GA,01001
70.0,-1.4,5,GA,01001
70.4,-1.9,5,GA,01001
72.0,-0.6,5,GA,01001
72.0,-1.1,5,GA,01001
70.7,-2.4,5,GA,01001
70.0,-2.5,5,GA,01001
68.2,-3.0,5,GA,01001
69.6,-0.2,5,GA,01001
71.6,-1.6,5,GA,01001
72.9,-0.3,5,GA,01001
70.0,-2.6,5,GA,01001
67.4,-0.3,5,GA,01001
67.2,-0.3,5,GA,01001
73.2,0.0,5,GA,01001
70.9,-2.1,5,GA,01001
69.9,-1.8,5,GA,01001
66.7,-1.4,5,GA,01001
66.4,-1.2,5,GA,01001
67.3,-1.7,5,GA,01001
71.2,-1.7,5,GA,01001
68.6,-0.6,5,GA,01001
72.1,-1.1,5,GA,01001
67.8,-0.5,5,GA,01001
71.6,-1.4,5,GA,01001
71.6,-1.2,5,GA,01001
68.0,-2.6,5,GA,01001
71.3,-1.6,5,GA,01001
68.6,-0.3,5,GA,01001
69.7,-1.4,5,GA,01001
71.8,-0.5,5,GA,01001
66.0,-0.8,5,GA,01001
64.5,-1.7,5,GA,01001
73.2,-0.7,5,GA,01001
68.1,-0.5,5,GA,01001
70.9,-1.8,5,GA,01001
71.3,-0.9,5,GA,01001
72.1,-1.3,5,GA,01001
67.9,-0.2,5,GA,01001
72.1,-1.4,5,GA,01001
71.7,-1.7,5,GA,01001
70.2,-2.3,5,GA,01001
67.4,-1.7,5,GA,01001
69.3,-2.9,5,GA,01001
70.3,-2.7,5,GA,01001
62.7,-1.1,5,GA,01001
68.8,-0.5,5,GA,01001
67.4,-1.2,5,GA,01001
65.8,-1.5,5,GA,01001
67.0,-1.4,5,GA,01001
68.0,-0.4,5,GA,01001
63.5,-1.4,5,GA,01001
68.0,-2.7,5,GA,01001
71.8,-1.6,5,GA,01001
67.0,-1.3,5,GA,01001
73.1,-0.4,5,GA,01001
68.3,-1.6,5,GA,01001
67.2,-0.9,5,GA,01001
65.1,-0.9,5,GA,01001
66.2,-1.3,5,GA,01001
68.8,-1.9,5,GA,01001
66.7,-0.4,5,GA,01001
68.4,-1.6,5,GA,01001
66.8,-1.6,5,GA,01001
68.3,-0.4,5,GA,01001
68.9,-0.6,5,GA,01001
70.5,-1.5,5,GA,01001
71.1,-1.6,5,GA,01001
67.5,-1.1,5,GA,01001
69.8,-0.1,5,GA,01001
71.4,-1.5,5,GA,01001
68.0,-3.1,5,GA,01001
68.7,-2.9,5,GA,01001
69.5,-2.4,5,GA,01001
69.9,-0.9,5,GA,01001
69.3,-0.5,5,GA,01001
71.3,-1.7,5,GA,01001
70.5,-1.9,5,GA,01001
71.9,-1.1,5,GA,01001
70.8,-2.4,5,GA,01001
67.5,-2.7,5,GA,01001
70.9,-2.3,5,GA,01001
71.4,-1.6,5,GA,01001
63.9,-1.3,5,GA,01001
67.5,-2.7,5,GA,01001
71.3,-2.1,5,GA,01001
70.6,-1.2,5,GA,01001
67.3,-1.2,5,GA,01001
69.6,-1.7,5,GA,01001
68.6,-0.8,5,GA,01001
72.4,-1.3,5,GA,01001
72.2,-1.2,5,GA,01001
69.6,-0.7,5,GA,01001
71.0,-1.8,5,GA,01001
68.8,-0.8,5,GA,01001
66.3,-1.0,5,GA,01001
69.5,-1.9,5,GA,01001
68.9,-0.4,5,GA,01001
67.6,-1.7,5,GA,01001
67.5,-1.7,5,GA,01001
67.5,-0.4,5,GA,01001
70.0,-1.5,5,GA,01001
64.9,-1.5,5,GA,01001
72.2,-0.7,5,GA,01001
69.1,-0.6,5,GA,01001
67.6,-0.5,5,GA,01001
70.9,-1.6,5,GA,01001
69.8,-0.6,5,GA,01001
70.5,-1.9,5,GA,01001
62.9,-0.9,5,GA,01001
70.7,-1.7,5,GA,01001
68.4,-2.8,5,GA,01001
68.5,-0.6,5,GA,01001
70.3,-1.4,5,GA,01001
69.2,-2.6,5,GA,01001
72.9,-1.2,5,GA,01001
69.2,-0.6,5,GA,01001
66.3,-1.7,5,GA,01001
70.1,-1.7,5,GA,01001
71.2,-1.1,5,GA,01001
68.8,-1.7,5,GA,01001
67.7,-2.2,5,GA,01001
70.7,-2.5,5,GA,01001
69.6,-1.5,5,GA,01001
71.4,-1.6,5,GA,01001
71.3,-1.4,5,GA,01001
72.6,-0.6,5,GA,01001
70.9,-1.7,5,GA,01001
70.9,-2.1,5,GA,01001
62.5,-0.2,5,GA,01001
70.2,-2.4,5,GA,01001
68.4,-1.0,5,GA,01001
71.2,-1.1,5,GA,01001
70.2,-1.7,5,GA,01001
62.5,-0.5,5,GA,01001
69.2,-1.0,5,GA,01001
66.4,-0.8,5,GA,01001
67.8,-1.1,5,GA,01001
72.6,-0.6,5,GA,01001
67.6,-2.6,5,GA,01001
69.3,-2.2,5,GA,01001
71.4,-1.6,5,GA,01001
70.3,-1.6,5,GA,01001
71.3,-1.7,5,GA,01001
64.4,-0.7,5,GA,01001
67.1,-0.5,5,GA,01001
71.4,-1.1,5,GA,01001
67.5,-2.1,5,GA,01001
70.2,-1.7,5,GA,01001
71.6,-1.1,5,GA,01001
62.9,5.0,5,ID,01001
53.5,4.5,5,ID,01001
55.5,4.4,5,ID,01001
50.1,3.4,5,ID,01001
58.3,7.4,5,ID,01001
56.5,4.8,5,ID,01001
52.4,4.0,5,ID,01001
52.9,4.3,5,ID,01001
57.9,8.2,5,ID,01001
53.1,4.4,5,ID,01001
55.8,8.5,5,ID,01001
52.6,3.6,5,ID,01001
51.4,4.6,5,ID,01001
63.9,4.9,5,ID,01001
51.7,3.8,5,ID,01001
55.0,3.8,5,ID,01001
51.5,4.3,5,ID,01001
56.3,7.3,5,ID,01001
47.4,3.9,5,ID,01001
57.4,4.8,5,ID,01001
54.8,4.6,5,ID,01001
51.4,4.4,5,ID,01001
60.2,4.7,5,ID,01001
60.7,5.5,5,ID,01001
52.6,6.0,5,ID,01001
56.0,4.1,5,ID,01001
60.3,5.4,5,ID,01001
59.6,8.4,5,ID,01001
58.8,7.4,5,ID,01001
49.8,5.1,5,ID,01001
57.4,6.9,5,ID,01001
59.2,6.0,5,ID,01001
55.0,4.9,5,ID,01001
57.6,4.6,5,ID,01001
61.2,7.1,5,ID,01001
55.7,4.0,5,ID,01001
56.1,3.6,5,ID,01001
63.4,5.1,5,ID,01001
55.8,3.9,5,ID,01001
55.3,7.5,5,ID,01001
50.9,4.4,5,ID,01001
56.6,3.5,5,ID,01001
48.9,4.7,5,ID,01001
58.7,4.7,5,ID,01001
64.8,1.6,5,IL,01001
68.1,1.8,5,IL,01001
66.4,2.5,5,IL,01001
60.0,1.6,5,IL,01001
64.3,1.4,5,IL,01001
62.4,2.1,5,IL,01001
65.8,1.8,5,IL,01001
61.3,2.4,5,IL,01001
64.2,1.1,5,IL,01001
64.5,3.0,5,IL,01001
65.8,2.9,5,IL,01001
64.6,1.8,5,IL,01001
65.6,1.8,5,IL,01001
66.7,2.1,5,IL,01001
64.5,1.9,5,IL,01001
60.8,2.4,5,IL,01001
64.8,1.2,5,IL,01001
64.8,1.8,5,IL,01001
60.9,2.0,5,IL,01001
64.8,3.2,5,IL,01001
64.8,2.6,5,IL,01001
60.9,2.2,5,IL,01001
63.6,1.4,5,IL,01001
65.8,1.0,5,IL,01001
65.1,1.9,5,IL,01001
65.7,2.2,5,IL,01001
63.7,2.8,5,IL,01001
65.9,1.1,5,IL,01001
64.8,2.5,5,IL,01001
66.1,0.4,5,IL,01001
65.3,1.4,5,IL,01001
62.3,2.2,5,IL,01001
65.8,1.0,5,IL,01001
64.2,1.5,5,IL,01001
66.1,0.5,5,IL,01001
64.2,2.3,5,IL,01001
63.4,2.9,5,IL,01001
63.1,2.4,5,IL,01001
66.3,1.3,5,IL,01001
65.2,1.7,5,IL,01001
65.9,1.3,5,IL,01001
66.0,1.8,5,IL,01001
60.6,2.2,5,IL,01001
66.4,1.1,5,IL,01001
60.2,1.6,5,IL,01001
62.3,2.2,5,IL,01001
61.3,1.7,5,IL,01001
63.8,2.8,5,IL,01001
58.5,1.4,5,IL,01001
62.0,1.9,5,IL,01001
64.9,0.4,5,IL,01001
62.1,2.5,5,IL,01001
63.5,2.9,5,IL,01001
65.2,2.9,5,IL,01001
63.8,1.6,5,IL,01001
58.5,0.8,5,IL,01001
64.1,3.2,5,IL,01001
65.2,2.9,5,IL,01001
65.7,2.3,5,IL,01001
66.5,1.8,5,IL,01001
65.8,1.8,5,IL,01001
63.3,2.4,5,IL,01001
65.2,2.4,5,IL,01001
67.5,1.4,5,IL,01001
64.8,2.0,5,IL,01001
64.2,3.0,5,IL,01001
66.8,1.7,5,IL,01001
66.2,3.1,5,IL,01001
64.3,1.3,5,IL,01001
64.7,2.2,5,IL,01001
61.2,2.2,5,IL,01001
64.9,3.5,5,IL,01001
66.1,1.4,5,IL,01001
65.0,3.2,5,IL,01001
64.6,1.2,5,IL,01001
66.2,0.7,5,IL,01001
68.0,1.8,5,IL,01001
62.8,1.9,5,IL,01001
66.0,1.1,5,IL,01001
65.2,1.1,5,IL,01001
64.3,3.5,5,IL,01001
66.7,1.6,5,IL,01001
65.7,0.5,5,IL,01001
65.2,2.4,5,IL,01001
64.2,1.3,5,IL,01001
64.5,1.1,5,IL,01001
64.9,2.0,5,IL,01001
63.2,2.6,5,IL,01001
60.1,1.8,5,IL,01001
65.0,3.3,5,IL,01001
66.9,1.6,5,IL,01001
63.2,1.6,5,IL,01001
65.7,0.8,5,IL,01001
63.9,2.6,5,IL,01001
66.4,1.8,5,IL,01001
65.9,1.5,5,IL,01001
66.2,0.9,5,IL,01001
62.9,2.9,5,IL,01001
61.6,1.9,5,IL,01001
65.8,0.9,5,IL,01001
60.6,1.8,5,IL,01001
63.9,3.2,5,IL,01001
59.8,0.1,5,IN,01001
59.9,0.5,5,IN,01001
63.2,0.4,5,IN,01001
62.8,2.4,5,IN,01001
60.6,0.1,5,IN,01001
61.5,1.2,5,IN,01001
62.8,0.8,5,IN,01001
61.4,0.9,5,IN,01001
60.6,0.4,5,IN,01001
63.6,-0.3,5,IN,01001
63.7,1.4,5,IN,01001
61.1,0.7,5,IN,01001
63.0,-0.7,5,IN,01001
64.3,0.7,5,IN,01001
61.6,-0.7,5,IN,01001
61.6,-0.6,5,IN,01001
58.6,-0.1,5,IN,01001
60.8,0.1,5,IN,01001
63.7,-0.1,5,IN,01001
59.7,1.5,5,IN,01001
60.0,-1.0,5,IN,01001
64.0,0.1,5,IN,01001
62.5,1.2,5,IN,01001
60.9,-0.8,5,IN,01001
60.4,1.0,5,IN,01001
66.0,1.2,5,IN,01001
61.0,0.4,5,IN,01001
63.5,1.0,5,IN,01001
61.5,0.7,5,IN,01001
61.6,0.2,5,IN,01001
63.9,-0.0,5,IN,01001
62.1,1.1,5,IN,01001
60.0,-0.5,5,IN,01001
60.4,-0.1,5,IN,01001
60.3,0.3,5,IN,01001
63.5,0.6,5,IN,01001
62.2,2.3,5,IN,01001
59.6,-0.4,5,IN,01001
62.7,-0.5,5,IN,01001
63.0,0.1,5,IN,01001
62.8,0.9,5,IN,01001
65.0,0.7,5,IN,01001
60.2,1.2,5,IN,01001
58.9,0.7,5,IN,01001
61.0,2.1,5,IN,01001
60.4,1.8,5,IN,01001
62.5,-0.1,5,IN,01001
61.3,0.4,5,IN,01001
62.7,1.1,5,IN,01001
60.1,1.5,5,IN,01001
63.2,0.2,5,IN,01001
60.7,0.4,5,IN,01001
62.5,0.6,5,IN,01001
61.8,1.2,5,IN,01001
62.9,1.1,5,IN,01001
62.6,2.5,5,IN,01001
59.2,0.6,5,IN,01001
61.9,-0.8,5,IN,01001
62.7,-0.3,5,IN,01001
62.9,0.9,5,IN,01001
62.4,0.5,5,IN,01001
63.4,-1.1,5,IN,01001
65.0,0.8,5,IN,01001
60.4,1.8,5,IN,01001
66.6,0.8,5,IN,01001
61.4,1.8,5,IN,01001
62.0,0.7,5,IN,01001
59.4,-0.5,5,IN,01001
61.4,-0.7,5,IN,01001
60.5,-0.8,5,IN,01001
60.0,1.7,5,IN,01001
63.6,0.4,5,IN,01001
62.5,0.2,5,IN,01001
64.8,-0.2,5,IN,01001
61.0,1.9,5,IN,01001
58.2,0.3,5,IN,01001
64.7,1.6,5,IN,01001
62.0,-1.0,5,IN,01001
62.5,1.8,5,IN,01001
60.4,-0.0,5,IN,01001
60.3,-0.7,5,IN,01001
66.7,1.2,5,IN,01001
63.0,0.8,5,IN,01001
64.4,1.7,5,IN,01001
60.8,0.6,5,IN,01001
62.7,1.6,5,IN,01001
65.8,0.9,5,IN,01001
63.0,0.2,5,IN,01001
59.7,-0.7,5,IN,01001
60.1,0.1,5,IN,01001
62.1,1.9,5,IN,01001
60.2,1.0,5,IN,01001
62.6,2.3,5,IA,01001
62.8,2.0,5,IA,01001
59.1,1.1,5,IA,01001
63.2,1.6,5,IA,01001
61.8,2.1,5,IA,01001
62.0,2.5,5,IA,01001
62.7,3.7,5,IA,01001
63.5,3.2,5,IA,01001
62.0,3.7,5,IA,01001
61.1,2.6,5,IA,01001
62.6,3.8,5,IA,01001
62.4,3.6,5,IA,01001
63.2,3.5,5,IA,01001
63.2,3.6,5,IA,01001
62.6,2.1,5,IA,01001
62.7,2.6,5,IA,01001
61.4,3.3,5,IA,01001
62.9,4.0,5,IA,01001
60.7,3.0,5,IA,01001
63.6,2.5,5,IA,01001
62.7,4.4,5,IA,01001
59.9,1.5,5,IA,01001
63.1,3.1,5,IA,01001
64.1,4.6,5,IA,01001
63.8,2.7,5,IA,01001
63.2,1.4,5,IA,01001
63.8,2.5,5,IA,01001
60.6,2.3,5,IA,01001
63.9,2.0,5,IA,01001
62.0,4.2,5,IA,01001
60.9,2.3,5,IA,01001
62.1,4.2,5,IA,01001
60.4,2.6,5,IA,01001
61.4,3.1,5,IA,01001
61.7,3.2,5,IA,01001
64.6,2.3,5,IA,01001
63.4,3.2,5,IA,01001
62.5,3.3,5,IA,01001
62.7,2.4,5,IA,01001
62.1,2.6,5,IA,01001
61.6,3.3,5,IA,01001
62.2,3.0,5,IA,01001
64.6,3.7,5,IA,01001
63.1,1.3,5,IA,01001
59.8,3.2,5,IA,01001
63.2,3.9,5,IA,01001
63.3,4.0,5,IA,01001
63.1,2.9,5,IA,01001
61.9,2.6,5,IA,01001
63.5,2.9,5,IA,01001
62.4,0.9,5,IA,01001
62.9,2.4,5,IA,01001
62.2,3.0,5,IA,01001
62.7,1.9,5,IA,01001
62.6,4.1,5,IA,01001
63.8,1.2,5,IA,01001
62.5,3.1,5,IA,01001
63.7,2.2,5,IA,01001
63.6,2.3,5,IA,01001
62.9,4.6,5,IA,01001
63.7,2.6,5,IA,01001
63.3,2.3,5,IA,01001
63.5,2.0,5,IA,01001
62.6,2.8,5,IA,01001
64.7,2.8,5,IA,01001
60.4,3.0,5,IA,01001
64.4,4.0,5,IA,01001
63.5,1.9,5,IA,01001
63.8,2.4,5,IA,01001
63.3,2.3,5,IA,01001
62.8,4.3,5,IA,01001
62.2,4.4,5,IA,01001
64.1,2.3,5,IA,01001
62.8,4.3,5,IA,01001
64.0,4.8,5,IA,01001
62.4,3.1,5,IA,01001
64.0,2.7,5,IA,01001
64.3,3.1,5,IA,01001
63.1,3.1,5,IA,01001
63.5,2.6,5,IA,01001
63.5,4.3,5,IA,01001
64.3,3.9,5,IA,01001
63.2,3.2,5,IA,01001
63.3,4.5,5,IA,01001
63.3,3.2,5,IA,01001
62.5,2.9,5,IA,01001
63.4,2.4,5,IA,01001
62.8,2.2,5,IA,01001
62.8,0.7,5,IA,01001
63.3,1.7,5,IA,01001
64.0,2.3,5,IA,01001
62.3,1.4,5,IA,01001
63.3,2.0,5,IA,01001
63.2,3.5,5,IA,01001
61.1,3.3,5,IA,01001
60.1,3.0,5,IA,01001
63.9,4.0,5,IA,01001
60.7,3.1,5,IA,01001
61.9,3.0,5,IA,01001
66.6,1.3,5,KS,01001
66.3,1.5,5,KS,01001
65.8,2.3,5,KS,01001
67.4,1.9,5,KS,01001
66.2,2.7,5,KS,01001
66.3,0.9,5,KS,01001
65.5,2.7,5,KS,01001
66.9,2.2,5,KS,01001
66.0,2.0,5,KS,01001
67.5,1.1,5,KS,01001
67.6,1.1,5,KS,01001
61.8,2.5,5,KS,01001
67.7,2.3,5,KS,01001
66.8,3.4,5,KS,01001
67.1,4.1,5,KS,01001
67.8,3.3,5,KS,01001
67.5,2.2,5,KS,01001
67.4,1.6,5,KS,01001
66.9,1.1,5,KS,01001
63.0,2.3,5,KS,01001
67.2,3.3,5,KS,01001
66.1,2.4,5,KS,01001
66.9,2.6,5,KS,01001
66.3,2.6,5,KS,01001
66.8,1.4,5,KS,01001
65.7,3.2,5,KS,01001
66.7,2.9,5,KS,01001
65.4,3.1,5,KS,01001
66.5,2.9,5,KS,01001
66.8,2.3,5,KS,01001
66.7,3.0,5,KS,01001
64.8,3.4,5,KS,01001
64.8,3.0,5,KS,01001
65.4,2.1,5,KS,01001
66.1,3.1,5,KS,01001
62.0,1.7,5,KS,01001
66.5,1.9,5,KS,01001
63.4,1.2,5,KS,01001
67.3,1.2,5,KS,01001
67.1,2.5,5,KS,01001
65.6,2.5,5,KS,01001
66.4,3.0,5,KS,01001
65.3,2.1,5,KS,01001
66.4,2.6,5,KS,01001
65.5,3.5,5,KS,01001
67.2,3.0,5,KS,01001
64.3,2.0,5,KS,01001
66.7,1.5,5,KS,01001
66.6,2.4,5,KS,01001
66.9,0.3,5,KS,01001
65.5,3.9,5,KS,01001
66.8,2.7,5,KS,01001
66.7,3.4,5,KS,01001
66.3,1.3,5,KS,01001
63.8,3.0,5,KS,01001
66.7,2.7,5,KS,01001
66.9,2.9,5,KS,01001
66.7,2.7,5,KS,01001
65.0,2.2,5,KS,01001
67.0,2.4,5,KS,01001
66.8,2.3,5,KS,01001
66.1,3.3,5,KS,01001
67.3,0.4,5,KS,01001
65.9,2.4,5,KS,01001
65.3,1.8,5,KS,01001
64.6,2.1,5,KS,01001
66.9,1.0,5,KS,01001
65.8,3.0,5,KS,01001
63.8,2.7,5,KS,01001
67.2,3.1,5,KS,01001
65.9,3.1,5,KS,01001
67.1,3.7,5,KS,01001
66.2,2.7,5,KS,01001
64.9,3.1,5,KS,01001
65.5,2.1,5,KS,01001
66.6,2.2,5,KS,01001
62.2,2.2,5,KS,01001
66.6,1.9,5,KS,01001
66.3,4.0,5,KS,01001
66.2,2.1,5,KS,01001
66.3,2.7,5,KS,01001
65.4,2.9,5,KS,01001
65.8,2.8,5,KS,01001
66.8,3.6,5,KS,01001
67.7,3.7,5,KS,01001
64.7,3.4,5,KS,01001
67.7,2.4,5,KS,01001
66.1,2.1,5,KS,01001
66.9,2.9,5,KS,01001
63.6,2.7,5,KS,01001
61.8,2.9,5,KS,01001
64.9,2.9,5,KS,01001
66.3,2.3,5,KS,01001
64.8,1.7,5,KS,01001
65.6,1.9,5,KS,01001
67.9,1.8,5,KS,01001
62.6,2.7,5,KS,01001
65.1,3.1,5,KS,01001
66.2,2.5,5,KS,01001
62.5,2.7,5,KS,01001
65.4,2.8,5,KS,01001
63.1,2.2,5,KS,01001
67.2,1.3,5,KS,01001
67.2,2.1,5,KS,01001
67.3,2.9,5,KS,01001
64.9,0.7,5,KY,01001
65.8,-0.1,5,KY,01001
63.9,0.2,5,KY,01001
68.5,2.0,5,KY,01001
65.6,-0.0,5,KY,01001
61.5,-2.0,5,KY,01001
62.3,-0.9,5,KY,01001
62.1,-0.6,5,KY,01001
62.3,-0.7,5,KY,01001
61.8,-1.1,5,KY,01001
63.4,-0.2,5,KY,01001
61.6,-1.2,5,KY,01001
63.0,-1.3,5,KY,01001
64.1,-0.3,5,KY,01001
64.8,0.2,5,KY,01001
66.0,0.3,5,KY,01001
67.0,0.8,5,KY,01001
67.5,0.7,5,KY,01001
62.2,-0.8,5,KY,01001
68.7,2.0,5,KY,01001
62.5,-1.1,5,KY,01001
60.8,-1.7,5,KY,01001
63.5,0.0,5,KY,01001
66.2,0.0,5,KY,01001
62.7,-0.8,5,KY,01001
63.1,-0.8,5,KY,01001
64.7,0.3,5,KY,01001
66.8,0.8,5,KY,01001
65.4,0.3,5,KY,01001
65.8,0.4,5,KY,01001
65.7,0.3,5,KY,01001
60.8,-2.1,5,KY,01001
63.0,-1.3,5,KY,01001
63.3,0.2,5,KY,01001
61.0,-2.1,5,KY,01001
62.6,-1.7,5,KY,01001
63.5,-0.2,5,KY,01001
69.1,1.5,5,KY,01001
62.1,-1.1,5,KY,01001
63.4,-0.4,5,KY,01001
62.1,-0.8,5,KY,01001
68.1,1.4,5,KY,01001
65.0,0.5,5,KY,01001
65.2,0.5,5,KY,01001
61.3,-1.3,5,KY,01001
64.1,-0.9,5,KY,01001
64.5,0.3,5,KY,01001
61.0,-1.0,5,KY,01001
62.2,-0.8,5,KY,01001
65.2,0.3,5,KY,01001
67.0,1.1,5,KY,01001
62.7,-0.8,5,KY,01001
68.8,1.7,5,KY,01001
66.9,0.7,5,KY,01001
62.5,-0.9,5,KY,01001
64.5,-0.2,5,KY,01001
63.8,0.3,5,KY,01001
61.8,-1.7,5,KY,01001
62.0,-0.7,5,KY,01001
62.0,-1.6,5,KY,01001
63.1,-0.7,5,KY,01001
64.6,0.4,5,KY,01001
63.2,-0.5,5,KY,01001
61.5,-1.6,5,KY,01001
62.9,-1.5,5,KY,01001
62.4,-1.1,5,KY,01001
61.1,-1.6,5,KY,01001
60.7,-2.0,5,KY,01001
62.9,-0.5,5,KY,01001
67.2,1.0,5,KY,01001
65.6,-0.5,5,KY,01001
67.4,0.9,5,KY,01001
68.2,1.8,5,KY,01001
63.1,-0.6,5,KY,01001
66.7,0.8,5,KY,01001
63.3,-0.7,5,KY,01001
62.1,-1.6,5,KY,01001
64.3,0.2,5,KY,01001
67.9,1.1,5,KY,01001
62.2,-1.8,5,KY,01001
61.1,-1.6,5,KY,01001
64.0,-0.3,5,KY,01001
61.3,-2.2,5,KY,01001
63.9,0.2,5,KY,01001
64.9,0.2,5,KY,01001
65.1,-0.2,5,KY,01001
61.9,-1.5,5,KY,01001
61.4,-2.1,5,KY,01001
66.0,-0.0,5,KY,01001
64.5,0.2,5,KY,01001
61.6,-1.4,5,KY,01001
65.5,0.2,5,KY,01001
63.2,-0.7,5,KY,01001
62.5,-0.8,5,KY,01001
63.2,-1.1,5,KY,01001
62.1,-1.0,5,KY,01001
62.6,-1.3,5,KY,01001
62.5,-1.6,5,KY,01001
62.4,-1.6,5,KY,01001
63.5,-0.3,5,KY,01001
61.6,-1.3,5,KY,01001
62.7,-0.8,5,KY,01001
60.5,-2.6,5,KY,01001
64.6,0.5,5,KY,01001
62.9,-0.2,5,KY,01001
63.3,-0.3,5,KY,01001
65.9,-0.1,5,KY,01001
64.0,-0.1,5,KY,01001
64.6,0.5,5,KY,01001
65.7,-0.3,5,KY,01001
66.8,0.4,5,KY,01001
62.8,-0.8,5,KY,01001
66.8,0.7,5,KY,01001
66.3,0.2,5,KY,01001
64.1,0.2,5,KY,01001
64.0,0.0,5,KY,01001
67.2,1.1,5,KY,01001
63.2,-0.8,5,KY,01001
62.1,-1.8,5,KY,01001
64.0,0.6,5,KY,01001
76.2,1.2,5,LA,01001
75.0,0.8,5,LA,01001
76.7,2.3,5,LA,01001
76.9,2.3,5,LA,01001
74.7,0.8,5,LA,01001
75.0,1.4,5,LA,01001
73.1,1.6,5,LA,01001
73.3,1.5,5,LA,01001
73.5,1.3,5,LA,01001
75.8,1.4,5,LA,01001
73.7,1.4,5,LA,01001
76.3,1.4,5,LA,01001
74.5,1.3,5,LA,01001
72.1,1.1,5,LA,01001
74.7,1.4,5,LA,01001
73.4,1.1,5,LA,01001
76.7,2.7,5,LA,01001
73.5,1.4,5,LA,01001
75.4,2.2,5,LA,01001
75.0,0.6,5,LA,01001
74.3,1.7,5,LA,01001
73.3,0.3,5,LA,01001
76.8,1.9,5,LA,01001
76.8,2.4,5,LA,01001
72.8,1.4,5,LA,01001
76.9,1.9,5,LA,01001
75.8,0.8,5,LA,01001
76.6,1.8,5,LA,01001
77.1,2.0,5,LA,01001
73.9,0.9,5,LA,01001
72.5,1.4,5,LA,01001
76.3,2.4,5,LA,01001
73.9,1.5,5,LA,01001
73.0,1.3,5,LA,01001
73.4,0.7,5,LA,01001
76.6,2.1,5,LA,01001
73.0,1.1,5,LA,01001
76.7,1.8,5,LA,01001
76.1,2.0,5,LA,01001
74.0,0.4,5,LA,01001
73.5,1.3,5,LA,01001
73.7,1.4,5,LA,01001
73.3,1.0,5,LA,01001
76.5,2.0,5,LA,01001
76.9,2.0,5,LA,01001
74.6,1.7,5,LA,01001
76.9,2.2,5,LA,01001
76.7,2.0,5,LA,01001
75.5,1.1,5,LA,01001
76.7,2.0,5,LA,01001
77.0,2.3,5,LA,01001
75.8,2.3,5,LA,01001
75.2,2.0,5,LA,01001
74.4,1.6,5,LA,01001
77.3,2.2,5,LA,01001
72.4,1.2,5,LA,01001
76.9,1.8,5,LA,01001
73.9,1.1,5,LA,01001
74.5,1.7,5,LA,01001
72.7,1.2,5,LA,01001
76.8,2.5,5,LA,01001
73.4,1.4,5,LA,01001
75.7,2.1,5,LA,01001
73.2,1.0,5,LA,01001
55.0,2.1,5,ME,01001
50.0,0.7,5,ME,01001
55.0,1.9,5,ME,01001
49.0,0.2,5,ME,01001
53.1,1.3,5,ME,01001
54.6,1.7,5,ME,01001
53.4,2.2,5,ME,01001
54.0,2.0,5,ME,01001
51.7,0.8,5,ME,01001
52.3,0.6,5,ME,01001
49.9,0.4,5,ME,01001
54.4,1.9,5,ME,01001
49.7,0.2,5,ME,01001
53.6,1.6,5,ME,01001
51.7,0.8,5,ME,01001
55.2,1.4,5,ME,01001
57.9,-2.8,5,MD,01001
62.6,-1.3,5,MD,01001
61.1,-0.9,5,MD,01001
62.3,-1.5,5,MD,01001
61.7,-1.2,5,MD,01001
59.5,-1.3,5,MD,01001
61.0,-1.0,5,MD,01001
62.8,-1.3,5,MD,01001
62.8,-0.8,5,MD,01001
59.8,-1.8,5,MD,01001
54.4,-2.0,5,MD,01001
61.0,-1.2,5,MD,01001
60.5,-1.3,5,MD,01001
61.7,-1.3,5,MD,01001
60.5,-1.8,5,MD,01001
61.7,-1.9,5,MD,01001
61.8,-1.3,5,MD,01001
62.7,-1.3,5,MD,01001
63.1,-0.5,5,MD,01001
61.9,-1.8,5,MD,01001
59.3,-2.1,5,MD,01001
62.4,-0.6,5,MD,01001
61.9,-0.6,5,MD,01001
63.2,-0.3,5,MD,01001
61.8,-2.0,5,MD,01001
55.4,1.0,5,MA,01001
53.8,-0.3,5,MA,01001
56.7,0.2,5,MA,01001
55.4,0.5,5,MA,01001
56.9,1.3,5,MA,01001
55.4,-0.1,5,MA,01001
56.1,-0.5,5,MA,01001
55.7,-0.7,5,MA,01001
57.9,1.2,5,MA,01001
54.0,1.4,5,MA,01001
58.0,1.4,5,MA,01001
57.7,1.6,5,MA,01001
58.5,2.2,5,MA,01001
56.3,0.7,5,MA,01001
52.0,0.4,5,MI,01001
51.3,1.8,5,MI,01001
58.0,0.8,5,MI,01001
52.9,1.4,5,MI,01001
54.7,2.6,5,MI,01001
54.9,1.0,5,MI,01001
51.8,2.5,5,MI,01001
57.6,0.5,5,MI,01001
56.4,1.0,5,MI,01001
54.6,3.3,5,MI,01001
58.9,1.1,5,MI,01001
58.6,1.1,5,MI,01001
58.4,1.3,5,MI,01001
58.6,0.8,5,MI,01001
54.2,2.1,5,MI,01001
53.5,1.8,5,MI,01001
51.9,2.7,5,MI,01001
54.9,1.0,5,MI,01001
57.6,0.8,5,MI,01001
54.1,1.7,5,MI,01001
51.6,1.4,5,MI,01001
53.6,2.6,5,MI,01001
58.0,1.1,5,MI,01001
52.9,2.1,5,MI,01001
57.1,0.7,5,MI,01001
55.8,1.1,5,MI,01001
53.2,2.7,5,MI,01001
55.0,3.2,5,MI,01001
56.4,0.1,5,MI,01001
58.2,1.1,5,MI,01001
53.0,2.8,5,MI,01001
53.6,0.2,5,MI,01001
57.9,1.3,5,MI,01001
57.3,0.7,5,MI,01001
53.0,0.5,5,MI,01001
52.3,2.3,5,MI,01001
55.6,0.5,5,MI,01001
57.9,1.2,5,MI,01001
58.6,1.0,5,MI,01001
54.5,2.2,5,MI,01001
57.4,1.0,5,MI,01001
51.2,3.0,5,MI,01001
55.0,0.9,5,MI,01001
56.5,0.6,5,MI,01001
53.9,3.3,5,MI,01001
59.0,1.2,5,MI,01001
57.0,0.9,5,MI,01001
51.0,2.0,5,MI,01001
51.6,2.2,5,MI,01001
58.2,1.3,5,MI,01001
54.8,2.2,5,MI,01001
52.3,2.7,5,MI,01001
54.7,1.3,5,MI,01001
54.8,0.2,5,MI,01001
53.7,1.7,5,MI,01001
56.6,0.7,5,MI,01001
54.2,1.4,5,MI,01001
59.6,1.3,5,MI,01001
56.2,0.7,5,MI,01001
54.0,1.8,5,MI,01001
57.8,2.5,5,MI,01001
56.0,1.0,5,MI,01001
57.6,1.1,5,MI,01001
55.7,1.6,5,MI,01001
54.1,1.1,5,MI,01001
53.6,2.9,5,MI,01001
54.2,0.7,5,MI,01001
53.6,1.3,5,MI,01001
54.4,2.5,5,MI,01001
58.4,2.0,5,MI,01001
53.0,1.4,5,MI,01001
54.4,1.4,5,MI,01001
57.0,0.5,5,MI,01001
57.1,1.1,5,MI,01001
59.0,1.0,5,MI,01001
54.8,0.2,5,MI,01001
51.4,1.1,5,MI,01001
56.8,0.2,5,MI,01001
55.7,0.1,5,MI,01001
58.0,0.4,5,MI,01001
57.6,0.9,5,MI,01001
58.9,1.3,5,MI,01001
54.6,2.0,5,MI,01001
57.0,4.7,5,MN,01001
61.3,4.3,5,MN,01001
59.1,5.5,5,MN,01001
58.5,6.4,5,MN,01001
60.8,5.5,5,MN,01001
62.8,6.3,5,MN,01001
61.8,3.6,5,MN,01001
62.2,4.0,5,MN,01001
54.0,2.8,5,MN,01001
62.0,4.4,5,MN,01001
58.6,5.7,5,MN,01001
62.6,5.4,5,MN,01001
60.6,4.4,5,MN,01001
61.7,6.4,5,MN,01001
58.7,6.2,5,MN,01001
48.9,1.3,5,MN,01001
62.2,4.9,5,MN,01001
58.8,5.3,5,MN,01001
62.0,4.2,5,MN,01001
60.0,3.8,5,MN,01001
61.1,6.4,5,MN,01001
61.9,3.8,5,MN,01001
59.6,3.2,5,MN,01001
60.9,3.7,5,MN,01001
60.3,3.2,5,MN,01001
62.6,6.9,5,MN,01001
62.0,4.5,5,MN,01001
59.8,2.2,5,MN,01001
59.0,6.3,5,MN,01001
60.6,4.7,5,MN,01001
57.4,5.8,5,MN,01001
62.3,4.9,5,MN,01001
58.8,4.5,5,MN,01001
61.7,5.4,5,MN,01001
61.1,8.2,5,MN,01001
57.7,6.4,5,MN,01001
62.6,5.4,5,MN,01001
51.5,2.5,5,MN,01001
59.0,7.5,5,MN,01001
61.6,3.8,5,MN,01001
61.0,4.8,5,MN,01001
62.3,4.9,5,MN,01001
61.9,4.6,5,MN,01001
59.4,6.1,5,MN,01001
60.0,6.6,5,MN,01001
62.1,4.2,5,MN,01001
61.5,5.1,5,MN,01001
59.4,5.0,5,MN,01001
60.0,5.3,5,MN,01001
60.0,3.8,5,MN,01001
61.3,4.6,5,MN,01001
62.0,3.9,5,MN,01001
61.8,4.7,5,MN,01001
61.6,6.6,5,MN,01001
59.8,3.6,5,MN,01001
60.2,5.5,5,MN,01001
59.6,6.0,5,MN,01001
56.9,3.7,5,MN,01001
60.8,4.3,5,MN,01001
61.5,7.2,5,MN,01001
61.8,6.5,5,MN,01001
61.8,4.1,5,MN,01001
60.3,6.3,5,MN,01001
62.6,4.6,5,MN,01001
62.4,4.8,5,MN,01001
61.1,3.7,5,MN,01001
62.3,4.8,5,MN,01001
59.0,7.1,5,MN,01001
54.7,4.2,5,MN,01001
62.2,4.2,5,MN,01001
61.3,5.2,5,MN,01001
62.1,4.3,5,MN,01001
60.8,5.3,5,MN,01001
60.8,3.9,5,MN,01001
62.8,6.8,5,MN,01001
62.6,6.1,5,MN,01001
60.1,5.6,5,MN,01001
63.0,6.7,5,MN,01001
59.6,2.6,5,MN,01001
59.6,5.8,5,MN,01001
61.1,3.6,5,MN,01001
61.3,3.9,5,MN,01001
61.9,3.8,5,MN,01001
62.5,6.7,5,MN,01001
59.8,2.9,5,MN,01001
61.7,5.0,5,MN,01001
62.7,5.1,5,MN,01001
74.3,1.6,5,MS,01001
68.9,0.5,5,MS,01001
73.4,1.0,5,MS,01001
71.2,0.9,5,MS,01001
69.3,0.6,5,MS,01001
72.6,1.2,5,MS,01001
70.9,0.8,5,MS,01001
72.0,1.4,5,MS,01001
71.7,1.5,5,MS,01001
70.4,0.6,5,MS,01001
73.7,1.3,5,MS,01001
73.3,1.8,5,MS,01001
71.8,1.2,5,MS,01001
72.6,1.6,5,MS,01001
73.2,1.1,5,MS,01001
73.3,1.4,5,MS,01001
71.3,1.0,5,MS,01001
73.7,1.1,5,MS,01001
73.1,0.8,5,MS,01001
74.8,1.9,5,MS,01001
74.0,1.3,5,MS,01001
71.5,0.9,5,MS,01001
74.9,1.9,5,MS,01001
74.5,1.5,5,MS,01001
73.4,1.4,5,MS,01001
72.8,1.5,5,MS,01001
73.4,1.3,5,MS,01001
73.5,1.4,5,MS,01001
70.7,1.2,5,MS,01001
75.2,2.1,5,MS,01001
73.2,1.9,5,MS,01001
73.5,1.1,5,MS,01001
73.3,1.3,5,MS,01001
73.5,1.3,5,MS,01001
71.8,1.0,5,MS,01001
70.7,0.8,5,MS,01001
73.7,1.2,5,MS,01001
72.6,1.6,5,MS,01001
73.4,1.1,5,MS,01001
71.9,1.3,5,MS,01001
71.7,1.8,5,MS,01001
73.4,1.9,5,MS,01001
72.7,0.6,5,MS,01001
71.7,0.8,5,MS,01001
73.0,1.3,5,MS,01001
73.9,1.1,5,MS,01001
70.1,0.7,5,MS,01001
71.6,1.3,5,MS,01001
70.4,0.3,5,MS,01001
71.9,1.7,5,MS,01001
72.7,2.0,5,MS,01001
71.8,0.9,5,MS,01001
71.7,1.2,5,MS,01001
71.3,0.8,5,MS,01001
74.3,1.7,5,MS,01001
73.9,1.3,5,MS,01001
73.2,0.8,5,MS,01001
71.4,1.7,5,MS,01001
70.0,1.0,5,MS,01001
72.2,1.2,5,MS,01001
72.9,1.4,5,MS,01001
72.4,1.6,5,MS,01001
73.5,1.3,5,MS,01001
73.0,1.3,5,MS,01001
72.9,1.6,5,MS,01001
74.0,1.4,5,MS,01001
73.0,1.3,5,MS,01001
72.5,1.4,5,MS,01001
71.1,0.7,5,MS,01001
69.3,0.7,5,MS,01001
69.0,0.6,5,MS,01001
72.0,1.3,5,MS,01001
70.7,1.3,5,MS,01001
73.6,1.1,5,MS,01001
73.7,1.4,5,MS,01001
73.2,1.2,5,MS,01001
73.2,1.1,5,MS,01001
70.4,0.4,5,MS,01001
74.8,1.8,5,MS,01001
71.3,1.2,5,MS,01001
71.0,0.7,5,MS,01001
73.4,1.3,5,MS,01001
64.2,2.1,5,MO,01001
66.0,2.9,5,MO,01001
65.2,2.5,5,MO,01001
65.2,1.8,5,MO,01001
66.2,1.5,5,MO,01001
67.0,1.2,5,MO,01001
67.0,1.9,5,MO,01001
66.1,1.6,5,MO,01001
66.0,0.4,5,MO,01001
66.5,2.4,5,MO,01001
66.0,2.5,5,MO,01001
68.6,1.2,5,MO,01001
65.4,2.5,5,MO,01001
66.8,2.6,5,MO,01001
67.1,2.4,5,MO,01001
67.0,1.4,5,MO,01001
65.8,1.9,5,MO,01001
66.2,1.0,5,MO,01001
67.1,3.0,5,MO,01001
67.3,1.9,5,MO,01001
66.0,2.2,5,MO,01001
65.2,1.2,5,MO,01001
63.9,1.2,5,MO,01001
65.6,1.9,5,MO,01001
64.6,1.8,5,MO,01001
67.6,2.7,5,MO,01001
66.5,2.5,5,MO,01001
64.7,1.2,5,MO,01001
67.0,1.8,5,MO,01001
65.8,1.6,5,MO,01001
65.5,2.7,5,MO,01001
65.5,2.8,5,MO,01001
64.3,0.6,5,MO,01001
65.0,0.9,5,MO,01001
70.6,2.0,5,MO,01001
65.5,1.6,5,MO,01001
65.8,2.0,5,MO,01001
65.6,3.3,5,MO,01001
65.8,1.7,5,MO,01001
64.9,1.8,5,MO,01001
64.8,2.8,5,MO,01001
66.6,1.6,5,MO,01001
66.1,1.4,5,MO,01001
66.1,2.7,5,MO,01001
66.1,2.3,5,MO,01001
66.7,2.6,5,MO,01001
64.1,0.6,5,MO,01001
66.9,2.9,5,MO,01001
67.4,1.6,5,MO,01001
66.5,1.8,5,MO,01001
66.6,2.6,5,MO,01001
64.0,1.7,5,MO,01001
66.0,1.8,5,MO,01001
66.4,2.5,5,MO,01001
66.0,1.4,5,MO,01001
64.2,1.2,5,MO,01001
65.6,1.9,5,MO,01001
65.3,2.0,5,MO,01001
65.9,2.4,5,MO,01001
67.6,2.0,5,MO,01001
64.8,2.0,5,MO,01001
64.8,0.4,5,MO,01001
67.1,2.6,5,MO,01001
64.8,1.4,5,MO,01001
63.7,1.6,5,MO,01001
67.7,2.9,5,MO,01001
68.9,1.6,5,MO,01001
67.0,2.7,5,MO,01001
64.5,1.2,5,MO,01001
65.5,1.9,5,MO,01001
66.8,2.7,5,MO,01001
69.9,1.8,5,MO,01001
67.8,2.4,5,MO,01001
65.4,3.2,5,MO,01001
67.5,2.6,5,MO,01001
67.2,2.6,5,MO,01001
66.1,1.3,5,MO,01001
70.7,2.0,5,MO,01001
65.7,0.8,5,MO,01001
66.6,2.5,5,MO,01001
66.2,1.9,5,MO,01001
65.1,1.8,5,MO,01001
66.3,2.5,5,MO,01001
66.7,2.2,5,MO,01001
66.8,2.3,5,MO,01001
63.2,1.2,5,MO,01001
64.9,1.5,5,MO,01001
65.5,2.1,5,MO,01001
65.6,2.0,5,MO,01001
64.4,0.5,5,MO,01001
67.8,1.5,5,MO,01001
66.5,1.9,5,MO,01001
66.6,1.2,5,MO,01001
65.7,1.1,5,MO,01001
65.1,1.2,5,MO,01001
67.0,1.9,5,MO,01001
66.4,2.4,5,MO,01001
63.7,1.9,5,MO,01001
64.0,1.9,5,MO,01001
68.5,1.7,5,MO,01001
66.0,1.7,5,MO,01001
63.8,1.0,5,MO,01001
68.9,1.4,5,MO,01001
66.1,1.3,5,MO,01001
64.0,1.5,5,MO,01001
66.2,1.2,5,MO,01001
65.6,1.7,5,MO,01001
66.8,1.1,5,MO,01001
65.4,1.8,5,MO,01001
64.8,1.3,5,MO,01001
66.1,0.4,5,MO,01001
64.6,1.2,5,MO,01001
65.0,3.4,5,MO,01001
64.9,1.2,5,MO,01001
67.5,2.1,5,MO,01001
48.5,5.1,5,MT,01001
58.0,5.4,5,MT,01001
58.6,6.2,5,MT,01001
54.8,5.4,5,MT,01001
54.9,6.1,5,MT,01001
59.1,6.3,5,MT,01001
55.4,5.3,5,MT,01001
59.2,6.5,5,MT,01001
60.1,5.5,5,MT,01001
58.3,6.9,5,MT,01001
59.9,5.9,5,MT,01001
48.8,5.5,5,MT,01001
59.0,5.6,5,MT,01001
57.1,5.3,5,MT,01001
53.7,7.4,5,MT,01001
51.3,5.5,5,MT,01001
59.7,6.2,5,MT,01001
53.9,7.9,5,MT,01001
56.1,4.5,5,MT,01001
50.9,6.5,5,MT,01001
58.6,6.4,5,MT,01001
52.6,6.2,5,MT,01001
53.5,5.4,5,MT,01001
57.0,7.1,5,MT,01001
52.9,6.1,5,MT,01001
58.1,6.8,5,MT,01001
56.0,8.1,5,MT,01001
60.0,6.2,5,MT,01001
50.4,5.0,5,MT,01001
51.5,5.9,5,MT,01001
55.0,7.3,5,MT,01001
54.4,7.2,5,MT,01001
57.9,4.4,5,MT,01001
50.5,6.0,5,MT,01001
59.6,5.2,5,MT,01001
60.0,6.2,5,MT,01001
56.2,7.0,5,MT,01001
59.0,5.3,5,MT,01001
52.0,6.8,5,MT,01001
60.0,5.9,5,MT,01001
51.6,6.0,5,MT,01001
60.3,6.2,5,MT,01001
59.9,6.4,5,MT,01001
58.9,5.0,5,MT,01001
56.2,7.0,5,MT,01001
59.3,6.8,5,MT,01001
50.7,5.8,5,MT,01001
54.8,4.8,5,MT,01001
53.5,5.3,5,MT,01001
54.2,5.8,5,MT,01001
58.5,7.7,5,MT,01001
59.3,4.9,5,MT,01001
59.8,6.9,5,MT,01001
54.3,5.1,5,MT,01001
59.4,5.5,5,MT,01001
59.2,5.0,5,MT,01001
63.9,3.6,5,NE,01001
63.4,4.1,5,NE,01001
59.9,3.4,5,NE,01001
58.1,3.9,5,NE,01001
60.9,2.4,5,NE,01001
63.6,4.5,5,NE,01001
58.9,4.7,5,NE,01001
62.8,3.8,5,NE,01001
61.0,3.2,5,NE,01001
62.5,2.9,5,NE,01001
65.2,4.5,5,NE,01001
64.3,3.7,5,NE,01001
64.9,3.1,5,NE,01001
63.7,4.4,5,NE,01001
61.6,2.9,5,NE,01001
61.0,4.8,5,NE,01001
58.7,3.1,5,NE,01001
64.2,3.6,5,NE,01001
65.2,4.9,5,NE,01001
64.7,4.6,5,NE,01001
60.8,2.6,5,NE,01001
64.2,4.1,5,NE,01001
60.3,5.3,5,NE,01001
61.6,2.3,5,NE,01001
60.3,3.0,5,NE,01001
63.4,3.8,5,NE,01001
65.5,4.8,5,NE,01001
66.0,4.5,5,NE,01001
62.1,2.7,5,NE,01001
64.7,3.6,5,NE,01001
63.8,3.1,5,NE,01001
61.9,2.3,5,NE,01001
62.9,2.0,5,NE,01001
65.2,3.2,5,NE,01001
59.8,3.9,5,NE,01001
60.6,2.7,5,NE,01001
62.1,2.1,5,NE,01001
59.4,3.9,5,NE,01001
62.7,3.9,5,NE,01001
64.2,4.1,5,NE,01001
64.8,4.2,5,NE,01001
63.9,3.0,5,NE,01001
61.3,2.3,5,NE,01001
62.3,2.1,5,NE,01001
62.0,3.7,5,NE,01001
60.1,3.4,5,NE,01001
63.6,3.8,5,NE,01001
65.6,3.8,5,NE,01001
64.6,2.3,5,NE,01001
62.7,2.8,5,NE,01001
61.0,3.0,5,NE,01001
61.6,4.0,5,NE,01001
56.7,3.2,5,NE,01001
64.0,4.6,5,NE,01001
65.8,4.2,5,NE,01001
60.8,2.3,5,NE,01001
60.3,2.3,5,NE,01001
60.0,2.0,5,NE,01001
59.9,2.6,5,NE,01001
64.4,4.6,5,NE,01001
65.2,4.8,5,NE,01001
59.7,4.2,5,NE,01001
64.7,4.8,5,NE,01001
65.0,2.4,5,NE,01001
64.6,3.4,5,NE,01001
64.7,2.4,5,NE,01001
64.6,2.1,5,NE,01001
61.0,2.9,5,NE,01001
62.5,2.6,5,NE,01001
64.0,4.6,5,NE,01001
64.8,4.9,5,NE,01001
64.9,4.3,5,NE,01001
63.0,2.7,5,NE,01001
65.8,2.9,5,NE,01001
60.8,3.2,5,NE,01001
65.7,4.2,5,NE,01001
65.7,3.9,5,NE,01001
65.6,4.5,5,NE,01001
60.0,4.5,5,NE,01001
65.0,3.9,5,NE,01001
60.1,5.5,5,NE,01001
62.1,3.0,5,NE,01001
58.0,4.7,5,NE,01001
64.8,4.9,5,NE,01001
65.0,3.4,5,NE,01001
61.0,2.9,5,NE,01001
64.3,4.3,5,NE,01001
61.2,2.8,5,NE,01001
65.5,4.3,5,NE,01001
63.7,4.3,5,NE,01001
64.1,3.0,5,NE,01001
62.6,4.1,5,NE,01001
64.7,3.6,5,NE,01001
58.5,2.1,5,NV,01001
71.2,2.0,5,NV,01001
52.6,0.7,5,NV,01001
52.7,2.7,5,NV,01001
58.6,1.6,5,NV,01001
53.4,2.9,5,NV,01001
56.4,2.9,5,NV,01001
54.6,2.4,5,NV,01001
61.6,2.1,5,NV,01001
56.8,1.3,5,NV,01001
57.1,2.8,5,NV,01001
58.4,2.4,5,NV,01001
57.9,2.3,5,NV,01001
55.5,1.7,5,NV,01001
55.0,2.1,5,NV,01001
52.2,1.9,5,NV,01001
54.6,1.4,5,NV,01001
54.6,0.4,5,NH,01001
53.5,1.0,5,NH,01001
53.7,-0.4,5,NH,01001
49.0,-0.3,5,NH,01001
51.5,0.1,5,NH,01001
55.6,0.4,5,NH,01001
54.5,0.2,5,NH,01001
56.2,0.9,5,NH,01001
55.6,1.0,5,NH,01001
52.6,-0.3,5,NH,01001
59.4,-0.8,5,NJ,01001
60.1,0.3,5,NJ,01001
60.2,-0.9,5,NJ,01001
60.8,-1.0,5,NJ,01001
59.6,-0.4,5,NJ,01001
60.2,-0.8,5,NJ,01001
60.5,0.6,5,NJ,01001
61.1,-0.9,5,NJ,01001
61.7,0.9,5,NJ,01001
57.8,-0.7,5,NJ,01001
59.6,-0.7,5,NJ,01001
60.3,0.0,5,NJ,01001
60.4,0.4,5,NJ,01001
57.6,-0.4,5,NJ,01001
59.6,-0.1,5,NJ,01001
58.0,-0.3,5,NJ,01001
61.2,-0.8,5,NJ,01001
59.0,-0.4,5,NJ,01001
56.0,-1.1,5,NJ,01001
60.8,0.6,5,NJ,01001
57.3,-0.3,5,NJ,01001
62.6,2.8,5,NM,01001
54.0,0.4,5,NM,01001
69.6,3.6,5,NM,01001
56.3,1.3,5,NM,01001
54.8,1.6,5,NM,01001
65.6,1.9,5,NM,01001
68.2,3.4,5,NM,01001
70.7,2.8,5,NM,01001
70.9,1.9,5,NM,01001
62.6,1.6,5,NM,01001
64.2,2.6,5,NM,01001
63.5,2.5,5,NM,01001
67.0,1.2,5,NM,01001
69.8,1.9,5,NM,01001
63.4,2.8,5,NM,01001
54.9,1.8,5,NM,01001
69.6,2.5,5,NM,01001
56.7,1.6,5,NM,01001
55.7,2.2,5,NM,01001
66.4,2.2,5,NM,01001
66.4,1.9,5,NM,01001
53.2,1.6,5,NM,01001
66.9,2.1,5,NM,01001
58.6,2.1,5,NM,01001
60.3,2.4,5,NM,01001
60.9,2.0,5,NM,01001
57.6,2.0,5,NM,01001
66.1,2.1,5,NM,01001
63.2,2.7,5,NM,01001
50.3,1.4,5,NM,01001
59.1,2.4,5,NM,01001
60.7,1.9,5,NM,01001
64.8,2.9,5,NM,01001
56.2,-0.4,5,NY,01001
53.4,-1.0,5,NY,01001
61.4,0.9,5,NY,01001
54.1,-1.3,5,NY,01001
53.0,-1.0,5,NY,01001
53.7,-1.4,5,NY,01001
54.5,-0.5,5,NY,01001
53.8,-1.7,5,NY,01001
52.6,-1.7,5,NY,01001
54.2,1.1,5,NY,01001
56.8,-0.3,5,NY,01001
52.3,-1.5,5,NY,01001
51.8,-1.7,5,NY,01001
57.4,-0.2,5,NY,01001
55.0,0.1,5,NY,01001
51.0,-0.3,5,NY,01001
51.9,0.1,5,NY,01001
53.8,-0.6,5,NY,01001
54.5,-0.6,5,NY,01001
54.0,-0.9,5,NY,01001
50.3,-0.4,5,NY,01001
52.1,-0.5,5,NY,01001
53.7,-0.5,5,NY,01001
61.5,0.9,5,NY,01001
52.0,-0.3,5,NY,01001
54.7,-0.9,5,NY,01001
53.6,-0.6,5,NY,01001
54.6,-1.0,5,NY,01001
55.7,-0.8,5,NY,01001
60.0,0.9,5,NY,01001
61.8,1.0,5,NY,01001
55.3,0.0,5,NY,01001
54.2,-0.4,5,NY,01001
54.8,-0.4,5,NY,01001
54.2,-1.3,5,NY,01001
56.3,-1.1,5,NY,01001
54.4,-0.7,5,NY,01001
54.3,-0.2,5,NY,01001
52.3,-1.6,5,NY,01001
57.6,-0.2,5,NY,01001
61.0,0.8,5,NY,01001
56.1,0.1,5,NY,01001
61.6,1.0,5,NY,01001
58.6,-0.2,5,NY,01001
53.7,0.3,5,NY,01001
55.5,-0.2,5,NY,01001
56.3,-0.2,5,NY,01001
53.3,-1.2,5,NY,01001
53.7,-1.3,5,NY,01001
54.4,-1.6,5,NY,01001
53.5,-1.3,5,NY,01001
57.7,0.8,5,NY,01001
53.9,-0.9,5,NY,01001
53.8,-1.6,5,NY,01001
53.0,-2.1,5,NY,01001
55.0,-0.7,5,NY,01001
52.6,-0.6,5,NY,01001
54.9,-0.5,5,NY,01001
53.5,-1.8,5,NY,01001
59.1,0.2,5,NY,01001
53.7,-0.3,5,NY,01001
54.5,-0.9,5,NY,01001
63.6,-2.8,5,NC,01001
62.9,-2.3,5,NC,01001
57.9,-1.2,5,NC,01001
66.3,-2.8,5,NC,01001
56.0,-1.7,5,NC,01001
54.8,-1.9,5,NC,01001
65.1,-3.4,5,NC,01001
65.0,-2.2,5,NC,01001
66.8,-2.6,5,NC,01001
67.7,-1.8,5,NC,01001
59.7,-1.3,5,NC,01001
63.3,-1.7,5,NC,01001
65.1,-2.7,5,NC,01001
62.5,-2.0,5,NC,01001
64.0,-2.3,5,NC,01001
66.2,-2.8,5,NC,01001
63.4,-2.7,5,NC,01001
64.3,-1.9,5,NC,01001
64.7,-2.6,5,NC,01001
62.2,-1.3,5,NC,01001
65.1,-2.3,5,NC,01001
61.1,-0.6,5,NC,01001
64.4,-2.5,5,NC,01001
67.2,-2.3,5,NC,01001
65.6,-2.9,5,NC,01001
66.6,-2.7,5,NC,01001
63.9,-2.1,5,NC,01001
64.9,-2.5,5,NC,01001
63.7,-2.7,5,NC,01001
63.6,-2.0,5,NC,01001
65.7,-2.8,5,NC,01001
64.5,-2.0,5,NC,01001
64.8,-2.9,5,NC,01001
63.1,-2.3,5,NC,01001
63.9,-2.7,5,NC,01001
65.5,-1.8,5,NC,01001
64.4,-2.3,5,NC,01001
59.9,-1.4,5,NC,01001
63.8,-1.9,5,NC,01001
65.6,-2.9,5,NC,01001
63.6,-2.5,5,NC,01001
64.2,-2.7,5,NC,01001
65.9,-2.6,5,NC,01001
56.5,-1.4,5,NC,01001
60.1,-2.3,5,NC,01001
64.8,-2.0,5,NC,01001
66.5,-2.5,5,NC,01001
65.4,-3.2,5,NC,01001
64.0,-1.7,5,NC,01001
58.1,-1.4,5,NC,01001
65.8,-2.6,5,NC,01001
65.3,-3.0,5,NC,01001
65.4,-2.5,5,NC,01001
65.2,-3.3,5,NC,01001
64.8,-1.8,5,NC,01001
62.2,-1.7,5,NC,01001
59.7,-0.9,5,NC,01001
60.8,-1.1,5,NC,01001
65.2,-2.5,5,NC,01001
65.7,-2.0,5,NC,01001
56.6,-1.7,5,NC,01001
66.1,-2.0,5,NC,01001
65.9,-2.3,5,NC,01001
64.5,-2.6,5,NC,01001
68.4,-1.0,5,NC,01001
64.4,-2.3,5,NC,01001
65.9,-2.7,5,NC,01001
63.6,-2.5,5,NC,01001
65.6,-3.4,5,NC,01001
64.4,-2.2,5,NC,01001
67.2,-1.7,5,NC,01001
64.7,-2.3,5,NC,01001
63.4,-2.0,5,NC,01001
65.4,-3.0,5,NC,01001
63.6,-2.8,5,NC,01001
64.6,-2.5,5,NC,01001
66.5,-2.6,5,NC,01001
67.2,-2.6,5,NC,01001
63.5,-2.4,5,NC,01001
64.3,-2.4,5,NC,01001
64.1,-2.4,5,NC,01001
66.2,-2.7,5,NC,01001
67.0,-2.3,5,NC,01001
65.9,-2.5,5,NC,01001
63.0,-1.8,5,NC,01001
62.6,-1.2,5,NC,01001
57.4,-1.7,5,NC,01001
59.2,-1.8,5,NC,01001
65.2,-2.5,5,NC,01001
65.7,-2.6,5,NC,01001
63.6,-2.2,5,NC,01001
65.1,-2.2,5,NC,01001
63.7,-2.5,5,NC,01001
65.0,-2.6,5,NC,01001
55.8,-1.9,5,NC,01001
65.9,-2.7,5,NC,01001
62.4,-1.4,5,NC,01001
65.8,-2.2,5,NC,01001
63.0,-1.7,5,NC,01001
56.6,-1.5,5,NC,01001
59.1,5.9,5,ND,01001
61.5,7.2,5,ND,01001
60.6,7.6,5,ND,01001
59.1,5.5,5,ND,01001
60.3,7.2,5,ND,01001
58.8,5.9,5,ND,01001
58.6,6.6,5,ND,01001
59.2,5.1,5,ND,01001
62.4,6.9,5,ND,01001
60.0,8.1,5,ND,01001
60.5,5.6,5,ND,01001
58.9,6.9,5,ND,01001
58.8,5.4,5,ND,01001
60.5,6.9,5,ND,01001
59.8,4.9,5,ND,01001
60.0,6.3,5,ND,01001
59.3,5.6,5,ND,01001
61.9,7.4,5,ND,01001
59.5,5.2,5,ND,01001
60.6,7.0,5,ND,01001
58.8,5.6,5,ND,01001
59.2,5.6,5,ND,01001
61.4,6.8,5,ND,01001
59.5,5.7,5,ND,01001
60.6,6.6,5,ND,01001
59.4,5.4,5,ND,01001
59.7,6.0,5,ND,01001
59.7,5.8,5,ND,01001
59.3,5.3,5,ND,01001
59.6,5.3,5,ND,01001
58.8,6.1,5,ND,01001
60.6,7.5,5,ND,01001
59.5,5.2,5,ND,01001
61.2,7.7,5,ND,01001
60.3,7.4,5,ND,01001
60.9,7.8,5,ND,01001
61.9,6.4,5,ND,01001
59.7,6.3,5,ND,01001
62.6,6.7,5,ND,01001
60.3,8.9,5,ND,01001
61.3,5.6,5,ND,01001
59.5,5.9,5,ND,01001
59.9,5.0,5,ND,01001
58.9,5.5,5,ND,01001
58.8,5.5,5,ND,01001
60.5,6.3,5,ND,01001
60.7,6.9,5,ND,01001
61.0,9.0,5,ND,01001
61.8,6.4,5,ND,01001
61.2,7.7,5,ND,01001
59.4,5.9,5,ND,01001
59.7,6.5,5,ND,01001
59.5,6.6,5,ND,01001
61.1,-1.1,5,OH,01001
60.7,0.5,5,OH,01001
57.5,-0.7,5,OH,01001
55.5,-0.8,5,OH,01001
59.5,-1.8,5,OH,01001
60.4,0.2,5,OH,01001
57.6,-2.3,5,OH,01001
61.0,-0.8,5,OH,01001
61.6,-0.4,5,OH,01001
57.5,-1.2,5,OH,01001
59.6,-0.6,5,OH,01001
60.6,-0.1,5,OH,01001
61.6,-0.7,5,OH,01001
61.2,0.2,5,OH,01001
56.4,-1.8,5,OH,01001
58.7,-0.9,5,OH,01001
58.7,-0.1,5,OH,01001
57.4,-0.8,5,OH,01001
60.1,-0.1,5,OH,01001
59.6,0.1,5,OH,01001
60.0,-0.8,5,OH,01001
57.5,-1.7,5,OH,01001
59.8,-1.3,5,OH,01001
60.5,-0.4,5,OH,01001
61.3,-0.3,5,OH,01001
59.6,0.7,5,OH,01001
60.0,-2.6,5,OH,01001
55.8,-0.6,5,OH,01001
61.4,0.2,5,OH,01001
59.3,-0.8,5,OH,01001
62.2,-0.5,5,OH,01001
60.1,0.3,5,OH,01001
59.8,0.0,5,OH,01001
57.7,-1.7,5,OH,01001
60.0,0.4,5,OH,01001
60.7,-0.6,5,OH,01001
59.6,-1.4,5,OH,01001
57.7,-1.0,5,OH,01001
57.6,-1.2,5,OH,01001
60.1,-1.7,5,OH,01001
57.3,-2.4,5,OH,01001
57.8,-1.2,5,OH,01001
56.1,-0.8,5,OH,01001
61.1,-1.5,5,OH,01001
58.7,-1.5,5,OH,01001
59.3,-0.4,5,OH,01001
57.3,-1.6,5,OH,01001
60.5,1.0,5,OH,01001
60.6,-0.2,5,OH,01001
56.6,-0.8,5,OH,01001
59.5,-0.6,5,OH,01001
57.6,-0.9,5,OH,01001
59.3,-2.8,5,OH,01001
59.7,-0.3,5,OH,01001
61.3,0.4,5,OH,01001
58.2,-2.2,5,OH,01001
61.9,0.4,5,OH,01001
59.3,-1.6,5,OH,01001
58.6,-0.5,5,OH,01001
59.6,-0.8,5,OH,01001
59.2,-1.4,5,OH,01001
59.0,-0.6,5,OH,01001
60.0,0.1,5,OH,01001
59.0,-1.4,5,OH,01001
60.9,-1.1,5,OH,01001
60.9,-1.0,5,OH,01001
57.0,-0.2,5,OH,01001
60.2,-0.4,5,OH,01001
60.3,0.3,5,OH,01001
58.0,0.1,5,OH,01001
60.7,-1.1,5,OH,01001
58.8,-1.0,5,OH,01001
61.1,-1.3,5,OH,01001
58.7,-0.8,5,OH,01001
60.1,0.0,5,OH,01001
58.4,0.2,5,OH,01001
58.3,-0.0,5,OH,01001
56.5,-0.5,5,OH,01001
58.8,-0.6,5,OH,01001
59.6,-0.9,5,OH,01001
60.2,0.1,5,OH,01001
59.7,-1.6,5,OH,01001
62.0,0.1,5,OH,01001
60.1,-1.5,5,OH,01001
57.7,-0.8,5,OH,01001
59.0,0.4,5,OH,01001
60.2,0.3,5,OH,01001
59.7,-0.2,5,OH,01001
68.0,1.3,5,OK,01001
68.1,1.2,5,OK,01001
70.6,0.8,5,OK,01001
67.4,2.1,5,OK,01001
70.1,2.3,5,OK,01001
69.0,1.4,5,OK,01001
71.8,1.3,5,OK,01001
69.5,1.1,5,OK,01001
68.8,0.8,5,OK,01001
70.9,0.5,5,OK,01001
68.9,1.2,5,OK,01001
71.3,1.4,5,OK,01001
64.1,1.5,5,OK,01001
69.1,0.2,5,OK,01001
70.5,0.8,5,OK,01001
70.5,1.0,5,OK,01001
71.5,0.9,5,OK,01001
67.6,0.1,5,OK,01001
68.7,0.5,5,OK,01001
69.2,1.7,5,OK,01001
67.7,0.7,5,OK,01001
68.4,1.6,5,OK,01001
68.1,2.3,5,OK,01001
68.4,1.1,5,OK,01001
70.3,0.5,5,OK,01001
69.5,0.8,5,OK,01001
68.2,1.3,5,OK,01001
70.7,1.6,5,OK,01001
70.9,1.3,5,OK,01001
68.1,1.9,5,OK,01001
70.8,1.7,5,OK,01001
69.6,0.6,5,OK,01001
71.4,1.2,5,OK,01001
71.5,0.5,5,OK,01001
71.0,1.1,5,OK,01001
68.6,1.4,5,OK,01001
69.0,0.5,5,OK,01001
70.3,1.3,5,OK,01001
69.8,1.2,5,OK,01001
69.8,1.6,5,OK,01001
68.8,-0.0,5,OK,01001
68.6,0.2,5,OK,01001
71.4,0.5,5,OK,01001
69.5,0.5,5,OK,01001
70.0,1.3,5,OK,01001
70.3,1.1,5,OK,01001
68.4,1.0,5,OK,01001
71.4,0.8,5,OK,01001
68.3,0.1,5,OK,01001
70.5,0.8,5,OK,01001
70.5,1.4,5,OK,01001
68.8,1.1,5,OK,01001
67.6,0.1,5,OK,01001
69.4,0.6,5,OK,01001
68.7,0.1,5,OK,01001
69.7,0.8,5,OK,01001
68.0,0.7,5,OK,01001
68.4,1.4,5,OK,01001
68.7,0.7,5,OK,01001
68.9,0.7,5,OK,01001
69.7,0.5,5,OK,01001
70.2,0.9,5,OK,01001
69.3,0.1,5,OK,01001
69.7,1.0,5,OK,01001
69.3,2.4,5,OK,01001
68.4,0.2,5,OK,01001
69.5,0.4,5,OK,01001
70.2,1.6,5,OK,01001
70.4,0.5,5,OK,01001
66.3,1.8,5,OK,01001
71.6,1.1,5,OK,01001
68.9,0.5,5,OK,01001
69.6,0.7,5,OK,01001
67.9,0.4,5,OK,01001
69.6,1.5,5,OK,01001
67.6,1.1,5,OK,01001
67.7,1.4,5,OK,01001
54.9,4.7,5,OR,01001
59.2,4.7,5,OR,01001
56.1,5.4,5,OR,01001
56.1,5.0,5,OR,01001
58.7,5.6,5,OR,01001
55.6,3.2,5,OR,01001
53.6,4.8,5,OR,01001
55.3,2.7,5,OR,01001
51.4,4.3,5,OR,01001
56.7,4.7,5,OR,01001
60.0,5.3,5,OR,01001
52.4,4.6,5,OR,01001
54.4,4.7,5,OR,01001
54.2,6.0,5,OR,01001
56.4,4.3,5,OR,01001
55.9,5.3,5,OR,01001
56.5,4.4,5,OR,01001
51.4,4.5,5,OR,01001
52.2,4.2,5,OR,01001
55.9,4.6,5,OR,01001
56.8,4.2,5,OR,01001
56.0,4.8,5,OR,01001
57.4,4.4,5,OR,01001
57.4,5.3,5,OR,01001
59.7,5.7,5,OR,01001
59.7,5.3,5,OR,01001
59.7,5.9,5,OR,01001
60.2,5.8,5,OR,01001
55.6,5.0,5,OR,01001
58.4,5.5,5,OR,01001
53.4,5.2,5,OR,01001
53.4,5.6,5,OR,01001
57.9,5.8,5,OR,01001
59.0,5.5,5,OR,01001
54.9,4.7,5,OR,01001
59.4,5.4,5,OR,01001
58.8,-1.7,5,PA,01001
58.7,-1.3,5,PA,01001
56.4,-1.7,5,PA,01001
57.3,-2.1,5,PA,01001
57.4,-1.8,5,PA,01001
58.8,-1.2,5,PA,01001
56.7,-1.3,5,PA,01001
53.7,-1.9,5,PA,01001
58.9,-0.8,5,PA,01001
57.3,-0.7,5,PA,01001
54.6,-1.8,5,PA,01001
54.4,-2.1,5,PA,01001
55.0,-1.3,5,PA,01001
55.9,-2.1,5,PA,01001
59.4,-1.2,5,PA,01001
55.5,-1.0,5,PA,01001
55.2,-1.3,5,PA,01001
55.4,-2.4,5,PA,01001
56.0,-1.7,5,PA,01001
54.8,-0.8,5,PA,01001
58.8,-1.9,5,PA,01001
58.5,-1.2,5,PA,01001
61.1,-0.8,5,PA,01001
54.6,-0.5,5,PA,01001
54.6,-0.9,5,PA,01001
55.6,-3.3,5,PA,01001
54.6,-0.7,5,PA,01001
58.9,-1.5,5,PA,01001
58.4,-1.6,5,PA,01001
57.2,-2.6,5,PA,01001
57.8,-1.5,5,PA,01001
55.8,-1.9,5,PA,01001
55.4,-0.5,5,PA,01001
57.7,-2.5,5,PA,01001
54.6,-0.7,5,PA,01001
59.4,-1.0,5,PA,01001
57.6,-0.7,5,PA,01001
58.4,-1.1,5,PA,01001
58.3,-0.9,5,PA,01001
54.9,-1.3,5,PA,01001
55.4,-1.7,5,PA,01001
53.8,-0.3,5,PA,01001
56.4,-0.2,5,PA,01001
57.2,-2.4,5,PA,01001
54.4,-1.2,5,PA,01001
59.8,-1.0,5,PA,01001
57.2,-1.5,5,PA,01001
57.7,-0.6,5,PA,01001
57.1,-1.6,5,PA,01001
58.0,-2.2,5,PA,01001
61.4,-0.5,5,PA,01001
54.1,-1.3,5,PA,01001
53.1,-1.8,5,PA,01001
56.2,-1.4,5,PA,01001
57.6,-1.8,5,PA,01001
54.1,-2.3,5,PA,01001
52.5,-1.9,5,PA,01001
54.1,-1.0,5,PA,01001
52.9,-2.1,5,PA,01001
57.2,-1.7,5,PA,01001
55.7,-0.5,5,PA,01001
53.9,-0.9,5,PA,01001
57.6,-2.0,5,PA,01001
53.6,-1.2,5,PA,01001
56.8,-2.4,5,PA,01001
55.0,-0.9,5,PA,01001
59.4,-0.9,5,PA,01001
56.3,-0.5,5,RI,01001
56.1,0.1,5,RI,01001
55.6,-0.3,5,RI,01001
56.4,-0.0,5,RI,01001
56.1,0.5,5,RI,01001
66.9,-2.8,5,SC,01001
68.2,-2.7,5,SC,01001
68.0,-3.5,5,SC,01001
66.6,-2.0,5,SC,01001
67.5,-3.9,5,SC,01001
67.9,-3.4,5,SC,01001
70.7,-2.0,5,SC,01001
68.5,-3.1,5,SC,01001
68.4,-3.0,5,SC,01001
69.4,-2.4,5,SC,01001
65.1,-2.7,5,SC,01001
65.4,-3.6,5,SC,01001
66.4,-3.0,5,SC,01001
67.8,-3.5,5,SC,01001
69.0,-2.6,5,SC,01001
67.7,-2.6,5,SC,01001
67.8,-2.5,5,SC,01001
69.1,-2.5,5,SC,01001
67.7,-3.0,5,SC,01001
66.2,-3.7,5,SC,01001
67.8,-3.1,5,SC,01001
67.0,-3.9,5,SC,01001
65.4,-1.9,5,SC,01001
66.8,-3.3,5,SC,01001
68.8,-2.9,5,SC,01001
67.2,-3.1,5,SC,01001
70.1,-2.2,5,SC,01001
66.7,-3.1,5,SC,01001
65.5,-3.1,5,SC,01001
66.3,-3.1,5,SC,01001
67.8,-2.5,5,SC,01001
67.7,-2.9,5,SC,01001
67.4,-3.0,5,SC,01001
67.8,-2.9,5,SC,01001
67.5,-2.6,5,SC,01001
66.5,-3.4,5,SC,01001
65.0,-2.3,5,SC,01001
68.3,-3.1,5,SC,01001
65.4,-1.6,5,SC,01001
67.6,-3.4,5,SC,01001
67.1,-3.1,5,SC,01001
65.7,-2.3,5,SC,01001
68.2,-2.7,5,SC,01001
65.8,-3.1,5,SC,01001
67.2,-4.0,5,SC,01001
65.0,-3.2,5,SC,01001
62.2,4.3,5,SD,01001
62.5,5.1,5,SD,01001
61.0,5.5,5,SD,01001
64.0,4.7,5,SD,01001
60.9,4.7,5,SD,01001
61.8,5.9,5,SD,01001
62.5,4.7,5,SD,01001
61.7,4.4,5,SD,01001
59.8,5.5,5,SD,01001
60.8,5.2,5,SD,01001
63.3,4.2,5,SD,01001
61.5,5.8,5,SD,01001
64.0,4.5,5,SD,01001
60.8,6.0,5,SD,01001
60.5,5.1,5,SD,01001
57.4,4.7,5,SD,01001
62.8,4.1,5,SD,01001
60.4,5.5,5,SD,01001
60.9,5.6,5,SD,01001
61.6,5.4,5,SD,01001
62.8,4.2,5,SD,01001
61.0,5.3,5,SD,01001
60.2,5.0,5,SD,01001
61.4,5.3,5,SD,01001
61.7,5.9,5,SD,01001
62.1,4.0,5,SD,01001
61.2,4.6,5,SD,01001
61.4,6.0,5,SD,01001
61.5,4.8,5,SD,01001
63.2,4.6,5,SD,01001
60.2,7.2,5,SD,01001
61.8,4.7,5,SD,01001
63.6,4.9,5,SD,01001
60.8,4.9,5,SD,01001
61.7,4.8,5,SD,01001
61.7,4.4,5,SD,01001
62.2,4.8,5,SD,01001
61.8,5.4,5,SD,01001
61.7,4.9,5,SD,01001
54.2,4.4,5,SD,01001
63.4,4.9,5,SD,01001
62.1,4.4,5,SD,01001
63.1,5.1,5,SD,01001
60.2,5.4,5,SD,01001
60.3,5.3,5,SD,01001
60.2,5.2,5,SD,01001
62.3,4.8,5,SD,01001
62.4,4.9,5,SD,01001
62.9,5.4,5,SD,01001
61.2,4.3,5,SD,01001
61.1,5.3,5,SD,01001
58.5,4.6,5,SD,01001
60.1,6.0,5,SD,01001
60.6,5.0,5,SD,01001
61.9,6.2,5,SD,01001
62.6,4.4,5,SD,01001
62.6,5.7,5,SD,01001
61.8,4.6,5,SD,01001
61.4,4.9,5,SD,01001
61.1,4.6,5,SD,01001
61.8,4.1,5,SD,01001
63.7,5.1,5,SD,01001
63.9,4.3,5,SD,01001
60.8,5.3,5,SD,01001
64.0,5.0,5,SD,01001
61.4,5.7,5,SD,01001
64.5,-0.9,5,TN,01001
66.8,0.3,5,TN,01001
67.7,0.8,5,TN,01001
64.2,-0.4,5,TN,01001
64.7,-1.0,5,TN,01001
66.6,-0.5,5,TN,01001
62.6,-1.1,5,TN,01001
65.2,-0.5,5,TN,01001
67.9,0.8,5,TN,01001
59.2,-1.5,5,TN,01001
67.1,0.8,5,TN,01001
68.4,0.8,5,TN,01001
63.1,-0.8,5,TN,01001
65.3,-0.3,5,TN,01001
64.3,-0.6,5,TN,01001
65.3,-0.1,5,TN,01001
69.0,1.0,5,TN,01001
62.3,-0.7,5,TN,01001
67.6,0.8,5,TN,01001
68.1,0.6,5,TN,01001
65.2,-0.6,5,TN,01001
66.7,0.9,5,TN,01001
69.8,1.6,5,TN,01001
69.6,0.8,5,TN,01001
62.3,-0.7,5,TN,01001
65.8,-0.2,5,TN,01001
68.7,1.0,5,TN,01001
65.8,-0.8,5,TN,01001
64.4,-0.6,5,TN,01001
63.9,-1.0,5,TN,01001
63.2,-0.7,5,TN,01001
64.9,-0.6,5,TN,01001
66.6,-0.3,5,TN,01001
63.2,-0.8,5,TN,01001
68.9,0.8,5,TN,01001
68.2,0.4,5,TN,01001
63.7,-1.1,5,TN,01001
69.2,0.9,5,TN,01001
68.0,0.7,5,TN,01001
67.6,0.7,5,TN,01001
66.9,0.7,5,TN,01001
66.9,0.7,5,TN,01001
67.2,0.8,5,TN,01001
65.6,-0.4,5,TN,01001
65.4,-0.5,5,TN,01001
57.6,-1.6,5,TN,01001
65.8,-0.6,5,TN,01001
70.0,1.8,5,TN,01001
70.1,1.2,5,TN,01001
66.0,-0.2,5,TN,01001
66.3,0.4,5,TN,01001
66.4,-0.6,5,TN,01001
66.1,-0.7,5,TN,01001
66.1,-0.6,5,TN,01001
68.5,0.5,5,TN,01001
65.5,-0.2,5,TN,01001
68.6,0.9,5,TN,01001
65.5,-0.5,5,TN,01001
66.8,0.3,5,TN,01001
67.1,0.8,5,TN,01001
66.2,-0.4,5,TN,01001
64.6,-1.0,5,TN,01001
67.1,0.9,5,TN,01001
66.3,-0.0,5,TN,01001
63.0,-0.7,5,TN,01001
69.1,1.4,5,TN,01001
64.1,-0.5,5,TN,01001
67.5,0.7,5,TN,01001
64.1,-0.3,5,TN,01001
65.2,-1.0,5,TN,01001
64.4,-0.5,5,TN,01001
65.2,-0.5,5,TN,01001
65.7,-0.6,5,TN,01001
66.2,0.1,5,TN,01001
66.9,0.2,5,TN,01001
62.3,-0.7,5,TN,01001
64.3,-0.5,5,TN,01001
62.3,-1.6,5,TN,01001
71.1,1.1,5,TN,01001
66.0,-0.5,5,TN,01001
66.8,0.4,5,TN,01001
62.7,-0.9,5,TN,01001
66.3,0.1,5,TN,01001
70.3,0.9,5,TN,01001
66.3,-0.2,5,TN,01001
59.5,-1.4,5,TN,01001
63.9,-1.0,5,TN,01001
63.6,-0.6,5,TN,01001
64.5,-0.7,5,TN,01001
63.0,-1.2,5,TN,01001
67.0,0.3,5,TN,01001
68.4,1.0,5,TN,01001
64.2,-0.7,5,TN,01001
67.2,0.9,5,TN,01001
66.6,-0.0,5,TN,01001
72.7,0.1,5,TX,01001
73.0,2.1,5,TX,01001
74.3,1.2,5,TX,01001
78.3,1.9,5,TX,01001
72.6,1.0,5,TX,01001
68.5,2.2,5,TX,01001
75.8,-1.0,5,TX,01001
77.2,2.3,5,TX,01001
67.2,1.5,5,TX,01001
74.2,1.0,5,TX,01001
75.6,1.2,5,TX,01001
72.9,1.1,5,TX,01001
76.9,0.0,5,TX,01001
73.4,0.6,5,TX,01001
75.4,0.1,5,TX,01001
73.8,0.6,5,TX,01001
72.6,1.0,5,TX,01001
73.6,1.0,5,TX,01001
72.9,2.2,5,TX,01001
77.3,2.0,5,TX,01001
75.8,1.6,5,TX,01001
74.2,0.5,5,TX,01001
69.4,1.7,5,TX,01001
80.2,1.3,5,TX,01001
73.6,1.6,5,TX,01001
76.3,2.2,5,TX,01001
74.0,0.8,5,TX,01001
76.3,1.5,5,TX,01001
77.8,2.0,5,TX,01001
72.4,1.0,5,TX,01001
80.7,1.3,5,TX,01001
72.6,1.2,5,TX,01001
67.9,2.8,5,TX,01001
72.8,1.2,5,TX,01001
66.9,1.7,5,TX,01001
76.3,1.7,5,TX,01001
72.9,0.5,5,TX,01001
71.3,1.3,5,TX,01001
72.3,0.9,5,TX,01001
68.3,1.6,5,TX,01001
74.5,2.0,5,TX,01001
73.4,1.5,5,TX,01001
72.6,1.2,5,TX,01001
69.6,1.3,5,TX,01001
77.6,2.6,5,TX,01001
74.6,0.4,5,TX,01001
73.6,1.9,5,TX,01001
74.4,2.2,5,TX,01001
71.8,0.6,5,TX,01001
73.1,0.6,5,TX,01001
72.3,1.4,5,TX,01001
75.5,1.5,5,TX,01001
75.7,2.0,5,TX,01001
70.3,1.5,5,TX,01001
71.3,1.6,5,TX,01001
64.4,1.9,5,TX,01001
73.9,1.1,5,TX,01001
71.7,1.0,5,TX,01001
66.3,2.2,5,TX,01001
72.0,1.0,5,TX,01001
73.3,1.1,5,TX,01001
77.3,1.5,5,TX,01001
72.0,1.7,5,TX,01001
79.1,0.6,5,TX,01001
68.9,1.8,5,TX,01001
78.4,0.2,5,TX,01001
72.7,1.3,5,TX,01001
74.0,1.9,5,TX,01001
74.4,1.6,5,TX,01001
73.8,0.6,5,TX,01001
73.5,2.8,5,TX,01001
73.9,2.3,5,TX,01001
73.2,0.2,5,TX,01001
72.3,1.6,5,TX,01001
77.2,2.5,5,TX,01001
73.9,2.2,5,TX,01001
68.5,1.1,5,TX,01001
72.6,1.1,5,TX,01001
77.5,2.2,5,TX,01001
72.0,0.9,5,TX,01001
73.4,0.4,5,TX,01001
77.0,0.1,5,TX,01001
71.6,2.0,5,TX,01001
77.0,1.9,5,TX,01001
72.8,1.9,5,TX,01001
72.8,0.8,5,TX,01001
74.5,2.4,5,TX,01001
77.2,0.9,5,TX,01001
77.1,1.6,5,TX,01001
68.7,3.1,5,TX,01001
71.8,0.7,5,TX,01001
72.3,-0.2,5,TX,01001
75.6,1.3,5,TX,01001
76.1,0.9,5,TX,01001
67.8,0.9,5,TX,01001
70.9,1.5,5,TX,01001
73.5,1.6,5,TX,01001
67.6,2.4,5,TX,01001
71.9,1.0,5,TX,01001
75.4,1.7,5,TX,01001
76.9,1.8,5,TX,01001
72.3,-0.3,5,TX,01001
65.7,2.1,5,TX,01001
74.1,2.1,5,TX,01001
74.5,0.6,5,TX,01001
69.0,2.9,5,TX,01001
72.9,0.6,5,TX,01001
80.9,0.6,5,TX,01001
73.9,0.7,5,TX,01001
68.8,1.1,5,TX,01001
73.9,1.3,5,TX,01001
71.9,0.8,5,TX,01001
73.5,0.2,5,TX,01001
73.7,1.5,5,TX,01001
70.9,1.9,5,TX,01001
72.3,1.2,5,TX,01001
69.0,2.7,5,TX,01001
75.2,2.5,5,TX,01001
72.3,1.2,5,TX,01001
77.7,2.3,5,TX,01001
74.2,1.3,5,TX,01001
69.6,1.1,5,TX,01001
76.7,2.3,5,TX,01001
79.9,0.6,5,TX,01001
78.8,0.8,5,TX,01001
73.6,0.9,5,TX,01001
73.5,1.3,5,TX,01001
76.4,0.1,5,TX,01001
73.1,0.6,5,TX,01001
73.4,0.4,5,TX,01001
80.1,1.7,5,TX,01001
73.7,2.2,5,TX,01001
72.8,0.9,5,TX,01001
73.7,2.0,5,TX,01001
73.7,2.2,5,TX,01001
77.3,0.6,5,TX,01001
80.0,2.5,5,TX,01001
73.5,1.5,5,TX,01001
71.8,1.2,5,TX,01001
67.5,1.0,5,TX,01001
73.6,1.0,5,TX,01001
77.9,-0.5,5,TX,01001
77.8,2.7,5,TX,01001
75.7,1.7,5,TX,01001
73.3,-0.0,5,TX,01001
75.9,1.5,5,TX,01001
73.4,0.4,5,TX,01001
67.9,2.5,5,TX,01001
76.8,-0.6,5,TX,01001
74.8,1.5,5,TX,01001
74.4,1.8,5,TX,01001
69.4,1.3,5,TX,01001
70.7,1.3,5,TX,01001
74.2,2.1,5,TX,01001
72.9,-0.1,5,TX,01001
76.8,-1.0,5,TX,01001
74.4,0.5,5,TX,01001
72.3,-0.0,5,TX,01001
73.3,1.5,5,TX,01001
74.3,1.9,5,TX,01001
77.6,2.4,5,TX,01001
79.1,0.5,5,TX,01001
76.2,0.8,5,TX,01001
73.8,2.4,5,TX,01001
74.2,1.8,5,TX,01001
74.5,1.1,5,TX,01001
73.6,1.7,5,TX,01001
74.6,2.3,5,TX,01001
72.0,1.1,5,TX,01001
76.0,1.4,5,TX,01001
67.0,2.0,5,TX,01001
72.9,1.5,5,TX,01001
71.0,1.3,5,TX,01001
73.3,0.7,5,TX,01001
73.9,0.8,5,TX,01001
74.3,1.5,5,TX,01001
73.7,2.5,5,TX,01001
79.4,2.0,5,TX,01001
67.8,2.5,5,TX,01001
66.9,1.9,5,TX,01001
76.3,2.3,5,TX,01001
73.8,1.8,5,TX,01001
73.0,0.3,5,TX,01001
73.2,1.1,5,TX,01001
66.5,1.9,5,TX,01001
74.5,1.7,5,TX,01001
74.8,1.2,5,TX,01001
67.6,2.1,5,TX,01001
72.8,0.5,5,TX,01001
72.2,0.9,5,TX,01001
67.0,2.0,5,TX,01001
75.1,2.5,5,TX,01001
74.2,1.5,5,TX,01001
71.8,1.4,5,TX,01001
74.3,1.6,5,TX,01001
77.7,1.3,5,TX,01001
69.2,3.2,5,TX,01001
74.4,1.0,5,TX,01001
72.9,1.0,5,TX,01001
73.9,1.5,5,TX,01001
72.8,0.3,5,TX,01001
73.2,0.8,5,TX,01001
73.1,0.5,5,TX,01001
75.0,0.8,5,TX,01001
78.2,1.2,5,TX,01001
74.4,1.9,5,TX,01001
74.5,2.5,5,TX,01001
73.2,1.8,5,TX,01001
73.2,1.2,5,TX,01001
72.9,0.4,5,TX,01001
66.3,2.0,5,TX,01001
72.1,0.2,5,TX,01001
74.3,1.6,5,TX,01001
81.0,0.5,5,TX,01001
73.1,1.4,5,TX,01001
74.6,2.3,5,TX,01001
74.2,2.3,5,TX,01001
74.5,2.2,5,TX,01001
67.5,1.5,5,TX,01001
73.7,0.8,5,TX,01001
73.0,1.4,5,TX,01001
76.3,0.8,5,TX,01001
70.1,1.2,5,TX,01001
73.4,1.6,5,TX,01001
72.8,1.7,5,TX,01001
75.0,2.1,5,TX,01001
74.7,0.5,5,TX,01001
74.4,0.8,5,TX,01001
74.3,1.3,5,TX,01001
72.1,0.3,5,TX,01001
75.0,1.6,5,TX,01001
76.9,1.0,5,TX,01001
76.5,0.4,5,TX,01001
72.4,0.7,5,TX,01001
77.7,1.8,5,TX,01001
74.8,0.5,5,TX,01001
76.9,2.0,5,TX,01001
75.6,2.0,5,TX,01001
76.8,2.3,5,TX,01001
79.4,0.1,5,TX,01001
77.9,2.5,5,TX,01001
69.4,2.7,5,TX,01001
72.2,0.9,5,TX,01001
72.1,0.8,5,TX,01001
80.2,1.0,5,TX,01001
73.9,0.5,5,TX,01001
76.0,-0.0,5,TX,01001
74.6,2.2,5,TX,01001
72.8,1.1,5,TX,01001
72.0,0.6,5,TX,01001
69.7,2.0,5,TX,01001
72.9,1.5,5,TX,01001
80.8,0.2,5,TX,01001
78.5,0.7,5,TX,01001
56.0,2.0,5,UT,01001
58.2,4.0,5,UT,01001
53.9,4.6,5,UT,01001
53.8,2.8,5,UT,01001
50.4,2.9,5,UT,01001
59.5,4.8,5,UT,01001
50.6,3.0,5,UT,01001
60.7,3.2,5,UT,01001
56.8,2.7,5,UT,01001
62.0,4.1,5,UT,01001
55.8,2.3,5,UT,01001
58.7,2.8,5,UT,01001
60.0,2.1,5,UT,01001
59.0,2.4,5,UT,01001
53.3,4.4,5,UT,01001
50.8,2.6,5,UT,01001
50.8,4.1,5,UT,01001
58.7,4.4,5,UT,01001
62.3,3.0,5,UT,01001
52.3,3.0,5,UT,01001
52.4,2.7,5,UT,01001
47.2,3.5,5,UT,01001
60.8,3.6,5,UT,01001
56.8,3.4,5,UT,01001
55.9,3.5,5,UT,01001
49.5,3.3,5,UT,01001
62.9,2.3,5,UT,01001
60.9,3.6,5,UT,01001
56.4,4.9,5,UT,01001
53.0,-0.6,5,VT,01001
51.6,-0.0,5,VT,01001
50.3,-1.0,5,VT,01001
54.2,0.6,5,VT,01001
49.4,-0.8,5,VT,01001
53.7,0.3,5,VT,01001
56.2,0.9,5,VT,01001
50.6,-0.6,5,VT,01001
51.6,-0.6,5,VT,01001
50.3,-0.7,5,VT,01001
51.6,-1.0,5,VT,01001
50.8,-0.7,5,VT,01001
52.7,-0.2,5,VT,01001
52.1,-0.5,5,VT,01001
62.9,-0.5,5,VA,01001
62.1,-1.2,5,VA,01001
58.5,-2.8,5,VA,01001
63.2,-1.9,5,VA,01001
61.5,-1.5,5,VA,01001
62.4,-1.3,5,VA,01001
61.8,-1.8,5,VA,01001
59.2,-1.5,5,VA,01001
57.6,-2.5,5,VA,01001
61.9,-1.9,5,VA,01001
57.1,-1.9,5,VA,01001
60.8,-2.4,5,VA,01001
63.4,-2.2,5,VA,01001
60.5,-1.4,5,VA,01001
62.8,-1.4,5,VA,01001
62.0,-1.7,5,VA,01001
62.6,-1.9,5,VA,01001
58.7,-1.4,5,VA,01001
64.3,-2.4,5,VA,01001
62.0,-2.3,5,VA,01001
63.6,-2.2,5,VA,01001
59.2,-2.5,5,VA,01001
58.7,-2.3,5,VA,01001
61.4,-1.6,5,VA,01001
63.0,-1.6,5,VA,01001
60.2,-1.6,5,VA,01001
63.6,-2.2,5,VA,01001
62.6,-2.5,5,VA,01001
61.7,-1.6,5,VA,01001
60.7,-1.6,5,VA,01001
58.1,-1.5,5,VA,01001
62.5,-1.7,5,VA,01001
61.8,-1.8,5,VA,01001
58.2,-2.9,5,VA,01001
58.8,-1.3,5,VA,01001
63.9,-2.0,5,VA,01001
62.7,-1.8,5,VA,01001
56.3,-1.4,5,VA,01001
60.8,-1.1,5,VA,01001
63.9,-2.4,5,VA,01001
62.6,-2.3,5,VA,01001
63.0,-2.1,5,VA,01001
63.7,-2.2,5,VA,01001
62.6,-2.1,5,VA,01001
54.8,-2.6,5,VA,01001
64.3,-2.1,5,VA,01001
64.4,-1.9,5,VA,01001
63.1,-2.5,5,VA,01001
63.1,-1.2,5,VA,01001
63.3,-2.4,5,VA,01001
62.8,-2.3,5,VA,01001
62.2,-1.0,5,VA,01001
60.7,-1.6,5,VA,01001
61.7,-2.1,5,VA,01001
62.4,-2.4,5,VA,01001
60.2,-1.5,5,VA,01001
63.7,-1.8,5,VA,01001
62.9,-2.5,5,VA,01001
63.2,-2.3,5,VA,01001
59.7,-1.3,5,VA,01001
61.3,-1.3,5,VA,01001
63.8,-2.4,5,VA,01001
63.3,-1.3,5,VA,01001
62.8,-1.7,5,VA,01001
62.9,-2.0,5,VA,01001
61.6,-1.8,5,VA,01001
58.7,-1.7,5,VA,01001
61.0,-1.8,5,VA,01001
62.2,-2.6,5,VA,01001
63.2,-1.7,5,VA,01001
62.5,-1.9,5,VA,01001
64.2,-2.5,5,VA,01001
62.2,-1.1,5,VA,01001
59.2,-1.3,5,VA,01001
59.1,-2.2,5,VA,01001
62.3,-2.6,5,VA,01001
61.2,-1.6,5,VA,01001
60.3,-2.1,5,VA,01001
58.9,-1.5,5,VA,01001
59.7,-1.4,5,VA,01001
62.0,-1.1,5,VA,01001
58.6,-2.3,5,VA,01001
57.7,-1.4,5,VA,01001
64.2,-2.2,5,VA,01001
61.7,-1.8,5,VA,01001
62.9,-0.7,5,VA,01001
64.3,-2.1,5,VA,01001
64.0,-2.3,5,VA,01001
57.3,-1.7,5,VA,01001
58.6,-2.6,5,VA,01001
60.2,-1.3,5,VA,01001
62.5,-2.0,5,VA,01001
59.3,-1.7,5,VA,01001
57.9,-1.7,5,VA,01001
64.4,-1.8,5,VA,01001
62.5,-1.7,5,VA,01001
62.0,-1.0,5,VA,01001
61.6,-1.9,5,VA,01001
62.5,-1.4,5,VA,01001
64.0,-2.0,5,VA,01001
64.0,-2.6,5,VA,01001
60.1,-2.8,5,VA,01001
63.1,-2.9,5,VA,01001
64.0,-2.4,5,VA,01001
61.2,-1.7,5,VA,01001
61.2,-1.9,5,VA,01001
64.1,-2.3,5,VA,01001
62.6,-1.0,5,VA,01001
58.6,-1.2,5,VA,01001
64.3,-2.1,5,VA,01001
60.0,-1.4,5,VA,01001
64.2,-2.6,5,VA,01001
62.3,-1.4,5,VA,01001
62.1,-1.3,5,VA,01001
62.0,-1.3,5,VA,01001
62.7,-2.0,5,VA,01001
64.4,-2.1,5,VA,01001
64.4,-1.9,5,VA,01001
59.3,-1.7,5,VA,01001
64.0,-2.5,5,VA,01001
64.3,-2.0,5,VA,01001
64.6,-2.0,5,VA,01001
59.9,-1.1,5,VA,01001
63.6,-2.2,5,VA,01001
62.7,-1.6,5,VA,01001
62.6,-1.5,5,VA,01001
60.5,-1.2,5,VA,01001
64.2,-2.3,5,VA,01001
63.8,-1.6,5,VA,01001
60.7,-1.1,5,VA,01001
64.4,-1.7,5,VA,01001
58.5,-2.9,5,VA,01001
62.4,6.6,5,WA,01001
60.5,7.7,5,WA,01001
64.7,5.5,5,WA,01001
55.0,6.7,5,WA,01001
54.7,5.5,5,WA,01001
60.1,5.3,5,WA,01001
58.9,6.7,5,WA,01001
57.5,5.5,5,WA,01001
62.4,7.0,5,WA,01001
57.5,7.6,5,WA,01001
64.4,6.1,5,WA,01001
60.0,7.4,5,WA,01001
64.2,5.9,5,WA,01001
57.5,5.2,5,WA,01001
59.0,5.5,5,WA,01001
53.2,5.7,5,WA,01001
56.2,5.6,5,WA,01001
59.9,5.4,5,WA,01001
56.9,6.6,5,WA,01001
59.0,5.9,5,WA,01001
55.8,5.5,5,WA,01001
60.3,6.2,5,WA,01001
57.7,5.8,5,WA,01001
56.8,7.5,5,WA,01001
56.6,4.8,5,WA,01001
56.7,7.9,5,WA,01001
55.4,5.8,5,WA,01001
58.2,4.9,5,WA,01001
55.4,6.1,5,WA,01001
53.2,5.4,5,WA,01001
55.4,5.9,5,WA,01001
61.2,8.1,5,WA,01001
59.7,7.5,5,WA,01001
59.4,5.3,5,WA,01001
56.7,5.1,5,WA,01001
63.4,5.4,5,WA,01001
54.6,6.9,5,WA,01001
62.1,7.8,5,WA,01001
57.5,6.0,5,WA,01001
57.9,-1.6,5,WV,01001
58.8,-2.5,5,WV,01001
60.9,-1.9,5,WV,01001
59.9,-2.0,5,WV,01001
57.9,-2.1,5,WV,01001
62.0,-1.2,5,WV,01001
60.2,-1.8,5,WV,01001
60.5,-1.7,5,WV,01001
58.7,-2.4,5,WV,01001
58.7,-1.7,5,WV,01001
60.2,-1.8,5,WV,01001
56.3,-2.8,5,WV,01001
56.1,-2.2,5,WV,01001
57.8,-3.0,5,WV,01001
57.1,-2.7,5,WV,01001
57.2,-2.9,5,WV,01001
59.0,-1.9,5,WV,01001
60.3,-2.4,5,WV,01001
59.4,-2.4,5,WV,01001
61.2,-1.8,5,WV,01001
59.4,-1.8,5,WV,01001
62.1,-1.5,5,WV,01001
61.7,-1.7,5,WV,01001
59.6,-2.0,5,WV,01001
58.3,-2.4,5,WV,01001
57.7,-2.4,5,WV,01001
60.3,-2.6,5,WV,01001
57.5,-2.5,5,WV,01001
58.3,-2.9,5,WV,01001
62.2,-1.7,5,WV,01001
57.7,-2.5,5,WV,01001
58.2,-2.2,5,WV,01001
58.3,-2.6,5,WV,01001
58.2,-1.4,5,WV,01001
57.7,-2.1,5,WV,01001
55.8,-2.1,5,WV,01001
59.6,-1.7,5,WV,01001
52.9,-2.6,5,WV,01001
56.0,-1.8,5,WV,01001
61.6,-1.5,5,WV,01001
57.9,-2.2,5,WV,01001
54.0,-1.9,5,WV,01001
59.7,-1.8,5,WV,01001
60.2,-2.1,5,WV,01001
58.9,-2.0,5,WV,01001
58.4,-2.1,5,WV,01001
54.0,-2.0,5,WV,01001
58.7,-2.4,5,WV,01001
57.7,-1.8,5,WV,01001
62.0,-1.4,5,WV,01001
55.5,-2.9,5,WV,01001
58.0,-2.5,5,WV,01001
60.1,-1.9,5,WV,01001
60.6,-1.6,5,WV,01001
59.4,-2.2,5,WV,01001
57.4,1.4,5,WI,01001
53.6,2.2,5,WI,01001
57.9,3.2,5,WI,01001
53.0,1.8,5,WI,01001
55.1,1.8,5,WI,01001
59.6,2.5,5,WI,01001
58.5,4.2,5,WI,01001
56.0,1.3,5,WI,01001
58.0,2.7,5,WI,01001
57.4,2.8,5,WI,01001
58.6,2.0,5,WI,01001
59.3,1.2,5,WI,01001
59.4,2.3,5,WI,01001
58.0,1.6,5,WI,01001
51.9,0.7,5,WI,01001
53.4,2.0,5,WI,01001
59.2,3.0,5,WI,01001
59.2,3.4,5,WI,01001
53.4,2.3,5,WI,01001
57.2,1.6,5,WI,01001
53.1,2.0,5,WI,01001
60.1,1.8,5,WI,01001
59.5,1.7,5,WI,01001
58.2,1.9,5,WI,01001
59.6,2.3,5,WI,01001
53.2,2.3,5,WI,01001
58.6,2.9,5,WI,01001
58.6,1.3,5,WI,01001
57.7,1.7,5,WI,01001
57.8,1.1,5,WI,01001
53.3,1.1,5,WI,01001
59.8,2.5,5,WI,01001
59.5,1.8,5,WI,01001
54.0,2.0,5,WI,01001
55.1,2.2,5,WI,01001
54.3,1.2,5,WI,01001
56.0,2.0,5,WI,01001
54.7,1.9,5,WI,01001
58.1,1.6,5,WI,01001
55.3,1.9,5,WI,01001
56.7,1.1,5,WI,01001
57.7,1.6,5,WI,01001
55.0,1.8,5,WI,01001
53.6,1.8,5,WI,01001
56.1,1.2,5,WI,01001
55.4,0.9,5,WI,01001
59.5,2.3,5,WI,01001
59.5,2.7,5,WI,01001
59.3,4.0,5,WI,01001
56.6,1.5,5,WI,01001
54.7,2.6,5,WI,01001
57.4,0.9,5,WI,01001
59.0,1.7,5,WI,01001
59.5,1.4,5,WI,01001
56.5,2.3,5,WI,01001
59.7,3.4,5,WI,01001
58.3,1.6,5,WI,01001
55.9,3.5,5,WI,01001
55.8,1.8,5,WI,01001
55.4,1.4,5,WI,01001
55.6,2.1,5,WI,01001
59.7,3.0,5,WI,01001
58.3,1.4,5,WI,01001
52.9,2.0,5,WI,01001
57.2,-0.1,5,WI,01001
57.0,3.6,5,WI,01001
56.2,0.9,5,WI,01001
57.6,1.3,5,WI,01001
56.4,1.1,5,WI,01001
57.0,1.3,5,WI,01001
57.3,1.4,5,WI,01001
57.4,2.1,5,WI,01001
50.0,4.1,5,WY,01001
56.6,6.2,5,WY,01001
57.2,5.5,5,WY,01001
51.4,3.8,5,WY,01001
55.5,4.5,5,WY,01001
57.1,5.5,5,WY,01001
51.7,4.0,5,WY,01001
58.5,5.1,5,WY,01001
55.0,4.7,5,WY,01001
55.2,5.2,5,WY,01001
55.0,4.4,5,WY,01001
48.9,4.1,5,WY,01001
54.8,4.6,5,WY,01001
58.5,5.6,5,WY,01001
49.6,5.1,5,WY,01001
57.2,4.8,5,WY,01001
54.6,5.0,5,WY,01001
46.4,3.5,5,WY,01001
52.7,3.6,5,WY,01001
45.5,3.8,5,WY,01001
49.6,3.0,5,WY,01001
57.7,5.3,5,WY,01001
58.2,6.0,5,WY,01001
77.5,-0.8,6,AL,01001
80.1,0.7,6,AL,01001
77.0,-1.6,6,AL,01001
76.1,-1.5,6,AL,01001
75.0,-0.8,6,AL,01001
76.8,-1.3,6,AL,01001
77.4,-0.9,6,AL,01001
74.9,-1.1,6,AL,01001
74.1,-2.0,6,AL,01001
74.3,-1.7,6,AL,01001
75.6,-1.8,6,AL,01001
79.2,0.6,6,AL,01001
78.0,-0.7,6,AL,01001
73.7,-1.4,6,AL,01001
73.5,-1.2,6,AL,01001
77.8,-1.0,6,AL,01001
75.5,-0.3,6,AL,01001
77.7,-1.3,6,AL,01001
75.1,-1.6,6,AL,01001
78.1,-0.9,6,AL,01001
77.2,-0.9,6,AL,01001
74.8,-0.8,6,AL,01001
78.0,-1.1,6,AL,01001
78.3,-0.3,6,AL,01001
72.1,-2.4,6,AL,01001
76.6,-1.4,6,AL,01001
78.1,-1.1,6,AL,01001
75.0,-1.1,6,AL,01001
75.9,-1.3,6,AL,01001
75.2,-0.4,6,AL,01001
78.3,-1.0,6,AL,01001
77.4,-1.4,6,AL,01001
77.3,-1.2,6,AL,01001
77.8,-1.5,6,AL,01001
78.7,-1.0,6,AL,01001
73.0,-1.8,6,AL,01001
76.4,-0.5,6,AL,01001
76.8,-0.6,6,AL,01001
74.7,-0.7,6,AL,01001
74.8,-0.9,6,AL,01001
75.1,-2.1,6,AL,01001
74.5,-1.1,6,AL,01001
78.2,-0.4,6,AL,01001
76.5,-1.7,6,AL,01001
74.6,-1.0,6,AL,01001
78.3,-0.3,6,AL,01001
75.4,-0.8,6,AL,01001
74.6,-1.0,6,AL,01001
80.8,1.6,6,AL,01001
77.8,-1.0,6,AL,01001
77.5,-1.0,6,AL,01001
75.0,-0.8,6,AL,01001
77.2,-0.9,6,AL,01001
77.2,-1.1,6,AL,01001
77.3,-1.1,6,AL,01001
73.9,-1.3,6,AL,01001
76.3,-2.0,6,AL,01001
75.3,-0.9,6,AL,01001
75.8,-1.1,6,AL,01001
78.3,-0.4,6,AL,01001
75.3,-1.2,6,AL,01001
74.7,-1.8,6,AL,01001
76.5,-1.7,6,AL,01001
75.7,-1.2,6,AL,01001
78.9,-0.1,6,AL,01001
78.2,-0.5,6,AL,01001
74.6,-0.9,6,AL,01001
63.6,-1.9,6,AZ,01001
74.5,-1.0,6,AZ,01001
65.0,-2.4,6,AZ,01001
71.3,-1.9,6,AZ,01001
74.6,-1.2,6,AZ,01001
69.7,-1.2,6,AZ,01001
82.9,-2.1,6,AZ,01001
81.7,-2.0,6,AZ,01001
74.1,-2.5,6,AZ,01001
65.0,-2.2,6,AZ,01001
79.1,-1.8,6,AZ,01001
81.2,-1.7,6,AZ,01001
71.7,-2.4,6,AZ,01001
69.8,-2.6,6,AZ,01001
82.6,-1.6,6,AZ,01001
79.3,0.9,6,AR,01001
79.7,1.2,6,AR,01001
74.5,0.9,6,AR,01001
75.2,1.6,6,AR,01001
74.0,0.9,6,AR,01001
79.3,1.1,6,AR,01001
78.8,0.6,6,AR,01001
73.9,0.8,6,AR,01001
79.8,0.6,6,AR,01001
78.3,0.6,6,AR,01001
77.4,0.9,6,AR,01001
76.2,1.3,6,AR,01001
78.9,0.9,6,AR,01001
78.6,0.2,6,AR,01001
77.6,1.1,6,AR,01001
77.3,0.3,6,AR,01001
77.1,1.9,6,AR,01001
77.9,-0.5,6,AR,01001
77.9,-0.0,6,AR,01001
78.2,0.4,6,AR,01001
79.1,0.3,6,AR,01001
79.4,0.9,6,AR,01001
78.0,1.3,6,AR,01001
76.4,1.3,6,AR,01001
74.6,1.4,6,AR,01001
77.6,1.2,6,AR,01001
78.4,0.5,6,AR,01001
77.3,0.7,6,AR,01001
78.6,0.7,6,AR,01001
78.1,0.7,6,AR,01001
77.0,0.4,6,AR,01001
76.0,0.7,6,AR,01001
74.6,0.6,6,AR,01001
77.1,0.5,6,AR,01001
79.0,0.8,6,AR,01001
75.3,0.8,6,AR,01001
79.8,1.1,6,AR,01001
76.3,0.3,6,AR,01001
78.2,-0.1,6,AR,01001
79.4,1.0,6,AR,01001
79.4,1.5,6,AR,01001
77.2,1.0,6,AR,01001
78.5,0.6,6,AR,01001
73.6,1.4,6,AR,01001
74.5,0.9,6,AR,01001
80.6,1.8,6,AR,01001
77.4,-0.4,6,AR,01001
78.8,0.5,6,AR,01001
76.6,0.9,6,AR,01001
78.2,0.1,6,AR,01001
72.8,0.6,6,AR,01001
78.5,0.1,6,AR,01001
77.6,0.7,6,AR,01001
78.9,0.5,6,AR,01001
77.2,0.6,6,AR,01001
77.6,0.1,6,AR,01001
74.7,0.2,6,AR,01001
75.7,0.5,6,AR,01001
78.7,0.6,6,AR,01001
78.5,0.9,6,AR,01001
76.2,0.9,6,AR,01001
78.0,-0.2,6,AR,01001
78.0,1.0,6,AR,01001
76.4,0.9,6,AR,01001
73.4,0.2,6,AR,01001
78.2,1.8,6,AR,01001
77.8,0.8,6,AR,01001
74.9,0.7,6,AR,01001
74.5,0.7,6,AR,01001
79.2,0.8,6,AR,01001
74.9,0.6,6,AR,01001
75.1,1.9,6,AR,01001
78.0,1.4,6,AR,01001
78.2,0.6,6,AR,01001
77.1,0.5,6,AR,01001
64.0,-1.0,6,CA,01001
51.7,-1.6,6,CA,01001
65.9,-1.4,6,CA,01001
70.1,-0.0,6,CA,01001
66.1,-1.7,6,CA,01001
72.5,0.2,6,CA,01001
64.7,-2.2,6,CA,01001
61.2,2.9,6,CA,01001
61.9,-1.4,6,CA,01001
63.4,-2.2,6,CA,01001
71.5,0.3,6,CA,01001
62.2,2.2,6,CA,01001
84.0,-1.6,6,CA,01001
71.2,-2.8,6,CA,01001
69.3,-3.2,6,CA,01001
73.3,-1.4,6,CA,01001
66.3,0.2,6,CA,01001
57.8,-0.3,6,CA,01001
64.9,-3.0,6,CA,01001
64.8,-1.6,6,CA,01001
57.8,-1.0,6,CA,01001
63.6,-1.6,6,CA,01001
63.6,1.7,6,CA,01001
70.3,-1.8,6,CA,01001
58.4,1.2,6,CA,01001
52.8,-2.5,6,CA,01001
62.8,-1.3,6,CA,01001
65.7,-1.6,6,CA,01001
61.0,-0.9,6,CA,01001
64.4,-2.2,6,CA,01001
62.1,-1.2,6,CA,01001
58.2,0.4,6,CA,01001
76.2,-2.6,6,CA,01001
70.4,-1.2,6,CA,01001
64.5,-1.8,6,CA,01001
76.5,-2.8,6,CA,01001
65.9,-2.7,6,CA,01001
58.7,-0.7,6,CA,01001
70.0,-1.3,6,CA,01001
63.2,-2.5,6,CA,01001
59.8,0.5,6,CA,01001
60.8,-1.3,6,CA,01001
63.6,-0.6,6,CA,01001
60.8,0.5,6,CA,01001
67.2,1.7,6,CA,01001
56.7,-0.2,6,CA,01001
60.8,2.9,6,CA,01001
67.1,-2.1,6,CA,01001
60.8,-1.4,6,CA,01001
69.6,-1.5,6,CA,01001
73.3,-0.3,6,CA,01001
69.6,0.2,6,CA,01001
64.3,2.8,6,CA,01001
62.2,-2.2,6,CA,01001
57.4,-2.2,6,CA,01001
60.0,-2.3,6,CA,01001
70.4,-1.6,6,CA,01001
70.6,-0.3,6,CA,01001
64.1,-2.0,6,CO,01001
58.2,-0.7,6,CO,01001
62.9,-2.4,6,CO,01001
56.2,-1.8,6,CO,01001
68.5,-2.8,6,CO,01001
68.6,-3.0,6,CO,01001
56.7,-2.3,6,CO,01001
64.4,-1.8,6,CO,01001
50.6,-1.8,6,CO,01001
67.5,-1.7,6,CO,01001
48.7,-2.3,6,CO,01001
53.9,-1.2,6,CO,01001
55.5,-1.1,6,CO,01001
67.5,-1.7,6,CO,01001
54.6,-1.1,6,CO,01001
61.2,-0.6,6,CO,01001
64.1,-2.3,6,CO,01001
55.1,-1.5,6,CO,01001
59.7,-2.3,6,CO,01001
52.1,-2.0,6,CO,01001
61.4,-2.1,6,CO,01001
61.6,-1.6,6,CO,01001
59.1,-1.4,6,CO,01001
56.8,-1.3,6,CO,01001
50.4,-2.5,6,CO,01001
50.6,-1.3,6,CO,01001
51.8,-1.2,6,CO,01001
47.7,-0.8,6,CO,01001
60.1,-1.5,6,CO,01001
50.2,-1.0,6,CO,01001
58.2,-2.4,6,CO,01001
67.7,-2.9,6,CO,01001
67.1,-1.2,6,CO,01001
46.3,-2.2,6,CO,01001
57.2,-1.5,6,CO,01001
55.0,-1.1,6,CO,01001
64.8,-2.0,6,CO,01001
64.7,-1.9,6,CO,01001
66.2,-0.8,6,CO,01001
62.3,-0.4,6,CO,01001
48.6,-1.2,6,CO,01001
59.4,-0.1,6,CO,01001
62.3,-1.3,6,CO,01001
62.1,-0.3,6,CO,01001
65.9,-0.4,6,CO,01001
68.3,-2.3,6,CO,01001
54.7,-0.0,6,CO,01001
50.6,-2.1,6,CO,01001
67.9,0.3,6,CO,01001
50.0,-1.9,6,CO,01001
68.5,-3.6,6,CO,01001
66.7,-1.8,6,CO,01001
58.6,-0.8,6,CO,01001
53.8,-0.3,6,CO,01001
53.6,-0.8,6,CO,01001
53.5,-0.9,6,CO,01001
45.7,-0.8,6,CO,01001
57.6,-0.9,6,CO,01001
67.6,0.0,6,CO,01001
47.8,-2.0,6,CO,01001
53.0,-1.4,6,CO,01001
65.5,-1.3,6,CO,01001
64.0,-1.1,6,CO,01001
68.2,-0.1,6,CO,01001
66.7,0.2,6,CT,01001
66.3,-0.1,6,CT,01001
63.9,-0.0,6,CT,01001
65.8,-0.1,6,CT,01001
65.9,-0.2,6,CT,01001
65.3,0.1,6,CT,01001
64.7,-0.3,6,CT,01001
64.5,-0.3,6,CT,01001
70.2,-0.5,6,DE,01001
69.1,-1.5,6,DE,01001
70.5,-0.3,6,DE,01001
79.4,0.1,6,FL,01001
78.8,0.1,6,FL,01001
79.2,-0.3,6,FL,01001
79.1,0.1,6,FL,01001
80.8,1.5,6,FL,01001
82.2,2.2,6,FL,01001
78.9,-0.4,6,FL,01001
81.5,1.2,6,FL,01001
80.7,1.2,6,FL,01001
80.0,1.1,6,FL,01001
81.8,1.4,6,FL,01001
78.4,-0.6,6,FL,01001
81.0,1.2,6,FL,01001
79.9,0.8,6,FL,01001
80.1,1.2,6,FL,01001
80.0,0.4,6,FL,01001
80.5,1.5,6,FL,01001
79.6,0.3,6,FL,01001
78.9,-0.2,6,FL,01001
79.4,0.4,6,FL,01001
80.9,1.1,6,FL,01001
79.0,0.1,6,FL,01001
77.8,-1.2,6,FL,01001
81.3,1.7,6,FL,01001
80.8,0.9,6,FL,01001
80.9,1.6,6,FL,01001
81.1,1.5,6,FL,01001
81.7,1.9,6,FL,01001
78.7,-0.8,6,FL,01001
80.6,1.7,6,FL,01001
79.1,-0.8,6,FL,01001
79.1,-0.0,6,FL,01001
78.8,-0.2,6,FL,01001
81.2,1.7,6,FL,01001
81.9,1.4,6,FL,01001
79.5,0.3,6,FL,01001
80.2,1.1,6,FL,01001
79.0,0.0,6,FL,01001
78.2,-0.7,6,FL,01001
81.3,1.6,6,FL,01001
80.5,1.1,6,FL,01001
81.8,2.3,6,FL,01001
82.4,2.3,6,FL,01001
83.1,2.3,6,FL,01001
79.8,1.1,6,FL,01001
80.0,0.7,6,FL,01001
81.0,1.6,6,FL,01001
81.5,1.5,6,FL,01001
81.6,1.8,6,FL,01001
81.7,2.0,6,FL,01001
81.0,1.7,6,FL,01001
82.3,1.7,6,FL,01001
81.9,2.0,6,FL,01001
80.5,1.3,6,FL,01001
80.2,1.4,6,FL,01001
81.2,1.9,6,FL,01001
79.8,0.2,6,FL,01001
81.3,1.2,6,FL,01001
81.1,1.1,6,FL,01001
80.9,1.6,6,FL,01001
78.3,-0.7,6,FL,01001
79.4,0.1,6,FL,01001
78.7,-0.3,6,FL,01001
80.7,1.3,6,FL,01001
79.8,0.4,6,FL,01001
79.4,0.2,6,FL,01001
78.9,-0.6,6,FL,01001
78.6,-0.4,6,GA,01001
78.0,-0.9,6,GA,01001
78.8,-0.2,6,GA,01001
77.4,-2.0,6,GA,01001
76.3,-1.9,6,GA,01001
72.8,-2.8,6,GA,01001
73.1,-2.8,6,GA,01001
73.7,-2.1,6,GA,01001
77.7,-1.0,6,GA,01001
77.3,-1.4,6,GA,01001
76.6,-1.5,6,GA,01001
77.2,-1.6,6,GA,01001
79.0,0.7,6,GA,01001
77.4,-1.2,6,GA,01001
77.9,-1.2,6,GA,01001
77.0,-1.6,6,GA,01001
75.2,-2.5,6,GA,01001
75.9,-0.9,6,GA,01001
77.1,-2.0,6,GA,01001
79.2,0.5,6,GA,01001
76.9,-1.9,6,GA,01001
73.6,-1.1,6,GA,01001
73.3,-1.9,6,GA,01001
79.4,0.8,6,GA,01001
78.0,-1.0,6,GA,01001
76.0,-2.3,6,GA,01001
73.2,-2.4,6,GA,01001
72.3,-2.7,6,GA,01001
73.3,-3.0,6,GA,01001
77.2,-1.8,6,GA,01001
74.7,-1.6,6,GA,01001
78.4,-0.4,6,GA,01001
73.9,-1.7,6,GA,01001
78.0,-0.8,6,GA,01001
77.0,-1.4,6,GA,01001
75.1,-2.4,6,GA,01001
77.2,-1.4,6,GA,01001
74.5,-1.4,6,GA,01001
76.2,-1.5,6,GA,01001
77.9,-0.5,6,GA,01001
71.7,-2.3,6,GA,01001
69.6,-3.7,6,GA,01001
78.5,-1.0,6,GA,01001
74.3,-1.6,6,GA,01001
77.8,-1.1,6,GA,01001
77.6,-0.9,6,GA,01001
77.5,-1.8,6,GA,01001
74.0,-1.2,6,GA,01001
78.0,-1.4,6,GA,01001
77.7,-1.1,6,GA,01001
77.3,-1.2,6,GA,01001
73.6,-2.8,6,GA,01001
76.1,-2.4,6,GA,01001
77.6,-1.5,6,GA,01001
67.0,-3.8,6,GA,01001
74.7,-1.6,6,GA,01001
74.1,-2.0,6,GA,01001
71.4,-3.2,6,GA,01001
72.8,-3.0,6,GA,01001
74.1,-1.5,6,GA,01001
68.2,-3.7,6,GA,01001
74.7,-2.7,6,GA,01001
78.7,-0.4,6,GA,01001
73.5,-2.4,6,GA,01001
77.9,-1.1,6,GA,01001
74.5,-2.5,6,GA,01001
73.0,-2.4,6,GA,01001
70.1,-3.0,6,GA,01001
71.7,-3.0,6,GA,01001
75.2,-2.4,6,GA,01001
73.2,-1.0,6,GA,01001
74.6,-2.3,6,GA,01001
72.9,-2.8,6,GA,01001
74.6,-1.1,6,GA,01001
75.2,-1.4,6,GA,01001
77.1,-1.4,6,GA,01001
77.4,-1.2,6,GA,01001
73.2,-2.7,6,GA,01001
76.3,-0.5,6,GA,01001
78.3,-0.6,6,GA,01001
75.0,-2.6,6,GA,01001
75.7,-2.3,6,GA,01001
75.9,-2.4,6,GA,01001
76.4,-1.2,6,GA,01001
75.4,-1.2,6,GA,01001
77.4,-1.2,6,GA,01001
77.2,-1.6,6,GA,01001
77.7,-1.3,6,GA,01001
78.1,-1.0,6,GA,01001
74.2,-3.1,6,GA,01001
78.4,-0.7,6,GA,01001
77.2,-1.4,6,GA,01001
68.6,-3.7,6,GA,01001
74.4,-2.7,6,GA,01001
78.3,-1.0,6,GA,01001
77.0,-1.3,6,GA,01001
73.3,-2.5,6,GA,01001
75.6,-2.1,6,GA,01001
74.5,-1.7,6,GA,01001
78.1,-1.4,6,GA,01001
77.3,-1.8,6,GA,01001
76.0,-1.1,6,GA,01001
77.9,-1.1,6,GA,01001
75.2,-1.5,6,GA,01001
71.7,-3.0,6,GA,01001
75.7,-2.5,6,GA,01001
75.2,-1.2,6,GA,01001
73.6,-2.9,6,GA,01001
73.6,-2.8,6,GA,01001
73.7,-1.4,6,GA,01001
76.5,-1.5,6,GA,01001
70.2,-3.4,6,GA,01001
79.2,0.5,6,GA,01001
75.0,-1.5,6,GA,01001
74.3,-1.0,6,GA,01001
77.6,-1.3,6,GA,01001
76.2,-1.2,6,GA,01001
76.8,-1.9,6,GA,01001
67.6,-2.8,6,GA,01001
76.6,-1.8,6,GA,01001
75.5,-2.3,6,GA,01001
74.7,-1.5,6,GA,01001
76.4,-1.6,6,GA,01001
76.2,-1.9,6,GA,01001
78.9,-0.9,6,GA,01001
75.2,-1.5,6,GA,01001
71.9,-3.5,6,GA,01001
76.2,-1.9,6,GA,01001
77.2,-1.3,6,GA,01001
74.9,-2.3,6,GA,01001
74.0,-2.9,6,GA,01001
78.0,-1.2,6,GA,01001
75.8,-1.9,6,GA,01001
78.2,-0.8,6,GA,01001
77.0,-1.7,6,GA,01001
77.6,-1.1,6,GA,01001
77.0,-1.4,6,GA,01001
78.0,-1.1,6,GA,01001
66.6,-2.9,6,GA,01001
77.0,-1.8,6,GA,01001
74.8,-1.6,6,GA,01001
77.3,-1.0,6,GA,01001
76.7,-1.7,6,GA,01001
66.5,-3.4,6,GA,01001
75.3,-1.7,6,GA,01001
72.7,-2.0,6,GA,01001
73.8,-2.3,6,GA,01001
79.2,0.5,6,GA,01001
74.2,-2.8,6,GA,01001
75.6,-2.4,6,GA,01001
78.6,-0.2,6,GA,01001
76.3,-1.7,6,GA,01001
78.3,-0.8,6,GA,01001
69.1,-3.1,6,GA,01001
73.1,-2.2,6,GA,01001
77.9,-0.8,6,GA,01001
73.8,-3.0,6,GA,01001
76.6,-1.9,6,GA,01001
77.3,-1.3,6,GA,01001
66.0,0.4,6,ID,01001
57.4,1.1,6,ID,01001
58.5,-0.7,6,ID,01001
54.5,-0.1,6,ID,01001
61.5,4.2,6,ID,01001
59.4,-0.2,6,ID,01001
55.1,-0.7,6,ID,01001
55.6,-0.4,6,ID,01001
60.9,4.9,6,ID,01001
56.4,0.0,6,ID,01001
59.0,5.4,6,ID,01001
56.1,-0.8,6,ID,01001
53.7,-0.0,6,ID,01001
66.9,0.5,6,ID,01001
54.7,-1.0,6,ID,01001
58.2,-1.2,6,ID,01001
54.6,-0.4,6,ID,01001
58.5,2.7,6,ID,01001
50.3,-0.4,6,ID,01001
60.0,-0.1,6,ID,01001
58.2,-0.0,6,ID,01001
55.2,0.5,6,ID,01001
62.8,-0.3,6,ID,01001
63.1,0.3,6,ID,01001
55.0,1.7,6,ID,01001
59.7,-0.1,6,ID,01001
62.9,0.2,6,ID,01001
62.2,4.5,6,ID,01001
61.6,3.8,6,ID,01001
51.7,-0.3,6,ID,01001
60.2,3.2,6,ID,01001
61.5,0.6,6,ID,01001
58.5,0.8,6,ID,01001
60.5,-0.6,6,ID,01001
64.6,4.0,6,ID,01001
59.0,-1.0,6,ID,01001
58.9,-1.6,6,ID,01001
66.4,0.4,6,ID,01001
59.1,-1.1,6,ID,01001
58.3,3.7,6,ID,01001
54.1,0.1,6,ID,01001
59.7,-1.1,6,ID,01001
51.8,0.6,6,ID,01001
62.3,0.6,6,ID,01001
72.7,0.2,6,IL,01001
74.9,-0.0,6,IL,01001
73.5,0.5,6,IL,01001
68.5,0.4,6,IL,01001
72.1,0.0,6,IL,01001
70.1,0.4,6,IL,01001
73.1,0.1,6,IL,01001
69.8,1.5,6,IL,01001
71.7,-0.6,6,IL,01001
70.7,-0.2,6,IL,01001
72.5,0.5,6,IL,01001
71.4,-0.6,6,IL,01001
72.2,-0.8,6,IL,01001
74.3,0.7,6,IL,01001
71.4,-0.5,6,IL,01001
69.2,0.9,6,IL,01001
71.8,-0.9,6,IL,01001
71.6,-0.7,6,IL,01001
68.9,0.5,6,IL,01001
71.4,0.5,6,IL,01001
71.2,-0.3,6,IL,01001
69.2,0.8,6,IL,01001
70.2,-1.3,6,IL,01001
72.6,-1.1,6,IL,01001
71.9,-0.5,6,IL,01001
72.8,0.1,6,IL,01001
70.2,-0.1,6,IL,01001
72.9,-0.7,6,IL,01001
72.6,1.0,6,IL,01001
73.4,-1.1,6,IL,01001
72.5,-0.4,6,IL,01001
69.7,0.2,6,IL,01001
72.9,-0.8,6,IL,01001
72.2,0.3,6,IL,01001
73.0,-1.3,6,IL,01001
72.2,1.0,6,IL,01001
71.2,1.3,6,IL,01001
69.9,-0.3,6,IL,01001
73.4,-0.3,6,IL,01001
71.6,-1.1,6,IL,01001
72.6,-0.9,6,IL,01001
73.1,-0.1,6,IL,01001
68.9,1.0,6,IL,01001
73.5,-0.5,6,IL,01001
68.5,0.3,6,IL,01001
69.8,0.2,6,IL,01001
69.2,0.1,6,IL,01001
71.4,1.0,6,IL,01001
67.5,0.4,6,IL,01001
69.4,-0.2,6,IL,01001
72.1,-1.3,6,IL,01001
69.8,0.8,6,IL,01001
70.9,0.8,6,IL,01001
71.7,-0.0,6,IL,01001
71.6,0.2,6,IL,01001
67.3,-0.2,6,IL,01001
71.2,0.9,6,IL,01001
72.0,0.4,6,IL,01001
72.5,0.0,6,IL,01001
73.5,-0.2,6,IL,01001
73.1,0.0,6,IL,01001
70.8,0.5,6,IL,01001
72.5,0.3,6,IL,01001
74.6,-0.2,6,IL,01001
71.7,-0.5,6,IL,01001
72.5,1.9,6,IL,01001
73.7,-0.2,6,IL,01001
72.6,0.3,6,IL,01001
71.7,-0.4,6,IL,01001
71.6,-0.2,6,IL,01001
69.2,0.6,6,IL,01001
72.7,1.9,6,IL,01001
73.2,-0.4,6,IL,01001
71.4,0.3,6,IL,01001
72.4,0.0,6,IL,01001
73.3,-0.9,6,IL,01001
75.2,0.3,6,IL,01001
70.4,0.0,6,IL,01001
73.0,-0.7,6,IL,01001
71.7,-1.5,6,IL,01001
72.4,2.2,6,IL,01001
73.7,-0.3,6,IL,01001
73.1,-0.9,6,IL,01001
72.2,0.1,6,IL,01001
72.1,0.1,6,IL,01001
72.0,-0.5,6,IL,01001
71.9,-0.3,6,IL,01001
70.9,0.9,6,IL,01001
68.6,0.8,6,IL,01001
72.1,1.0,6,IL,01001
73.8,-0.2,6,IL,01001
70.0,-0.9,6,IL,01001
72.7,-1.1,6,IL,01001
71.7,1.1,6,IL,01001
73.7,0.2,6,IL,01001
72.5,-0.9,6,IL,01001
73.4,-0.8,6,IL,01001
70.8,1.5,6,IL,01001
69.6,0.3,6,IL,01001
73.0,-0.6,6,IL,01001
68.9,0.5,6,IL,01001
71.0,0.9,6,IL,01001
68.2,-1.0,6,IN,01001
68.3,-0.7,6,IN,01001
70.7,-1.1,6,IN,01001
69.4,-0.5,6,IN,01001
68.4,-1.5,6,IN,01001
68.6,-1.1,6,IN,01001
69.7,-1.4,6,IN,01001
69.4,-0.6,6,IN,01001
69.1,-0.5,6,IN,01001
70.4,-2.1,6,IN,01001
70.6,-0.7,6,IN,01001
68.7,-1.1,6,IN,01001
68.4,-4.0,6,IN,01001
70.7,-1.7,6,IN,01001
69.1,-1.9,6,IN,01001
69.3,-1.7,6,IN,01001
67.2,-1.0,6,IN,01001
68.3,-1.6,6,IN,01001
69.2,-3.4,6,IN,01001
67.7,-0.2,6,IN,01001
67.8,-2.2,6,IN,01001
70.6,-1.9,6,IN,01001
69.4,-1.2,6,IN,01001
68.3,-2.3,6,IN,01001
68.4,-0.5,6,IN,01001
73.0,-0.7,6,IN,01001
68.8,-1.2,6,IN,01001
70.3,-1.1,6,IN,01001
68.8,-1.4,6,IN,01001
69.3,-1.3,6,IN,01001
70.1,-2.4,6,IN,01001
69.1,-1.2,6,IN,01001
67.6,-2.0,6,IN,01001
68.3,-1.6,6,IN,01001
68.1,-1.5,6,IN,01001
70.6,-1.2,6,IN,01001
69.0,-0.5,6,IN,01001
67.6,-1.8,6,IN,01001
70.0,-1.8,6,IN,01001
70.2,-1.5,6,IN,01001
70.1,-0.9,6,IN,01001
72.2,-0.9,6,IN,01001
67.8,-0.7,6,IN,01001
67.4,-0.4,6,IN,01001
68.5,-0.3,6,IN,01001
68.0,-0.3,6,IN,01001
68.7,-2.6,6,IN,01001
68.6,-1.6,6,IN,01001
69.9,-1.0,6,IN,01001
68.0,-0.2,6,IN,01001
69.0,-2.8,6,IN,01001
68.6,-1.2,6,IN,01001
69.1,-1.7,6,IN,01001
68.8,-1.1,6,IN,01001
69.6,-1.4,6,IN,01001
69.3,-0.5,6,IN,01001
67.3,-0.8,6,IN,01001
69.7,-1.7,6,IN,01001
68.0,-3.7,6,IN,01001
69.7,-1.3,6,IN,01001
69.4,-1.6,6,IN,01001
69.2,-4.0,6,IN,01001
71.6,-1.5,6,IN,01001
68.0,-0.4,6,IN,01001
73.7,-0.9,6,IN,01001
69.0,-0.1,6,IN,01001
68.8,-1.6,6,IN,01001
67.0,-2.1,6,IN,01001
68.8,-1.9,6,IN,01001
68.7,-1.6,6,IN,01001
67.8,-0.1,6,IN,01001
70.7,-1.3,6,IN,01001
70.2,-1.0,6,IN,01001
71.2,-2.5,6,IN,01001
68.6,-0.1,6,IN,01001
66.7,-0.7,6,IN,01001
71.9,-0.2,6,IN,01001
69.8,-1.7,6,IN,01001
69.6,-0.6,6,IN,01001
68.1,-1.7,6,IN,01001
67.6,-2.4,6,IN,01001
73.6,-0.8,6,IN,01001
69.8,-1.6,6,IN,01001
71.2,-0.6,6,IN,01001
68.4,-1.3,6,IN,01001
69.6,-0.8,6,IN,01001
72.4,-1.3,6,IN,01001
69.4,-2.0,6,IN,01001
67.1,-2.3,6,IN,01001
68.2,-1.3,6,IN,01001
69.4,-0.3,6,IN,01001
67.8,-1.0,6,IN,01001
70.9,1.4,6,IA,01001
71.7,1.8,6,IA,01001
68.6,1.3,6,IA,01001
71.1,0.3,6,IA,01001
71.0,2.1,6,IA,01001
70.1,1.3,6,IA,01001
70.8,2.4,6,IA,01001
71.7,2.2,6,IA,01001
70.5,2.8,6,IA,01001
69.3,1.4,6,IA,01001
71.5,3.3,6,IA,01001
70.7,2.5,6,IA,01001
71.4,2.3,6,IA,01001
71.8,2.9,6,IA,01001
71.7,1.9,6,IA,01001
71.1,1.5,6,IA,01001
70.2,2.6,6,IA,01001
72.1,3.9,6,IA,01001
69.7,2.7,6,IA,01001
72.7,2.5,6,IA,01001
71.6,3.8,6,IA,01001
68.7,0.9,6,IA,01001
71.4,2.0,6,IA,01001
72.8,4.0,6,IA,01001
72.1,1.9,6,IA,01001
71.6,0.7,6,IA,01001
72.8,2.4,6,IA,01001
68.7,1.1,6,IA,01001
72.2,1.0,6,IA,01001
71.3,4.0,6,IA,01001
69.4,1.4,6,IA,01001
71.7,4.2,6,IA,01001
68.8,1.6,6,IA,01001
70.2,2.5,6,IA,01001
70.2,2.4,6,IA,01001
72.8,1.0,6,IA,01001
71.8,2.4,6,IA,01001
70.4,1.9,6,IA,01001
71.3,1.9,6,IA,01001
70.0,1.3,6,IA,01001
70.8,3.0,6,IA,01001
70.2,1.8,6,IA,01001
73.1,2.9,6,IA,01001
72.0,1.0,6,IA,01001
68.7,2.7,6,IA,01001
70.8,2.1,6,IA,01001
72.6,4.0,6,IA,01001
71.4,2.0,6,IA,01001
70.2,1.5,6,IA,01001
71.6,1.7,6,IA,01001
71.5,0.7,6,IA,01001
71.5,1.7,6,IA,01001
70.2,1.6,6,IA,01001
71.5,1.5,6,IA,01001
72.3,4.3,6,IA,01001
72.0,0.2,6,IA,01001
70.4,1.6,6,IA,01001
72.4,1.7,6,IA,01001
71.6,1.2,6,IA,01001
72.1,4.3,6,IA,01001
72.0,1.7,6,IA,01001
71.5,1.2,6,IA,01001
71.7,0.9,6,IA,01001
70.6,1.5,6,IA,01001
73.2,1.8,6,IA,01001
69.5,2.7,6,IA,01001
73.0,3.2,6,IA,01001
71.4,0.6,6,IA,01001
72.3,1.6,6,IA,01001
71.8,1.5,6,IA,01001
71.6,3.7,6,IA,01001
71.4,4.1,6,IA,01001
72.2,1.1,6,IA,01001
72.0,4.0,6,IA,01001
72.6,3.9,6,IA,01001
71.0,2.4,6,IA,01001
72.3,1.7,6,IA,01001
73.2,2.6,6,IA,01001
71.1,1.9,6,IA,01001
72.8,2.7,6,IA,01001
72.2,3.6,6,IA,01001
72.2,2.4,6,IA,01001
72.2,2.8,6,IA,01001
72.0,3.7,6,IA,01001
71.6,2.2,6,IA,01001
70.4,1.7,6,IA,01001
72.4,2.3,6,IA,01001
72.0,2.2,6,IA,01001
72.0,0.6,6,IA,01001
71.6,0.8,6,IA,01001
72.2,1.2,6,IA,01001
71.6,1.6,6,IA,01001
71.2,0.8,6,IA,01001
70.3,1.3,6,IA,01001
70.6,3.2,6,IA,01001
69.0,2.6,6,IA,01001
72.8,3.6,6,IA,01001
69.9,2.7,6,IA,01001
69.8,1.6,6,IA,01001
75.0,0.6,6,KS,01001
74.9,1.1,6,KS,01001
74.0,1.3,6,KS,01001
74.8,-0.8,6,KS,01001
73.0,-0.9,6,KS,01001
74.9,0.4,6,KS,01001
73.5,1.3,6,KS,01001
75.4,1.1,6,KS,01001
74.1,0.6,6,KS,01001
76.4,1.0,6,KS,01001
76.2,1.0,6,KS,01001
69.1,-0.4,6,KS,01001
72.9,-2.5,6,KS,01001
75.2,1.7,6,KS,01001
75.3,2.1,6,KS,01001
75.9,2.2,6,KS,01001
73.6,-1.8,6,KS,01001
75.4,0.2,6,KS,01001
75.7,1.0,6,KS,01001
70.9,-0.0,6,KS,01001
75.4,1.4,6,KS,01001
73.5,0.6,6,KS,01001
75.1,1.6,6,KS,01001
72.8,-1.1,6,KS,01001
75.8,1.3,6,KS,01001
73.5,0.6,6,KS,01001
74.6,0.4,6,KS,01001
70.9,-1.8,6,KS,01001
72.2,-1.5,6,KS,01001
74.8,1.2,6,KS,01001
75.0,1.5,6,KS,01001
71.7,-0.2,6,KS,01001
72.6,0.5,6,KS,01001
70.7,-2.9,6,KS,01001
71.6,-1.6,6,KS,01001
67.5,-3.4,6,KS,01001
75.3,1.5,6,KS,01001
68.6,-4.0,6,KS,01001
75.5,-0.7,6,KS,01001
75.4,0.8,6,KS,01001
70.9,-2.5,6,KS,01001
72.5,-1.1,6,KS,01001
74.1,1.4,6,KS,01001
74.8,1.8,6,KS,01001
73.8,1.5,6,KS,01001
75.3,2.0,6,KS,01001
69.6,-3.1,6,KS,01001
74.8,-0.6,6,KS,01001
73.1,-1.2,6,KS,01001
76.0,0.6,6,KS,01001
71.5,-0.7,6,KS,01001
75.1,1.8,6,KS,01001
75.0,1.2,6,KS,01001
75.0,0.9,6,KS,01001
70.5,-0.8,6,KS,01001
74.8,1.5,6,KS,01001
75.2,1.0,6,KS,01001
74.8,1.0,6,KS,01001
72.6,-0.1,6,KS,01001
71.9,-2.8,6,KS,01001
74.8,1.3,6,KS,01001
74.6,1.3,6,KS,01001
76.6,0.8,6,KS,01001
74.2,1.2,6,KS,01001
70.3,-3.4,6,KS,01001
72.6,0.5,6,KS,01001
75.6,0.7,6,KS,01001
72.7,-0.5,6,KS,01001
71.9,0.5,6,KS,01001
75.3,2.0,6,KS,01001
74.0,0.9,6,KS,01001
75.6,1.8,6,KS,01001
72.6,-1.2,6,KS,01001
72.8,0.7,6,KS,01001
74.0,0.8,6,KS,01001
74.1,-0.5,6,KS,01001
69.6,-0.7,6,KS,01001
74.9,-0.1,6,KS,01001
74.4,2.0,6,KS,01001
74.1,-0.3,6,KS,01001
74.7,1.2,6,KS,01001
73.3,0.5,6,KS,01001
72.9,-0.5,6,KS,01001
74.4,0.7,6,KS,01001
75.7,1.4,6,KS,01001
70.6,-1.3,6,KS,01001
75.8,0.5,6,KS,01001
71.4,-2.9,6,KS,01001
75.4,2.1,6,KS,01001
71.1,-0.2,6,KS,01001
68.7,-0.5,6,KS,01001
73.1,0.8,6,KS,01001
73.5,-0.8,6,KS,01001
70.0,-3.3,6,KS,01001
71.0,-2.9,6,KS,01001
76.3,0.2,6,KS,01001
69.8,-0.5,6,KS,01001
72.8,0.4,6,KS,01001
74.8,1.7,6,KS,01001
69.0,-1.3,6,KS,01001
73.7,1.1,6,KS,01001
68.9,-2.6,6,KS,01001
76.2,1.1,6,KS,01001
75.6,1.4,6,KS,01001
75.4,1.9,6,KS,01001
70.5,-2.0,6,KY,01001
71.8,-2.1,6,KY,01001
70.3,-1.7,6,KY,01001
75.5,0.4,6,KY,01001
71.7,-2.1,6,KY,01001
68.0,-3.5,6,KY,01001
67.3,-3.1,6,KY,01001
69.8,-1.5,6,KY,01001
68.9,-2.4,6,KY,01001
68.6,-2.2,6,KY,01001
69.8,-1.9,6,KY,01001
68.6,-2.6,6,KY,01001
69.0,-3.1,6,KY,01001
69.7,-3.2,6,KY,01001
71.2,-1.8,6,KY,01001
71.9,-2.0,6,KY,01001
72.9,-1.8,6,KY,01001
74.8,-0.3,6,KY,01001
69.8,-1.9,6,KY,01001
75.5,0.2,6,KY,01001
70.1,-2.0,6,KY,01001
67.7,-2.8,6,KY,01001
69.4,-2.1,6,KY,01001
72.8,-1.7,6,KY,01001
69.1,-2.4,6,KY,01001
68.7,-2.7,6,KY,01001
69.8,-2.4,6,KY,01001
72.9,-1.7,6,KY,01001
70.9,-2.3,6,KY,01001
72.1,-1.9,6,KY,01001
72.1,-1.4,6,KY,01001
67.5,-3.3,6,KY,01001
69.2,-3.0,6,KY,01001
69.7,-1.6,6,KY,01001
67.8,-3.4,6,KY,01001
68.8,-3.2,6,KY,01001
70.1,-1.9,6,KY,01001
75.6,-0.4,6,KY,01001
70.0,-1.9,6,KY,01001
69.8,-2.1,6,KY,01001
69.4,-2.1,6,KY,01001
75.1,-0.0,6,KY,01001
70.9,-1.9,6,KY,01001
71.3,-1.9,6,KY,01001
68.2,-2.4,6,KY,01001
70.2,-3.4,6,KY,01001
70.6,-2.0,6,KY,01001
65.8,-3.3,6,KY,01001
68.9,-2.6,6,KY,01001
71.6,-1.6,6,KY,01001
73.7,-0.9,6,KY,01001
69.7,-2.1,6,KY,01001
75.4,-0.1,6,KY,01001
72.9,-1.8,6,KY,01001
68.3,-2.7,6,KY,01001
71.1,-2.1,6,KY,01001
70.1,-1.6,6,KY,01001
68.6,-2.8,6,KY,01001
69.6,-1.8,6,KY,01001
67.8,-3.4,6,KY,01001
68.5,-2.8,6,KY,01001
70.8,-1.8,6,KY,01001
68.7,-2.6,6,KY,01001
68.4,-2.6,6,KY,01001
69.0,-3.3,6,KY,01001
67.8,-3.1,6,KY,01001
66.4,-3.7,6,KY,01001
67.7,-3.0,6,KY,01001
69.1,-2.3,6,KY,01001
74.1,-0.8,6,KY,01001
71.8,-2.5,6,KY,01001
74.0,-1.0,6,KY,01001
75.1,0.0,6,KY,01001
68.1,-3.1,6,KY,01001
72.9,-1.5,6,KY,01001
69.7,-2.3,6,KY,01001
68.5,-3.0,6,KY,01001
70.4,-1.9,6,KY,01001
75.1,-0.2,6,KY,01001
68.8,-2.9,6,KY,01001
68.0,-2.9,6,KY,01001
69.9,-2.9,6,KY,01001
67.7,-3.7,6,KY,01001
70.2,-1.7,6,KY,01001
70.8,-2.2,6,KY,01001
70.9,-2.4,6,KY,01001
68.4,-2.9,6,KY,01001
67.9,-3.6,6,KY,01001
72.0,-2.3,6,KY,01001
70.7,-2.0,6,KY,01001
68.4,-2.8,6,KY,01001
71.2,-2.5,6,KY,01001
69.9,-2.4,6,KY,01001
69.6,-2.1,6,KY,01001
69.1,-2.9,6,KY,01001
69.3,-2.3,6,KY,01001
68.3,-3.2,6,KY,01001
68.2,-3.5,6,KY,01001
68.7,-3.2,6,KY,01001
69.2,-2.4,6,KY,01001
68.5,-2.8,6,KY,01001
68.7,-2.5,6,KY,01001
67.1,-4.0,6,KY,01001
70.1,-2.1,6,KY,01001
69.5,-2.0,6,KY,01001
69.7,-2.2,6,KY,01001
72.0,-2.1,6,KY,01001
70.4,-2.1,6,KY,01001
70.6,-1.8,6,KY,01001
72.0,-2.2,6,KY,01001
73.8,-1.0,6,KY,01001
70.0,-2.0,6,KY,01001
73.4,-1.4,6,KY,01001
72.5,-1.7,6,KY,01001
70.3,-1.9,6,KY,01001
69.2,-2.6,6,KY,01001
73.0,-1.7,6,KY,01001
68.2,-3.2,6,KY,01001
68.3,-3.5,6,KY,01001
70.3,-1.4,6,KY,01001
83.8,2.9,6,LA,01001
82.7,2.4,6,LA,01001
83.3,3.2,6,LA,01001
83.1,2.9,6,LA,01001
82.4,2.2,6,LA,01001
82.6,2.9,6,LA,01001
80.4,1.8,6,LA,01001
80.6,1.5,6,LA,01001
80.8,1.3,6,LA,01001
82.7,2.3,6,LA,01001
80.1,0.9,6,LA,01001
83.0,2.2,6,LA,01001
80.9,1.1,6,LA,01001
79.4,1.1,6,LA,01001
81.4,1.6,6,LA,01001
80.8,1.6,6,LA,01001
83.5,3.6,6,LA,01001
80.2,1.0,6,LA,01001
82.4,3.0,6,LA,01001
82.9,2.4,6,LA,01001
80.6,1.1,6,LA,01001
80.9,1.3,6,LA,01001
83.7,3.3,6,LA,01001
83.6,3.5,6,LA,01001
80.0,1.6,6,LA,01001
83.4,2.7,6,LA,01001
83.0,2.0,6,LA,01001
84.2,3.6,6,LA,01001
83.2,2.6,6,LA,01001
80.5,0.8,6,LA,01001
79.8,1.6,6,LA,01001
83.0,3.1,6,LA,01001
80.5,1.2,6,LA,01001
80.0,1.2,6,LA,01001
81.5,2.1,6,LA,01001
83.4,3.2,6,LA,01001
80.0,1.1,6,LA,01001
83.4,2.9,6,LA,01001
83.5,3.4,6,LA,01001
81.9,1.9,6,LA,01001
81.0,1.8,6,LA,01001
80.4,1.1,6,LA,01001
81.9,3.0,6,LA,01001
83.3,3.1,6,LA,01001
83.3,2.8,6,LA,01001
81.6,2.5,6,LA,01001
83.2,2.9,6,LA,01001
83.2,2.8,6,LA,01001
83.5,3.2,6,LA,01001
83.7,3.4,6,LA,01001
83.3,3.0,6,LA,01001
82.5,3.1,6,LA,01001
82.0,2.6,6,LA,01001
80.6,1.1,6,LA,01001
83.1,2.7,6,LA,01001
79.6,1.2,6,LA,01001
84.1,3.3,6,LA,01001
82.3,3.2,6,LA,01001
81.3,2.2,6,LA,01001
80.1,1.3,6,LA,01001
83.8,3.6,6,LA,01001
80.2,1.1,6,LA,01001
82.9,3.2,6,LA,01001
80.4,1.3,6,LA,01001
62.0,0.0,6,ME,01001
59.9,1.0,6,ME,01001
61.9,-0.3,6,ME,01001
58.3,-0.0,6,ME,01001
59.9,-0.8,6,ME,01001
61.6,-0.4,6,ME,01001
59.2,-0.7,6,ME,01001
60.3,-0.5,6,ME,01001
60.6,0.5,6,ME,01001
60.7,-0.3,6,ME,01001
59.2,0.2,6,ME,01001
61.3,-0.2,6,ME,01001
59.0,-0.0,6,ME,01001
60.3,-0.6,6,ME,01001
59.0,-0.7,6,ME,01001
62.2,-0.6,6,ME,01001
64.8,-3.9,6,MD,01001
71.2,-1.1,6,MD,01001
69.5,-0.8,6,MD,01001
70.9,-1.3,6,MD,01001
70.6,-0.8,6,MD,01001
67.6,-1.5,6,MD,01001
68.8,-1.8,6,MD,01001
71.2,-1.2,6,MD,01001
71.6,-0.5,6,MD,01001
67.6,-2.3,6,MD,01001
61.1,-3.0,6,MD,01001
69.2,-1.5,6,MD,01001
69.0,-1.0,6,MD,01001
70.2,-1.4,6,MD,01001
69.0,-1.4,6,MD,01001
70.4,-1.4,6,MD,01001
70.3,-1.3,6,MD,01001
71.3,-1.1,6,MD,01001
71.4,-0.6,6,MD,01001
70.9,-1.4,6,MD,01001
66.8,-2.9,6,MD,01001
71.1,-0.4,6,MD,01001
70.3,-0.7,6,MD,01001
72.0,0.0,6,MD,01001
70.8,-1.2,6,MD,01001
62.9,-0.5,6,MA,01001
62.4,0.1,6,MA,01001
65.0,-0.2,6,MA,01001
63.6,-0.1,6,MA,01001
63.8,-0.9,6,MA,01001
64.6,0.7,6,MA,01001
64.8,-0.3,6,MA,01001
64.7,-0.0,6,MA,01001
65.4,-0.1,6,MA,01001
61.7,0.5,6,MA,01001
66.0,0.6,6,MA,01001
65.4,0.4,6,MA,01001
65.6,0.2,6,MA,01001
64.7,0.5,6,MA,01001
63.8,2.0,6,MI,01001
60.4,1.2,6,MI,01001
67.4,0.5,6,MI,01001
64.2,2.6,6,MI,01001
64.1,2.0,6,MI,01001
65.7,1.7,6,MI,01001
61.2,2.5,6,MI,01001
67.7,0.9,6,MI,01001
66.7,1.3,6,MI,01001
64.8,3.5,6,MI,01001
66.9,-0.7,6,MI,01001
66.9,-0.3,6,MI,01001
67.2,0.4,6,MI,01001
67.1,-0.4,6,MI,01001
64.0,1.9,6,MI,01001
63.3,1.6,6,MI,01001
62.3,3.7,6,MI,01001
65.4,1.8,6,MI,01001
67.9,1.4,6,MI,01001
63.9,1.7,6,MI,01001
61.7,1.6,6,MI,01001
63.1,2.6,6,MI,01001
67.5,0.9,6,MI,01001
63.0,2.2,6,MI,01001
66.5,0.4,6,MI,01001
66.2,1.8,6,MI,01001
62.1,2.1,6,MI,01001
64.5,2.5,6,MI,01001
67.5,1.4,6,MI,01001
66.4,-0.3,6,MI,01001
62.4,3.0,6,MI,01001
64.6,1.0,6,MI,01001
66.7,0.4,6,MI,01001
67.6,1.3,6,MI,01001
64.5,1.7,6,MI,01001
61.7,2.4,6,MI,01001
66.7,1.7,6,MI,01001
65.7,-0.7,6,MI,01001
68.1,0.8,6,MI,01001
64.0,1.8,6,MI,01001
67.4,1.4,6,MI,01001
60.2,2.9,6,MI,01001
64.7,1.2,6,MI,01001
66.3,0.6,6,MI,01001
63.4,2.4,6,MI,01001
67.8,0.2,6,MI,01001
66.0,0.2,6,MI,01001
61.7,3.4,6,MI,01001
62.1,3.1,6,MI,01001
67.4,0.6,6,MI,01001
64.2,1.9,6,MI,01001
61.2,1.9,6,MI,01001
63.8,0.9,6,MI,01001
65.9,1.6,6,MI,01001
63.7,2.0,6,MI,01001
67.2,1.4,6,MI,01001
64.3,1.9,6,MI,01001
68.4,0.3,6,MI,01001
66.8,1.6,6,MI,01001
64.1,1.9,6,MI,01001
67.1,2.3,6,MI,01001
66.0,1.5,6,MI,01001
66.6,0.5,6,MI,01001
65.1,1.5,6,MI,01001
64.7,1.9,6,MI,01001
62.5,2.5,6,MI,01001
64.8,1.7,6,MI,01001
64.0,1.8,6,MI,01001
63.9,2.2,6,MI,01001
67.8,1.8,6,MI,01001
63.4,1.8,6,MI,01001
64.4,1.8,6,MI,01001
67.2,0.9,6,MI,01001
66.6,0.6,6,MI,01001
68.0,0.3,6,MI,01001
65.1,0.5,6,MI,01001
61.5,1.5,6,MI,01001
66.9,0.6,6,MI,01001
66.1,0.6,6,MI,01001
66.7,-0.5,6,MI,01001
66.1,-0.3,6,MI,01001
67.9,0.5,6,MI,01001
64.4,2.2,6,MI,01001
66.7,5.1,6,MN,01001
71.6,5.1,6,MN,01001
68.7,5.3,6,MN,01001
67.4,5.5,6,MN,01001
70.5,5.7,6,MN,01001
72.3,6.3,6,MN,01001
72.1,4.3,6,MN,01001
72.4,4.4,6,MN,01001
64.1,3.7,6,MN,01001
71.8,4.7,6,MN,01001
68.1,5.6,6,MN,01001
72.3,5.5,6,MN,01001
70.5,4.9,6,MN,01001
71.0,6.1,6,MN,01001
67.8,5.5,6,MN,01001
59.2,2.4,6,MN,01001
71.8,5.0,6,MN,01001
68.8,5.7,6,MN,01001
72.5,5.2,6,MN,01001
69.6,3.9,6,MN,01001
70.4,6.3,6,MN,01001
71.9,4.1,6,MN,01001
68.4,2.5,6,MN,01001
70.6,3.8,6,MN,01001
70.4,4.0,6,MN,01001
71.8,6.7,6,MN,01001
72.2,5.1,6,MN,01001
69.4,2.5,6,MN,01001
68.2,5.7,6,MN,01001
70.9,5.5,6,MN,01001
66.6,5.6,6,MN,01001
71.8,5.0,6,MN,01001
69.0,5.3,6,MN,01001
71.3,5.4,6,MN,01001
69.9,7.7,6,MN,01001
66.5,5.8,6,MN,01001
72.4,5.6,6,MN,01001
61.6,3.1,6,MN,01001
67.0,5.8,6,MN,01001
71.8,4.5,6,MN,01001
70.7,5.0,6,MN,01001
72.0,5.1,6,MN,01001
72.0,5.2,6,MN,01001
68.4,5.4,6,MN,01001
69.4,6.7,6,MN,01001
72.1,4.6,6,MN,01001
71.1,5.1,6,MN,01001
69.5,5.7,6,MN,01001
69.9,5.7,6,MN,01001
69.2,3.5,6,MN,01001
70.8,4.6,6,MN,01001
72.5,4.7,6,MN,01001
71.2,4.5,6,MN,01001
70.5,5.9,6,MN,01001
69.1,3.4,6,MN,01001
69.9,5.6,6,MN,01001
68.9,5.9,6,MN,01001
66.5,4.1,6,MN,01001
70.6,4.6,6,MN,01001
70.2,6.4,6,MN,01001
71.3,6.6,6,MN,01001
72.3,5.1,6,MN,01001
69.3,5.8,6,MN,01001
72.5,4.9,6,MN,01001
72.3,5.1,6,MN,01001
71.3,4.5,6,MN,01001
71.7,4.7,6,MN,01001
67.9,6.5,6,MN,01001
64.4,4.6,6,MN,01001
72.2,4.7,6,MN,01001
71.0,5.3,6,MN,01001
72.5,5.1,6,MN,01001
70.6,5.5,6,MN,01001
70.9,4.5,6,MN,01001
72.1,6.7,6,MN,01001
72.1,6.1,6,MN,01001
69.6,5.5,6,MN,01001
72.5,6.8,6,MN,01001
69.8,3.4,6,MN,01001
69.2,5.6,6,MN,01001
71.6,4.6,6,MN,01001
71.7,4.9,6,MN,01001
72.1,4.3,6,MN,01001
72.0,6.6,6,MN,01001
69.4,3.1,6,MN,01001
71.4,5.1,6,MN,01001
72.5,5.3,6,MN,01001
80.9,1.7,6,MS,01001
75.4,-0.7,6,MS,01001
80.6,1.8,6,MS,01001
78.4,1.0,6,MS,01001
75.9,-0.5,6,MS,01001
79.0,0.0,6,MS,01001
77.8,0.3,6,MS,01001
79.1,1.3,6,MS,01001
78.3,0.6,6,MS,01001
77.4,0.3,6,MS,01001
80.3,1.2,6,MS,01001
79.9,1.6,6,MS,01001
78.4,0.4,6,MS,01001
79.2,0.6,6,MS,01001
80.2,1.4,6,MS,01001
80.9,2.3,6,MS,01001
77.8,-0.4,6,MS,01001
80.6,1.5,6,MS,01001
80.3,1.5,6,MS,01001
80.9,1.9,6,MS,01001
80.5,1.4,6,MS,01001
78.7,0.7,6,MS,01001
81.6,2.8,6,MS,01001
80.9,1.9,6,MS,01001
80.2,1.3,6,MS,01001
79.6,1.1,6,MS,01001
80.1,0.8,6,MS,01001
80.1,0.9,6,MS,01001
77.2,0.1,6,MS,01001
81.1,2.0,6,MS,01001
80.0,1.9,6,MS,01001
80.1,1.2,6,MS,01001
81.1,2.5,6,MS,01001
80.8,1.9,6,MS,01001
78.4,0.5,6,MS,01001
77.4,-0.0,6,MS,01001
80.8,1.8,6,MS,01001
79.3,1.4,6,MS,01001
81.1,2.2,6,MS,01001
79.0,1.4,6,MS,01001
78.3,0.8,6,MS,01001
80.2,1.3,6,MS,01001
80.2,1.6,6,MS,01001
78.3,0.1,6,MS,01001
80.0,1.3,6,MS,01001
81.6,2.4,6,MS,01001
76.7,-0.4,6,MS,01001
78.0,0.1,6,MS,01001
77.7,0.4,6,MS,01001
78.7,1.4,6,MS,01001
79.4,1.8,6,MS,01001
78.3,0.2,6,MS,01001
78.3,0.5,6,MS,01001
78.0,-0.1,6,MS,01001
80.5,1.7,6,MS,01001
80.7,1.6,6,MS,01001
80.5,1.7,6,MS,01001
78.0,0.7,6,MS,01001
76.5,-0.2,6,MS,01001
79.0,0.3,6,MS,01001
79.8,1.4,6,MS,01001
79.3,1.6,6,MS,01001
80.1,0.8,6,MS,01001
80.2,1.7,6,MS,01001
80.0,1.8,6,MS,01001
80.2,1.4,6,MS,01001
79.6,0.5,6,MS,01001
79.4,0.8,6,MS,01001
77.7,-0.4,6,MS,01001
75.9,-0.4,6,MS,01001
75.6,-0.5,6,MS,01001
78.4,-0.2,6,MS,01001
77.4,0.4,6,MS,01001
81.0,2.1,6,MS,01001
80.3,1.2,6,MS,01001
79.7,0.3,6,MS,01001
79.8,1.0,6,MS,01001
77.4,0.1,6,MS,01001
81.9,2.7,6,MS,01001
78.1,0.9,6,MS,01001
77.9,0.2,6,MS,01001
80.2,1.1,6,MS,01001
72.2,1.0,6,MO,01001
73.6,1.2,6,MO,01001
72.8,0.8,6,MO,01001
73.2,0.7,6,MO,01001
73.9,1.0,6,MO,01001
75.4,0.7,6,MO,01001
75.5,1.4,6,MO,01001
74.1,0.8,6,MO,01001
73.3,-0.9,6,MO,01001
74.5,1.4,6,MO,01001
73.8,0.9,6,MO,01001
76.2,0.5,6,MO,01001
73.5,1.4,6,MO,01001
74.6,1.5,6,MO,01001
75.0,1.8,6,MO,01001
73.8,-0.6,6,MO,01001
73.9,0.8,6,MO,01001
73.5,0.2,6,MO,01001
75.3,2.2,6,MO,01001
75.4,1.3,6,MO,01001
73.8,0.8,6,MO,01001
72.9,0.6,6,MO,01001
72.4,0.4,6,MO,01001
74.0,1.1,6,MO,01001
73.0,1.0,6,MO,01001
75.5,1.9,6,MO,01001
74.6,1.7,6,MO,01001
72.8,0.8,6,MO,01001
74.8,0.9,6,MO,01001
73.5,0.8,6,MO,01001
73.6,1.7,6,MO,01001
73.5,1.6,6,MO,01001
72.2,0.2,6,MO,01001
73.2,1.0,6,MO,01001
77.7,0.7,6,MO,01001
72.9,0.3,6,MO,01001
73.7,1.2,6,MO,01001
73.8,2.3,6,MO,01001
73.2,0.7,6,MO,01001
73.2,1.2,6,MO,01001
73.3,2.2,6,MO,01001
75.4,1.5,6,MO,01001
74.4,1.1,6,MO,01001
73.4,0.7,6,MO,01001
74.0,1.1,6,MO,01001
74.5,2.3,6,MO,01001
71.8,0.0,6,MO,01001
75.0,1.9,6,MO,01001
75.5,1.0,6,MO,01001
73.5,0.1,6,MO,01001
75.5,2.6,6,MO,01001
72.5,0.9,6,MO,01001
73.5,0.9,6,MO,01001
74.7,1.8,6,MO,01001
73.9,0.8,6,MO,01001
72.7,0.3,6,MO,01001
73.0,0.4,6,MO,01001
73.3,0.9,6,MO,01001
74.1,1.5,6,MO,01001
75.4,1.5,6,MO,01001
72.9,0.8,6,MO,01001
72.3,-0.6,6,MO,01001
75.1,2.1,6,MO,01001
73.2,0.5,6,MO,01001
72.0,0.8,6,MO,01001
75.7,2.4,6,MO,01001
75.5,-0.3,6,MO,01001
75.2,2.1,6,MO,01001
72.7,0.2,6,MO,01001
73.3,0.9,6,MO,01001
74.7,2.0,6,MO,01001
76.6,0.0,6,MO,01001
75.3,1.5,6,MO,01001
73.3,1.9,6,MO,01001
74.8,1.7,6,MO,01001
75.1,1.8,6,MO,01001
74.3,1.4,6,MO,01001
77.7,0.6,6,MO,01001
72.8,-0.8,6,MO,01001
74.5,1.6,6,MO,01001
74.3,1.6,6,MO,01001
72.7,0.5,6,MO,01001
74.5,1.4,6,MO,01001
74.4,1.4,6,MO,01001
74.8,1.9,6,MO,01001
71.3,0.2,6,MO,01001
72.9,0.4,6,MO,01001
73.2,0.7,6,MO,01001
73.7,0.9,6,MO,01001
71.9,-0.2,6,MO,01001
75.2,0.7,6,MO,01001
73.7,0.1,6,MO,01001
74.9,0.7,6,MO,01001
72.8,-0.5,6,MO,01001
72.4,0.0,6,MO,01001
74.1,0.1,6,MO,01001
74.5,1.5,6,MO,01001
71.8,0.9,6,MO,01001
72.4,1.1,6,MO,01001
75.1,-0.4,6,MO,01001
73.5,1.0,6,MO,01001
72.5,0.5,6,MO,01001
76.0,-0.0,6,MO,01001
73.8,0.6,6,MO,01001
72.1,0.5,6,MO,01001
74.3,1.0,6,MO,01001
73.3,1.3,6,MO,01001
75.3,0.7,6,MO,01001
72.9,0.5,6,MO,01001
72.4,0.4,6,MO,01001
73.6,-0.3,6,MO,01001
71.8,0.1,6,MO,01001
73.5,2.7,6,MO,01001
72.5,0.7,6,MO,01001
74.5,0.1,6,MO,01001
50.7,-0.1,6,MT,01001
61.7,0.3,6,MT,01001
62.4,1.9,6,MT,01001
57.3,0.4,6,MT,01001
57.6,0.5,6,MT,01001
64.9,2.7,6,MT,01001
58.4,0.7,6,MT,01001
62.4,1.8,6,MT,01001
66.5,2.6,6,MT,01001
65.4,5.3,6,MT,01001
66.5,3.4,6,MT,01001
50.6,0.3,6,MT,01001
65.6,2.9,6,MT,01001
60.3,0.4,6,MT,01001
56.9,4.0,6,MT,01001
53.9,0.6,6,MT,01001
65.5,3.0,6,MT,01001
56.7,3.6,6,MT,01001
59.7,-0.1,6,MT,01001
52.9,1.7,6,MT,01001
62.5,2.4,6,MT,01001
54.9,1.1,6,MT,01001
56.4,0.6,6,MT,01001
60.4,3.7,6,MT,01001
55.4,1.4,6,MT,01001
61.7,2.6,6,MT,01001
59.3,4.9,6,MT,01001
66.8,4.0,6,MT,01001
52.9,0.1,6,MT,01001
54.1,1.0,6,MT,01001
57.7,3.1,6,MT,01001
57.1,3.0,6,MT,01001
61.8,-0.3,6,MT,01001
52.8,0.8,6,MT,01001
63.5,0.3,6,MT,01001
65.1,2.8,6,MT,01001
59.4,2.7,6,MT,01001
64.6,1.6,6,MT,01001
54.5,2.3,6,MT,01001
66.3,2.9,6,MT,01001
53.7,1.3,6,MT,01001
68.2,5.2,6,MT,01001
67.8,5.6,6,MT,01001
64.5,1.5,6,MT,01001
59.1,3.2,6,MT,01001
67.6,6.3,6,MT,01001
52.8,0.6,6,MT,01001
58.0,0.0,6,MT,01001
56.3,0.3,6,MT,01001
57.4,1.6,6,MT,01001
61.6,3.1,6,MT,01001
64.6,1.3,6,MT,01001
65.9,4.5,6,MT,01001
57.3,0.2,6,MT,01001
66.2,3.2,6,MT,01001
63.4,0.6,6,MT,01001
71.6,1.1,6,NE,01001
71.4,2.2,6,NE,01001
67.9,1.7,6,NE,01001
64.2,0.2,6,NE,01001
68.8,0.5,6,NE,01001
71.6,2.6,6,NE,01001
65.1,0.8,6,NE,01001
71.6,2.7,6,NE,01001
69.0,1.4,6,NE,01001
70.5,0.8,6,NE,01001
72.9,2.8,6,NE,01001
73.1,2.6,6,NE,01001
73.4,1.9,6,NE,01001
72.0,3.0,6,NE,01001
69.2,0.4,6,NE,01001
67.8,1.8,6,NE,01001
65.4,-0.1,6,NE,01001
72.1,1.3,6,NE,01001
73.4,3.4,6,NE,01001
72.8,3.0,6,NE,01001
69.0,0.9,6,NE,01001
72.7,3.0,6,NE,01001
66.2,1.2,6,NE,01001
69.8,0.5,6,NE,01001
67.4,0.2,6,NE,01001
72.1,2.8,6,NE,01001
73.8,3.5,6,NE,01001
74.4,3.3,6,NE,01001
69.4,-0.2,6,NE,01001
73.2,1.9,6,NE,01001
72.0,1.0,6,NE,01001
70.0,0.4,6,NE,01001
71.2,0.1,6,NE,01001
73.6,1.7,6,NE,01001
67.0,1.3,6,NE,01001
68.4,0.6,6,NE,01001
70.4,0.3,6,NE,01001
67.2,1.9,6,NE,01001
70.8,2.0,6,NE,01001
71.7,1.4,6,NE,01001
72.6,2.0,6,NE,01001
72.0,0.8,6,NE,01001
69.5,0.4,6,NE,01001
70.1,-0.3,6,NE,01001
70.4,2.4,6,NE,01001
67.8,1.1,6,NE,01001
71.6,1.8,6,NE,01001
74.2,2.4,6,NE,01001
72.8,0.9,6,NE,01001
71.0,0.8,6,NE,01001
69.1,1.2,6,NE,01001
70.0,2.6,6,NE,01001
62.8,-0.5,6,NE,01001
72.1,2.9,6,NE,01001
74.5,3.1,6,NE,01001
69.1,0.7,6,NE,01001
68.4,0.6,6,NE,01001
68.0,0.1,6,NE,01001
68.0,0.9,6,NE,01001
72.4,2.8,6,NE,01001
73.3,2.8,6,NE,01001
66.4,0.9,6,NE,01001
72.9,3.1,6,NE,01001
72.7,0.6,6,NE,01001
72.5,1.2,6,NE,01001
73.0,1.1,6,NE,01001
72.5,0.4,6,NE,01001
69.0,0.8,6,NE,01001
70.9,0.8,6,NE,01001
72.0,2.7,6,NE,01001
73.0,3.2,6,NE,01001
73.7,3.1,6,NE,01001
71.0,0.5,6,NE,01001
73.4,1.1,6,NE,01001
69.2,1.8,6,NE,01001
74.6,3.1,6,NE,01001
74.2,2.8,6,NE,01001
74.3,3.5,6,NE,01001
65.9,0.5,6,NE,01001
74.0,3.0,6,NE,01001
65.8,1.3,6,NE,01001
70.0,1.0,6,NE,01001
63.8,0.5,6,NE,01001
73.0,3.4,6,NE,01001
73.3,1.7,6,NE,01001
68.4,0.3,6,NE,01001
72.5,2.9,6,NE,01001
69.0,0.7,6,NE,01001
73.8,3.0,6,NE,01001
72.5,3.3,6,NE,01001
72.1,0.9,6,NE,01001
70.3,2.0,6,NE,01001
73.5,2.4,6,NE,01001
63.4,-1.4,6,NV,01001
76.2,-2.6,6,NV,01001
58.1,-1.8,6,NV,01001
56.0,-2.4,6,NV,01001
64.2,-2.0,6,NV,01001
56.6,-2.6,6,NV,01001
60.4,-1.5,6,NV,01001
58.5,-2.4,6,NV,01001
67.2,-1.9,6,NV,01001
62.1,-1.5,6,NV,01001
62.0,-0.9,6,NV,01001
63.8,-1.6,6,NV,01001
62.6,-1.5,6,NV,01001
61.8,-0.5,6,NV,01001
60.0,-1.2,6,NV,01001
56.6,-3.0,6,NV,01001
60.3,-0.9,6,NV,01001
63.5,0.6,6,NH,01001
62.0,0.6,6,NH,01001
63.5,1.0,6,NH,01001
59.0,0.4,6,NH,01001
60.9,0.7,6,NH,01001
64.0,0.2,6,NH,01001
63.5,0.4,6,NH,01001
63.7,-0.6,6,NH,01001
62.8,-0.6,6,NH,01001
62.4,1.0,6,NH,01001
68.3,-0.7,6,NJ,01001
68.2,-0.4,6,NJ,01001
68.9,-0.9,6,NJ,01001
69.2,-1.3,6,NJ,01001
68.3,-0.4,6,NJ,01001
68.8,-0.9,6,NJ,01001
68.7,-0.1,6,NJ,01001
69.3,-1.4,6,NJ,01001
69.9,-0.1,6,NJ,01001
66.3,-0.8,6,NJ,01001
68.4,-0.7,6,NJ,01001
68.8,-0.3,6,NJ,01001
68.5,-0.5,6,NJ,01001
65.7,-0.7,6,NJ,01001
68.1,-0.5,6,NJ,01001
66.2,-0.5,6,NJ,01001
69.4,-1.3,6,NJ,01001
67.5,-0.6,6,NJ,01001
64.4,-1.1,6,NJ,01001
69.2,0.1,6,NJ,01001
65.6,-0.5,6,NJ,01001
69.7,0.6,6,NM,01001
61.0,-1.5,6,NM,01001
79.1,4.7,6,NM,01001
62.9,-1.4,6,NM,01001
60.4,-1.7,6,NM,01001
73.5,0.8,6,NM,01001
74.2,0.5,6,NM,01001
78.6,1.6,6,NM,01001
81.5,4.4,6,NM,01001
70.4,0.1,6,NM,01001
70.0,-0.8,6,NM,01001
68.9,-1.3,6,NM,01001
75.1,0.1,6,NM,01001
79.3,3.3,6,NM,01001
72.0,2.8,6,NM,01001
61.1,-1.2,6,NM,01001
77.3,0.7,6,NM,01001
63.1,-1.7,6,NM,01001
61.5,-0.7,6,NM,01001
75.6,2.9,6,NM,01001
73.0,-0.8,6,NM,01001
59.3,-1.4,6,NM,01001
74.5,0.9,6,NM,01001
65.0,-0.8,6,NM,01001
66.6,-1.1,6,NM,01001
67.5,-0.6,6,NM,01001
63.8,-1.1,6,NM,01001
74.3,1.3,6,NM,01001
71.5,1.8,6,NM,01001
56.1,-1.6,6,NM,01001
66.4,0.5,6,NM,01001
65.8,-2.4,6,NM,01001
72.0,0.8,6,NM,01001
64.6,-0.7,6,NY,01001
62.2,-0.9,6,NY,01001
69.5,-0.2,6,NY,01001
63.6,-0.5,6,NY,01001
61.8,-1.1,6,NY,01001
63.9,-0.7,6,NY,01001
63.2,-1.0,6,NY,01001
63.9,-0.3,6,NY,01001
62.3,-0.8,6,NY,01001
62.8,0.4,6,NY,01001
65.5,-0.2,6,NY,01001
62.2,-0.7,6,NY,01001
60.8,-1.2,6,NY,01001
66.4,0.3,6,NY,01001
64.6,0.2,6,NY,01001
60.2,-0.1,6,NY,01001
61.3,0.3,6,NY,01001
62.4,-0.8,6,NY,01001
64.0,-0.7,6,NY,01001
62.4,-1.0,6,NY,01001
59.0,-0.5,6,NY,01001
61.3,-0.1,6,NY,01001
64.1,0.7,6,NY,01001
69.8,-0.0,6,NY,01001
61.8,0.7,6,NY,01001
64.1,-0.9,6,NY,01001
63.1,0.0,6,NY,01001
64.8,-0.6,6,NY,01001
64.5,-1.1,6,NY,01001
68.3,-0.1,6,NY,01001
69.9,-0.1,6,NY,01001
64.9,-0.2,6,NY,01001
63.6,0.2,6,NY,01001
64.7,0.2,6,NY,01001
64.2,-0.8,6,NY,01001
65.2,-0.7,6,NY,01001
64.2,-0.7,6,NY,01001
64.4,0.6,6,NY,01001
61.3,-1.3,6,NY,01001
66.4,0.3,6,NY,01001
69.2,-0.2,6,NY,01001
64.7,0.2,6,NY,01001
69.8,0.0,6,NY,01001
67.2,-0.2,6,NY,01001
63.2,0.7,6,NY,01001
64.2,-0.3,6,NY,01001
64.8,-0.5,6,NY,01001
61.9,-1.3,6,NY,01001
63.3,-0.6,6,NY,01001
64.5,-1.0,6,NY,01001
62.9,-0.6,6,NY,01001
66.2,0.1,6,NY,01001
62.4,-0.8,6,NY,01001
63.9,-0.4,6,NY,01001
63.0,-1.2,6,NY,01001
63.8,-0.2,6,NY,01001
61.3,-0.7,6,NY,01001
63.8,-0.3,6,NY,01001
64.2,-1.0,6,NY,01001
67.8,0.2,6,NY,01001
62.8,-0.4,6,NY,01001
64.0,-0.8,6,NY,01001
70.9,-3.1,6,NC,01001
69.0,-3.6,6,NC,01001
62.8,-3.1,6,NC,01001
73.2,-3.0,6,NC,01001
61.5,-3.2,6,NC,01001
60.3,-3.1,6,NC,01001
72.7,-2.8,6,NC,01001
72.6,-1.9,6,NC,01001
73.8,-2.2,6,NC,01001
74.6,-1.4,6,NC,01001
64.4,-3.4,6,NC,01001
68.7,-3.5,6,NC,01001
71.3,-3.8,6,NC,01001
68.2,-3.6,6,NC,01001
72.5,-1.3,6,NC,01001
73.3,-2.6,6,NC,01001
69.9,-3.8,6,NC,01001
70.2,-3.3,6,NC,01001
72.1,-2.6,6,NC,01001
66.8,-3.8,6,NC,01001
73.0,-1.8,6,NC,01001
65.5,-3.0,6,NC,01001
70.3,-3.9,6,NC,01001
74.4,-1.7,6,NC,01001
73.1,-2.2,6,NC,01001
73.8,-2.5,6,NC,01001
72.5,-1.3,6,NC,01001
72.5,-2.4,6,NC,01001
70.3,-3.6,6,NC,01001
69.6,-3.6,6,NC,01001
72.5,-2.9,6,NC,01001
72.2,-1.9,6,NC,01001
72.4,-2.5,6,NC,01001
69.5,-3.5,6,NC,01001
71.7,-2.4,6,NC,01001
71.6,-3.0,6,NC,01001
72.4,-1.7,6,NC,01001
64.5,-3.5,6,NC,01001
71.3,-2.0,6,NC,01001
73.3,-2.2,6,NC,01001
70.4,-3.3,6,NC,01001
71.9,-2.5,6,NC,01001
73.0,-2.6,6,NC,01001
61.0,-3.5,6,NC,01001
65.4,-3.6,6,NC,01001
72.5,-1.7,6,NC,01001
73.9,-2.0,6,NC,01001
73.1,-2.6,6,NC,01001
69.8,-3.4,6,NC,01001
62.8,-3.1,6,NC,01001
73.0,-2.5,6,NC,01001
72.8,-2.3,6,NC,01001
72.5,-2.6,6,NC,01001
73.0,-2.4,6,NC,01001
70.8,-3.1,6,NC,01001
68.0,-3.0,6,NC,01001
64.3,-2.7,6,NC,01001
65.3,-3.4,6,NC,01001
72.7,-2.1,6,NC,01001
72.2,-2.8,6,NC,01001
61.4,-3.7,6,NC,01001
72.7,-2.6,6,NC,01001
73.2,-2.0,6,NC,01001
72.0,-2.5,6,NC,01001
74.1,-2.0,6,NC,01001
72.1,-2.2,6,NC,01001
72.8,-2.6,6,NC,01001
71.1,-2.5,6,NC,01001
73.2,-2.8,6,NC,01001
72.8,-1.3,6,NC,01001
73.2,-2.5,6,NC,01001
72.8,-1.6,6,NC,01001
70.4,-2.6,6,NC,01001
73.1,-2.3,6,NC,01001
70.1,-3.4,6,NC,01001
71.7,-2.7,6,NC,01001
73.7,-2.4,6,NC,01001
74.7,-1.9,6,NC,01001
69.8,-3.7,6,NC,01001
70.1,-4.0,6,NC,01001
70.4,-3.3,6,NC,01001
72.9,-2.9,6,NC,01001
74.4,-1.8,6,NC,01001
72.1,-3.5,6,NC,01001
68.8,-3.6,6,NC,01001
67.7,-3.6,6,NC,01001
62.0,-3.8,6,NC,01001
64.1,-3.3,6,NC,01001
72.9,-2.1,6,NC,01001
72.3,-3.1,6,NC,01001
71.2,-2.3,6,NC,01001
72.8,-1.9,6,NC,01001
71.4,-2.5,6,NC,01001
72.6,-2.2,6,NC,01001
61.4,-3.1,6,NC,01001
73.1,-2.5,6,NC,01001
68.0,-3.3,6,NC,01001
73.1,-2.1,6,NC,01001
68.7,-3.6,6,NC,01001
61.0,-3.9,6,NC,01001
66.8,4.2,6,ND,01001
71.3,7.7,6,ND,01001
70.0,7.6,6,ND,01001
67.2,4.5,6,ND,01001
70.0,7.9,6,ND,01001
66.1,3.8,6,ND,01001
67.4,6.4,6,ND,01001
68.6,5.1,6,ND,01001
71.7,6.8,6,ND,01001
69.1,8.0,6,ND,01001
70.5,6.2,6,ND,01001
68.0,7.0,6,ND,01001
68.0,5.4,6,ND,01001
70.2,7.2,6,ND,01001
69.3,5.0,6,ND,01001
70.1,7.0,6,ND,01001
66.8,4.1,6,ND,01001
71.3,7.3,6,ND,01001
68.1,4.5,6,ND,01001
70.2,7.2,6,ND,01001
67.0,4.5,6,ND,01001
68.8,5.8,6,ND,01001
70.8,6.7,6,ND,01001
69.2,6.0,6,ND,01001
70.2,7.0,6,ND,01001
69.3,5.9,6,ND,01001
67.8,5.2,6,ND,01001
69.3,6.3,6,ND,01001
69.1,5.9,6,ND,01001
68.7,5.2,6,ND,01001
67.8,6.1,6,ND,01001
70.1,7.6,6,ND,01001
68.7,5.1,6,ND,01001
70.8,7.8,6,ND,01001
69.9,7.9,6,ND,01001
69.9,7.5,6,ND,01001
71.8,7.0,6,ND,01001
68.8,6.4,6,ND,01001
72.2,6.8,6,ND,01001
68.7,8.3,6,ND,01001
71.4,6.3,6,ND,01001
68.8,5.9,6,ND,01001
68.6,4.3,6,ND,01001
66.5,3.9,6,ND,01001
67.4,4.8,6,ND,01001
69.9,6.3,6,ND,01001
70.4,7.2,6,ND,01001
69.3,8.2,6,ND,01001
70.8,6.0,6,ND,01001
70.9,8.1,6,ND,01001
68.7,6.2,6,ND,01001
69.4,6.7,6,ND,01001
68.2,6.4,6,ND,01001
68.1,-2.3,6,OH,01001
68.3,-1.3,6,OH,01001
65.0,-2.3,6,OH,01001
64.4,-1.2,6,OH,01001
66.1,-3.3,6,OH,01001
67.7,-1.8,6,OH,01001
65.1,-3.3,6,OH,01001
68.3,-1.9,6,OH,01001
69.0,-2.0,6,OH,01001
64.8,-2.5,6,OH,01001
66.8,-2.4,6,OH,01001
67.8,-1.8,6,OH,01001
69.2,-1.8,6,OH,01001
69.0,-0.7,6,OH,01001
64.0,-2.8,6,OH,01001
65.8,-2.5,6,OH,01001
66.7,-1.3,6,OH,01001
66.0,-1.6,6,OH,01001
67.4,-2.0,6,OH,01001
68.4,-0.7,6,OH,01001
67.3,-2.5,6,OH,01001
66.6,-2.4,6,OH,01001
66.4,-3.3,6,OH,01001
68.2,-1.3,6,OH,01001
68.2,-2.3,6,OH,01001
68.8,0.2,6,OH,01001
66.3,-4.2,6,OH,01001
64.2,-1.4,6,OH,01001
68.8,-1.2,6,OH,01001
66.3,-2.3,6,OH,01001
69.8,-1.7,6,OH,01001
68.5,-0.9,6,OH,01001
67.7,-1.3,6,OH,01001
65.0,-2.9,6,OH,01001
69.0,-0.2,6,OH,01001
68.5,-1.2,6,OH,01001
65.8,-3.5,6,OH,01001
64.9,-2.7,6,OH,01001
66.0,-2.2,6,OH,01001
66.3,-3.6,6,OH,01001
64.6,-3.6,6,OH,01001
65.0,-2.9,6,OH,01001
65.1,-1.3,6,OH,01001
67.8,-2.7,6,OH,01001
65.8,-3.1,6,OH,01001
66.5,-2.3,6,OH,01001
65.7,-2.7,6,OH,01001
69.6,0.4,6,OH,01001
68.0,-1.6,6,OH,01001
64.5,-1.7,6,OH,01001
67.6,-1.6,6,OH,01001
65.3,-2.3,6,OH,01001
65.9,-4.2,6,OH,01001
67.5,-1.9,6,OH,01001
68.4,-1.6,6,OH,01001
65.4,-3.4,6,OH,01001
69.3,-1.2,6,OH,01001
66.1,-3.2,6,OH,01001
66.0,-2.1,6,OH,01001
66.5,-2.3,6,OH,01001
66.1,-2.9,6,OH,01001
68.2,-1.2,6,OH,01001
68.8,-0.5,6,OH,01001
65.6,-3.3,6,OH,01001
68.0,-2.6,6,OH,01001
67.7,-2.4,6,OH,01001
64.6,-1.6,6,OH,01001
67.5,-2.1,6,OH,01001
68.7,-0.8,6,OH,01001
65.4,-1.7,6,OH,01001
67.7,-2.5,6,OH,01001
67.8,-1.6,6,OH,01001
67.9,-2.5,6,OH,01001
67.4,-1.6,6,OH,01001
67.2,-2.2,6,OH,01001
65.2,-1.9,6,OH,01001
65.5,-1.9,6,OH,01001
64.7,-1.3,6,OH,01001
65.9,-2.1,6,OH,01001
67.3,-2.3,6,OH,01001
68.7,-0.8,6,OH,01001
65.8,-3.7,6,OH,01001
69.6,-1.1,6,OH,01001
67.0,-2.8,6,OH,01001
64.9,-2.6,6,OH,01001
67.6,-0.6,6,OH,01001
69.1,-0.4,6,OH,01001
68.0,-1.1,6,OH,01001
76.3,1.6,6,OK,01001
76.1,-0.8,6,OK,01001
78.9,1.0,6,OK,01001
72.2,-3.0,6,OK,01001
76.0,-1.2,6,OK,01001
77.1,0.0,6,OK,01001
79.9,1.3,6,OK,01001
77.2,-0.3,6,OK,01001
76.8,-0.2,6,OK,01001
78.7,-0.1,6,OK,01001
77.0,1.1,6,OK,01001
79.4,1.5,6,OK,01001
69.1,-3.3,6,OK,01001
77.0,-0.4,6,OK,01001
78.9,0.9,6,OK,01001
78.8,0.5,6,OK,01001
80.5,1.1,6,OK,01001
76.7,0.6,6,OK,01001
76.7,-0.2,6,OK,01001
76.1,-0.9,6,OK,01001
76.2,1.0,6,OK,01001
75.6,-0.7,6,OK,01001
73.6,-1.8,6,OK,01001
76.4,-0.5,6,OK,01001
78.3,0.0,6,OK,01001
77.4,0.0,6,OK,01001
76.5,-0.4,6,OK,01001
77.4,-1.0,6,OK,01001
78.2,-0.6,6,OK,01001
73.4,-2.6,6,OK,01001
78.7,1.4,6,OK,01001
78.0,0.7,6,OK,01001
79.4,-0.0,6,OK,01001
80.0,0.5,6,OK,01001
79.0,0.8,6,OK,01001
76.4,-0.3,6,OK,01001
77.1,-0.7,6,OK,01001
77.9,-0.3,6,OK,01001
77.9,1.2,6,OK,01001
77.8,1.7,6,OK,01001
76.5,-1.0,6,OK,01001
76.5,-1.0,6,OK,01001
79.4,0.1,6,OK,01001
77.3,-0.2,6,OK,01001
77.6,1.3,6,OK,01001
77.9,0.3,6,OK,01001
76.3,-0.9,6,OK,01001
79.4,0.5,6,OK,01001
77.1,0.4,6,OK,01001
78.5,0.4,6,OK,01001
78.0,0.5,6,OK,01001
76.8,-0.1,6,OK,01001
76.8,0.5,6,OK,01001
77.2,-0.1,6,OK,01001
76.5,-0.9,6,OK,01001
77.4,-0.1,6,OK,01001
76.2,0.1,6,OK,01001
76.7,1.2,6,OK,01001
76.6,-0.2,6,OK,01001
76.9,-0.1,6,OK,01001
78.0,0.5,6,OK,01001
78.4,0.8,6,OK,01001
77.1,-0.5,6,OK,01001
78.0,1.4,6,OK,01001
75.0,-1.4,6,OK,01001
77.3,0.5,6,OK,01001
77.6,0.1,6,OK,01001
78.5,1.7,6,OK,01001
78.5,0.2,6,OK,01001
71.2,-3.3,6,OK,01001
80.5,0.9,6,OK,01001
77.3,0.2,6,OK,01001
77.7,0.2,6,OK,01001
76.8,0.5,6,OK,01001
76.2,-1.3,6,OK,01001
74.9,-1.5,6,OK,01001
74.2,-1.8,6,OK,01001
59.0,1.6,6,OR,01001
62.5,2.9,6,OR,01001
59.0,2.8,6,OR,01001
57.4,2.0,6,OR,01001
60.2,2.3,6,OR,01001
58.4,1.3,6,OR,01001
58.8,2.9,6,OR,01001
60.1,2.3,6,OR,01001
56.7,2.8,6,OR,01001
60.8,3.1,6,OR,01001
65.3,3.6,6,OR,01001
56.8,2.1,6,OR,01001
58.0,0.6,6,OR,01001
58.0,3.8,6,OR,01001
61.4,2.8,6,OR,01001
60.8,3.4,6,OR,01001
61.7,3.4,6,OR,01001
56.3,2.4,6,OR,01001
56.9,1.6,6,OR,01001
59.6,2.8,6,OR,01001
59.2,2.3,6,OR,01001
59.5,2.6,6,OR,01001
60.6,-0.4,6,OR,01001
60.5,3.0,6,OR,01001
64.2,3.3,6,OR,01001
62.0,2.5,6,OR,01001
62.3,3.3,6,OR,01001
65.6,4.4,6,OR,01001
57.7,2.6,6,OR,01001
62.6,2.9,6,OR,01001
57.2,2.4,6,OR,01001
56.6,2.2,6,OR,01001
62.6,3.8,6,OR,01001
60.9,2.3,6,OR,01001
60.0,2.8,6,OR,01001
61.7,2.5,6,OR,01001
67.4,-1.4,6,PA,01001
66.2,-2.2,6,PA,01001
64.6,-2.1,6,PA,01001
64.8,-3.1,6,PA,01001
64.5,-2.8,6,PA,01001
67.1,-1.4,6,PA,01001
64.0,-2.3,6,PA,01001
63.8,-0.2,6,PA,01001
67.4,-1.0,6,PA,01001
64.1,-2.5,6,PA,01001
62.2,-2.4,6,PA,01001
62.9,-1.8,6,PA,01001
63.2,-1.4,6,PA,01001
63.9,-2.1,6,PA,01001
67.3,-1.8,6,PA,01001
64.1,-1.0,6,PA,01001
62.9,-1.9,6,PA,01001
63.9,-1.9,6,PA,01001
64.8,-1.4,6,PA,01001
63.2,-1.3,6,PA,01001
67.6,-1.4,6,PA,01001
67.1,-1.2,6,PA,01001
69.0,-1.5,6,PA,01001
62.6,-0.9,6,PA,01001
63.3,-1.4,6,PA,01001
63.6,-3.4,6,PA,01001
62.9,-1.0,6,PA,01001
66.7,-1.9,6,PA,01001
65.6,-2.6,6,PA,01001
65.0,-3.1,6,PA,01001
65.6,-2.1,6,PA,01001
63.6,-2.4,6,PA,01001
63.6,-0.7,6,PA,01001
66.4,-2.1,6,PA,01001
63.4,-0.3,6,PA,01001
67.8,-1.3,6,PA,01001
64.3,-2.7,6,PA,01001
66.9,-1.3,6,PA,01001
66.6,-1.2,6,PA,01001
63.7,-0.9,6,PA,01001
64.3,-1.0,6,PA,01001
62.1,-0.4,6,PA,01001
63.8,-1.5,6,PA,01001
65.7,-2.1,6,PA,01001
62.3,-1.5,6,PA,01001
68.4,-1.0,6,PA,01001
66.0,-1.1,6,PA,01001
65.9,-0.9,6,PA,01001
65.8,-1.4,6,PA,01001
66.7,-1.8,6,PA,01001
69.6,-1.0,6,PA,01001
62.4,-1.3,6,PA,01001
61.8,-1.4,6,PA,01001
64.5,-1.6,6,PA,01001
66.0,-1.7,6,PA,01001
61.4,-2.9,6,PA,01001
61.9,-0.6,6,PA,01001
63.9,0.2,6,PA,01001
62.6,-0.8,6,PA,01001
65.5,-1.5,6,PA,01001
63.6,-1.2,6,PA,01001
62.4,-1.2,6,PA,01001
65.1,-2.9,6,PA,01001
62.8,-0.5,6,PA,01001
64.9,-2.6,6,PA,01001
64.3,-0.0,6,PA,01001
67.8,-1.0,6,PA,01001
64.7,-0.8,6,RI,01001
64.4,-0.2,6,RI,01001
64.1,-0.6,6,RI,01001
64.7,-0.3,6,RI,01001
64.5,0.2,6,RI,01001
73.1,-3.8,6,SC,01001
75.1,-2.5,6,SC,01001
75.2,-2.6,6,SC,01001
72.3,-3.5,6,SC,01001
74.5,-3.2,6,SC,01001
74.8,-3.0,6,SC,01001
77.9,-0.8,6,SC,01001
75.5,-2.3,6,SC,01001
75.3,-2.6,6,SC,01001
76.3,-1.7,6,SC,01001
71.2,-3.8,6,SC,01001
72.4,-3.8,6,SC,01001
73.4,-2.9,6,SC,01001
74.9,-2.8,6,SC,01001
76.2,-1.5,6,SC,01001
74.8,-2.4,6,SC,01001
75.2,-1.8,6,SC,01001
76.0,-1.8,6,SC,01001
74.8,-2.8,6,SC,01001
73.4,-3.6,6,SC,01001
75.1,-2.5,6,SC,01001
74.1,-3.3,6,SC,01001
70.8,-3.6,6,SC,01001
73.4,-3.9,6,SC,01001
76.2,-1.7,6,SC,01001
74.6,-2.3,6,SC,01001
77.3,-1.0,6,SC,01001
74.0,-2.7,6,SC,01001
72.4,-3.2,6,SC,01001
72.6,-4.0,6,SC,01001
75.0,-2.1,6,SC,01001
74.7,-2.7,6,SC,01001
74.1,-3.4,6,SC,01001
75.1,-2.3,6,SC,01001
74.8,-2.2,6,SC,01001
73.5,-3.7,6,SC,01001
70.6,-3.8,6,SC,01001
75.1,-2.7,6,SC,01001
70.7,-3.4,6,SC,01001
74.9,-2.8,6,SC,01001
74.1,-3.2,6,SC,01001
71.8,-3.4,6,SC,01001
75.5,-2.0,6,SC,01001
72.6,-3.6,6,SC,01001
74.5,-3.2,6,SC,01001
71.8,-3.6,6,SC,01001
72.1,4.4,6,SD,01001
72.2,5.0,6,SD,01001
67.4,2.1,6,SD,01001
72.7,3.6,6,SD,01001
70.4,4.8,6,SD,01001
72.4,7.0,6,SD,01001
72.1,4.4,6,SD,01001
71.5,4.4,6,SD,01001
66.3,2.4,6,SD,01001
70.3,5.2,6,SD,01001
72.4,3.4,6,SD,01001
71.2,5.9,6,SD,01001
72.6,3.5,6,SD,01001
70.8,6.6,6,SD,01001
69.2,4.2,6,SD,01001
62.9,0.4,6,SD,01001
72.8,4.4,6,SD,01001
70.9,6.6,6,SD,01001
70.7,6.0,6,SD,01001
70.6,4.6,6,SD,01001
72.3,3.8,6,SD,01001
71.3,6.1,6,SD,01001
66.1,0.9,6,SD,01001
71.7,6.0,6,SD,01001
71.7,6.5,6,SD,01001
71.3,3.4,6,SD,01001
69.0,2.4,6,SD,01001
70.8,6.0,6,SD,01001
71.4,5.0,6,SD,01001
73.3,5.0,6,SD,01001
66.7,4.1,6,SD,01001
71.6,4.5,6,SD,01001
72.9,4.4,6,SD,01001
70.8,5.1,6,SD,01001
69.0,2.1,6,SD,01001
71.5,4.5,6,SD,01001
70.7,3.3,6,SD,01001
70.7,4.7,6,SD,01001
71.1,4.6,6,SD,01001
60.1,1.0,6,SD,01001
72.5,4.5,6,SD,01001
71.6,3.9,6,SD,01001
72.8,5.2,6,SD,01001
70.3,6.1,6,SD,01001
70.5,6.1,6,SD,01001
67.1,2.4,6,SD,01001
70.3,2.9,6,SD,01001
72.0,4.7,6,SD,01001
72.4,5.3,6,SD,01001
71.0,4.6,6,SD,01001
67.1,1.5,6,SD,01001
64.9,1.3,6,SD,01001
67.8,4.2,6,SD,01001
70.4,5.2,6,SD,01001
71.6,6.4,6,SD,01001
72.6,4.6,6,SD,01001
72.8,6.3,6,SD,01001
70.9,3.7,6,SD,01001
71.1,4.8,6,SD,01001
68.8,2.4,6,SD,01001
70.7,3.1,6,SD,01001
72.7,4.5,6,SD,01001
72.6,3.5,6,SD,01001
70.6,5.5,6,SD,01001
72.5,3.8,6,SD,01001
69.7,4.2,6,SD,01001
69.3,-3.3,6,TN,01001
72.8,-1.5,6,TN,01001
74.0,-1.0,6,TN,01001
69.2,-2.5,6,TN,01001
69.9,-3.1,6,TN,01001
71.9,-2.9,6,TN,01001
67.0,-3.8,6,TN,01001
71.2,-2.2,6,TN,01001
74.5,-0.7,6,TN,01001
64.6,-3.2,6,TN,01001
73.1,-1.4,6,TN,01001
75.2,-0.3,6,TN,01001
67.9,-3.4,6,TN,01001
70.7,-2.8,6,TN,01001
69.0,-3.3,6,TN,01001
71.2,-1.9,6,TN,01001
76.2,0.1,6,TN,01001
66.9,-3.2,6,TN,01001
73.7,-1.2,6,TN,01001
74.9,-0.4,6,TN,01001
70.9,-2.8,6,TN,01001
72.6,-1.2,6,TN,01001
76.8,0.3,6,TN,01001
76.4,-0.3,6,TN,01001
67.1,-3.2,6,TN,01001
71.7,-1.8,6,TN,01001
75.6,-0.2,6,TN,01001
72.0,-2.3,6,TN,01001
69.5,-3.1,6,TN,01001
68.4,-4.0,6,TN,01001
68.5,-2.5,6,TN,01001
69.8,-3.4,6,TN,01001
72.0,-2.4,6,TN,01001
68.0,-3.6,6,TN,01001
75.7,-0.3,6,TN,01001
75.2,-0.4,6,TN,01001
68.6,-3.8,6,TN,01001
76.5,0.1,6,TN,01001
74.7,-0.5,6,TN,01001
74.5,-0.6,6,TN,01001
72.9,-1.1,6,TN,01001
73.4,-0.9,6,TN,01001
73.3,-1.1,6,TN,01001
70.9,-3.0,6,TN,01001
70.8,-2.8,6,TN,01001
63.3,-3.0,6,TN,01001
71.0,-2.9,6,TN,01001
76.8,0.1,6,TN,01001
77.0,-0.1,6,TN,01001
72.3,-1.5,6,TN,01001
72.7,-0.9,6,TN,01001
72.8,-1.9,6,TN,01001
71.2,-3.0,6,TN,01001
71.4,-2.9,6,TN,01001
75.3,-0.4,6,TN,01001
71.2,-2.4,6,TN,01001
75.6,-0.1,6,TN,01001
70.9,-2.2,6,TN,01001
72.8,-1.5,6,TN,01001
73.1,-1.0,6,TN,01001
71.6,-2.6,6,TN,01001
69.6,-3.2,6,TN,01001
73.5,-0.9,6,TN,01001
72.4,-1.6,6,TN,01001
67.7,-3.3,6,TN,01001
75.7,-0.3,6,TN,01001
69.0,-3.1,6,TN,01001
74.3,-0.4,6,TN,01001
69.1,-2.9,6,TN,01001
70.0,-3.5,6,TN,01001
69.4,-3.1,6,TN,01001
70.3,-2.6,6,TN,01001
70.9,-2.8,6,TN,01001
72.3,-2.0,6,TN,01001
73.0,-1.6,6,TN,01001
66.9,-3.4,6,TN,01001
69.3,-2.5,6,TN,01001
67.6,-3.6,6,TN,01001
77.7,-0.3,6,TN,01001
71.6,-2.9,6,TN,01001
73.8,-0.8,6,TN,01001
67.9,-3.1,6,TN,01001
72.3,-1.9,6,TN,01001
77.0,-0.5,6,TN,01001
72.2,-2.3,6,TN,01001
63.8,-4.0,6,TN,01001
69.0,-3.4,6,TN,01001
68.7,-2.8,6,TN,01001
70.4,-2.5,6,TN,01001
67.8,-3.8,6,TN,01001
74.1,-0.3,6,TN,01001
75.3,-0.3,6,TN,01001
69.3,-3.2,6,TN,01001
73.2,-1.0,6,TN,01001
72.6,-2.0,6,TN,01001
81.4,1.6,6,TX,01001
83.1,4.6,6,TX,01001
82.9,3.2,6,TX,01001
84.8,3.1,6,TX,01001
82.1,1.8,6,TX,01001
75.2,-0.2,6,TX,01001
85.6,3.0,6,TX,01001
84.8,3.9,6,TX,01001
74.6,0.2,6,TX,01001
83.3,4.0,6,TX,01001
84.9,4.1,6,TX,01001
81.9,1.4,6,TX,01001
86.0,3.9,6,TX,01001
84.2,4.2,6,TX,01001
84.9,3.4,6,TX,01001
83.9,4.0,6,TX,01001
80.6,1.1,6,TX,01001
82.6,2.2,6,TX,01001
79.8,1.4,6,TX,01001
83.7,2.9,6,TX,01001
84.2,3.4,6,TX,01001
84.2,4.6,6,TX,01001
76.7,0.0,6,TX,01001
87.8,4.7,6,TX,01001
82.2,2.6,6,TX,01001
84.2,3.6,6,TX,01001
84.4,4.1,6,TX,01001
85.8,4.6,6,TX,01001
84.7,3.4,6,TX,01001
80.6,1.4,6,TX,01001
86.7,3.6,6,TX,01001
79.3,0.3,6,TX,01001
73.3,-1.1,6,TX,01001
79.7,0.6,6,TX,01001
74.5,0.5,6,TX,01001
83.1,2.7,6,TX,01001
80.9,1.3,6,TX,01001
78.7,-0.4,6,TX,01001
81.8,1.7,6,TX,01001
76.1,1.1,6,TX,01001
83.3,3.5,6,TX,01001
82.4,3.1,6,TX,01001
80.9,1.4,6,TX,01001
76.8,-0.6,6,TX,01001
85.7,4.8,6,TX,01001
84.1,3.5,6,TX,01001
82.8,3.3,6,TX,01001
84.2,4.9,6,TX,01001
80.2,0.7,6,TX,01001
83.4,3.4,6,TX,01001
79.2,-0.5,6,TX,01001
86.6,5.3,6,TX,01001
85.1,4.8,6,TX,01001
78.1,0.9,6,TX,01001
82.0,4.5,6,TX,01001
69.3,-2.9,6,TX,01001
82.4,1.6,6,TX,01001
79.8,1.2,6,TX,01001
73.8,0.7,6,TX,01001
79.5,0.6,6,TX,01001
82.2,1.8,6,TX,01001
86.2,4.6,6,TX,01001
79.0,0.2,6,TX,01001
88.6,4.7,6,TX,01001
75.8,-0.5,6,TX,01001
87.2,4.3,6,TX,01001
81.1,1.7,6,TX,01001
84.9,5.4,6,TX,01001
84.4,5.5,6,TX,01001
82.4,1.4,6,TX,01001
81.6,2.3,6,TX,01001
83.5,4.0,6,TX,01001
82.8,2.6,6,TX,01001
80.2,1.4,6,TX,01001
85.4,4.5,6,TX,01001
81.5,1.6,6,TX,01001
75.8,-0.2,6,TX,01001
80.4,-0.0,6,TX,01001
84.5,3.6,6,TX,01001
78.9,0.1,6,TX,01001
82.4,2.1,6,TX,01001
86.9,4.2,6,TX,01001
80.1,2.6,6,TX,01001
83.7,2.9,6,TX,01001
80.6,1.4,6,TX,01001
82.7,4.2,6,TX,01001
83.7,4.3,6,TX,01001
85.9,4.1,6,TX,01001
86.3,4.7,6,TX,01001
73.8,-1.0,6,TX,01001
79.9,0.6,6,TX,01001
80.2,0.3,6,TX,01001
84.0,3.2,6,TX,01001
85.4,3.9,6,TX,01001
75.6,0.2,6,TX,01001
78.3,-0.2,6,TX,01001
83.2,3.6,6,TX,01001
72.4,-2.6,6,TX,01001
79.7,-0.3,6,TX,01001
82.4,2.7,6,TX,01001
84.3,3.4,6,TX,01001
79.8,-0.1,6,TX,01001
71.1,-1.9,6,TX,01001
82.0,1.4,6,TX,01001
84.2,3.8,6,TX,01001
74.1,-1.4,6,TX,01001
81.1,1.3,6,TX,01001
88.0,3.9,6,TX,01001
82.5,1.6,6,TX,01001
76.9,1.0,6,TX,01001
83.2,2.6,6,TX,01001
79.1,0.3,6,TX,01001
82.2,2.0,6,TX,01001
82.0,2.2,6,TX,01001
80.4,3.2,6,TX,01001
80.1,1.0,6,TX,01001
74.4,-1.4,6,TX,01001
83.9,4.2,6,TX,01001
82.1,2.7,6,TX,01001
85.1,4.1,6,TX,01001
81.9,2.8,6,TX,01001
79.4,4.1,6,TX,01001
82.8,2.4,6,TX,01001
88.0,4.6,6,TX,01001
87.1,4.4,6,TX,01001
82.2,1.6,6,TX,01001
81.1,0.7,6,TX,01001
85.7,3.7,6,TX,01001
81.2,0.8,6,TX,01001
82.9,3.5,6,TX,01001
87.1,4.6,6,TX,01001
81.2,1.3,6,TX,01001
82.4,4.4,6,TX,01001
83.4,5.2,6,TX,01001
80.5,0.4,6,TX,01001
87.5,4.9,6,TX,01001
87.2,5.1,6,TX,01001
81.4,0.7,6,TX,01001
79.4,0.9,6,TX,01001
75.2,0.2,6,TX,01001
83.8,3.8,6,TX,01001
87.9,4.1,6,TX,01001
86.1,5.1,6,TX,01001
84.3,3.8,6,TX,01001
82.5,2.2,6,TX,01001
83.1,2.8,6,TX,01001
82.3,2.1,6,TX,01001
73.2,-1.8,6,TX,01001
86.1,3.5,6,TX,01001
85.1,4.6,6,TX,01001
85.4,4.9,6,TX,01001
77.7,1.4,6,TX,01001
78.7,1.2,6,TX,01001
83.8,4.5,6,TX,01001
82.3,1.9,6,TX,01001
86.4,3.3,6,TX,01001
83.3,2.6,6,TX,01001
79.6,-0.2,6,TX,01001
82.8,3.4,6,TX,01001
84.4,5.0,6,TX,01001
84.3,3.5,6,TX,01001
88.9,4.7,6,TX,01001
85.3,3.9,6,TX,01001
83.4,5.2,6,TX,01001
84.4,4.7,6,TX,01001
84.2,4.1,6,TX,01001
82.8,3.3,6,TX,01001
82.4,2.4,6,TX,01001
81.0,1.6,6,TX,01001
84.1,3.3,6,TX,01001
72.6,-1.9,6,TX,01001
79.3,0.4,6,TX,01001
77.8,-0.7,6,TX,01001
82.0,2.6,6,TX,01001
82.6,1.8,6,TX,01001
82.1,3.1,6,TX,01001
81.6,2.9,6,TX,01001
86.8,4.6,6,TX,01001
72.9,-2.0,6,TX,01001
73.3,-0.9,6,TX,01001
82.7,2.7,6,TX,01001
83.0,2.9,6,TX,01001
80.6,0.7,6,TX,01001
82.5,2.2,6,TX,01001
74.2,0.7,6,TX,01001
84.4,5.0,6,TX,01001
83.0,3.0,6,TX,01001
73.8,-0.9,6,TX,01001
82.8,3.9,6,TX,01001
79.7,0.6,6,TX,01001
74.3,0.4,6,TX,01001
84.2,4.6,6,TX,01001
83.6,4.9,6,TX,01001
78.8,0.7,6,TX,01001
85.5,5.1,6,TX,01001
85.1,3.4,6,TX,01001
74.2,-1.3,6,TX,01001
83.3,3.0,6,TX,01001
81.0,1.2,6,TX,01001
83.4,3.6,6,TX,01001
80.6,0.9,6,TX,01001
81.8,2.9,6,TX,01001
81.8,2.6,6,TX,01001
83.4,2.9,6,TX,01001
86.0,3.9,6,TX,01001
83.9,4.1,6,TX,01001
83.5,4.8,6,TX,01001
80.9,1.5,6,TX,01001
81.1,0.9,6,TX,01001
81.1,1.8,6,TX,01001
71.1,-3.0,6,TX,01001
80.1,0.8,6,TX,01001
83.2,2.6,6,TX,01001
88.6,4.1,6,TX,01001
81.1,1.1,6,TX,01001
83.2,3.7,6,TX,01001
81.5,1.0,6,TX,01001
84.2,5.4,6,TX,01001
74.9,0.1,6,TX,01001
82.8,1.7,6,TX,01001
81.0,1.7,6,TX,01001
86.4,4.7,6,TX,01001
78.3,1.3,6,TX,01001
81.9,1.6,6,TX,01001
79.2,0.5,6,TX,01001
84.2,4.2,6,TX,01001
84.6,3.7,6,TX,01001
83.0,2.7,6,TX,01001
82.2,2.9,6,TX,01001
79.5,0.2,6,TX,01001
85.2,4.8,6,TX,01001
86.0,4.2,6,TX,01001
87.0,4.7,6,TX,01001
80.2,0.8,6,TX,01001
85.4,4.0,6,TX,01001
83.6,2.7,6,TX,01001
84.5,3.6,6,TX,01001
87.1,5.8,6,TX,01001
84.0,3.2,6,TX,01001
88.7,4.6,6,TX,01001
85.2,4.2,6,TX,01001
75.0,-0.9,6,TX,01001
81.7,1.5,6,TX,01001
81.2,0.9,6,TX,01001
86.8,3.8,6,TX,01001
84.6,4.3,6,TX,01001
85.3,3.3,6,TX,01001
85.8,5.7,6,TX,01001
82.2,2.2,6,TX,01001
79.5,0.6,6,TX,01001
78.1,2.2,6,TX,01001
82.0,2.2,6,TX,01001
89.4,4.6,6,TX,01001
87.8,4.2,6,TX,01001
61.5,-2.2,6,UT,01001
62.0,-1.1,6,UT,01001
57.0,-0.4,6,UT,01001
58.9,-1.5,6,UT,01001
55.3,-1.2,6,UT,01001
63.8,0.2,6,UT,01001
55.4,-0.8,6,UT,01001
66.1,-1.1,6,UT,01001
62.0,-1.6,6,UT,01001
67.4,-0.3,6,UT,01001
60.9,-2.2,6,UT,01001
63.8,-1.7,6,UT,01001
65.4,-2.1,6,UT,01001
64.8,-1.5,6,UT,01001
57.0,-0.1,6,UT,01001
55.7,-1.6,6,UT,01001
54.6,-0.1,6,UT,01001
63.3,0.0,6,UT,01001
68.2,-1.1,6,UT,01001
57.0,-1.2,6,UT,01001
57.4,-1.6,6,UT,01001
51.0,-0.8,6,UT,01001
65.0,-1.7,6,UT,01001
62.5,-0.2,6,UT,01001
60.2,-1.0,6,UT,01001
53.5,-1.0,6,UT,01001
68.2,-2.0,6,UT,01001
66.5,-0.6,6,UT,01001
60.1,0.1,6,UT,01001
62.6,0.1,6,VT,01001
60.8,0.8,6,VT,01001
61.0,0.6,6,VT,01001
63.9,1.1,6,VT,01001
59.8,0.4,6,VT,01001
63.4,0.9,6,VT,01001
65.4,0.5,6,VT,01001
61.1,0.9,6,VT,01001
61.3,0.3,6,VT,01001
60.9,0.7,6,VT,01001
61.3,0.1,6,VT,01001
61.0,0.5,6,VT,01001
62.4,1.0,6,VT,01001
62.2,1.0,6,VT,01001
70.6,-1.2,6,VA,01001
69.5,-1.4,6,VA,01001
63.9,-4.6,6,VA,01001
69.5,-3.4,6,VA,01001
66.7,-3.7,6,VA,01001
68.3,-3.2,6,VA,01001
70.7,-1.1,6,VA,01001
65.0,-3.0,6,VA,01001
63.3,-4.0,6,VA,01001
67.2,-4.1,6,VA,01001
62.2,-4.0,6,VA,01001
66.2,-4.3,6,VA,01001
70.9,-2.5,6,VA,01001
65.9,-3.4,6,VA,01001
69.2,-2.8,6,VA,01001
67.4,-4.1,6,VA,01001
70.3,-2.1,6,VA,01001
63.3,-3.7,6,VA,01001
71.9,-2.6,6,VA,01001
68.5,-3.7,6,VA,01001
70.5,-3.2,6,VA,01001
66.7,-3.1,6,VA,01001
64.3,-3.8,6,VA,01001
68.8,-2.3,6,VA,01001
69.2,-3.4,6,VA,01001
65.5,-3.6,6,VA,01001
70.6,-3.0,6,VA,01001
70.7,-2.5,6,VA,01001
70.4,-1.1,6,VA,01001
68.3,-2.1,6,VA,01001
62.8,-3.5,6,VA,01001
69.4,-2.7,6,VA,01001
67.2,-3.8,6,VA,01001
65.4,-3.6,6,VA,01001
63.7,-3.6,6,VA,01001
71.8,-2.0,6,VA,01001
69.3,-3.3,6,VA,01001
61.4,-3.4,6,VA,01001
67.8,-1.6,6,VA,01001
71.7,-2.3,6,VA,01001
68.9,-3.8,6,VA,01001
70.1,-2.9,6,VA,01001
70.8,-3.0,6,VA,01001
68.2,-4.0,6,VA,01001
60.8,-3.7,6,VA,01001
72.3,-1.9,6,VA,01001
72.2,-2.0,6,VA,01001
70.8,-2.7,6,VA,01001
71.2,-1.3,6,VA,01001
70.8,-2.8,6,VA,01001
71.0,-2.2,6,VA,01001
67.2,-3.3,6,VA,01001
68.7,-1.8,6,VA,01001
68.6,-3.1,6,VA,01001
69.5,-3.2,6,VA,01001
67.2,-2.2,6,VA,01001
71.6,-2.0,6,VA,01001
70.5,-2.7,6,VA,01001
71.2,-2.4,6,VA,01001
65.0,-3.2,6,VA,01001
67.5,-2.5,6,VA,01001
71.2,-2.7,6,VA,01001
71.1,-1.8,6,VA,01001
71.2,-1.6,6,VA,01001
69.5,-3.3,6,VA,01001
68.9,-2.4,6,VA,01001
65.5,-2.5,6,VA,01001
66.3,-3.7,6,VA,01001
67.4,-5.1,6,VA,01001
69.6,-3.3,6,VA,01001
68.8,-3.4,6,VA,01001
71.8,-2.6,6,VA,01001
70.5,-1.0,6,VA,01001
64.3,-3.5,6,VA,01001
66.3,-2.8,6,VA,01001
70.7,-2.4,6,VA,01001
66.8,-3.3,6,VA,01001
65.3,-4.3,6,VA,01001
65.2,-2.6,6,VA,01001
64.6,-3.7,6,VA,01001
67.1,-3.4,6,VA,01001
65.5,-3.1,6,VA,01001
62.9,-3.5,6,VA,01001
72.2,-1.8,6,VA,01001
69.4,-1.9,6,VA,01001
70.7,-0.8,6,VA,01001
72.2,-2.0,6,VA,01001
71.9,-2.1,6,VA,01001
62.4,-3.7,6,VA,01001
65.7,-3.3,6,VA,01001
65.4,-3.5,6,VA,01001
71.1,-1.8,6,VA,01001
64.4,-3.7,6,VA,01001
63.0,-3.8,6,VA,01001
72.3,-1.9,6,VA,01001
71.4,-1.0,6,VA,01001
67.3,-3.2,6,VA,01001
66.6,-4.4,6,VA,01001
70.2,-1.4,6,VA,01001
72.2,-1.5,6,VA,01001
71.3,-3.1,6,VA,01001
65.6,-4.7,6,VA,01001
69.1,-4.5,6,VA,01001
71.9,-2.3,6,VA,01001
69.9,-1.2,6,VA,01001
70.0,-1.2,6,VA,01001
72.2,-1.8,6,VA,01001
70.3,-1.1,6,VA,01001
63.2,-3.6,6,VA,01001
72.4,-2.0,6,VA,01001
66.5,-2.5,6,VA,01001
71.5,-3.2,6,VA,01001
67.7,-3.7,6,VA,01001
70.5,-1.0,6,VA,01001
70.5,-1.0,6,VA,01001
68.3,-4.0,6,VA,01001
72.5,-1.9,6,VA,01001
72.6,-1.6,6,VA,01001
64.3,-3.7,6,VA,01001
71.3,-3.0,6,VA,01001
72.3,-2.0,6,VA,01001
72.8,-1.7,6,VA,01001
65.1,-3.4,6,VA,01001
70.7,-3.0,6,VA,01001
68.6,-3.3,6,VA,01001
68.5,-3.2,6,VA,01001
66.5,-2.7,6,VA,01001
72.2,-1.9,6,VA,01001
72.3,-1.1,6,VA,01001
67.3,-2.0,6,VA,01001
72.2,-1.7,6,VA,01001
65.8,-3.7,6,VA,01001
65.5,2.8,6,WA,01001
64.3,5.0,6,WA,01001
69.2,3.1,6,WA,01001
57.9,3.6,6,WA,01001
55.7,2.1,6,WA,01001
61.8,2.0,6,WA,01001
62.4,3.5,6,WA,01001
59.0,2.1,6,WA,01001
65.8,3.7,6,WA,01001
59.6,3.4,6,WA,01001
68.1,3.0,6,WA,01001
63.6,4.4,6,WA,01001
68.4,3.2,6,WA,01001
58.0,1.4,6,WA,01001
59.4,1.6,6,WA,01001
54.6,2.4,6,WA,01001
57.8,2.2,6,WA,01001
61.3,2.2,6,WA,01001
60.3,3.6,6,WA,01001
63.4,3.7,6,WA,01001
57.7,2.3,6,WA,01001
62.9,2.2,6,WA,01001
59.0,2.2,6,WA,01001
58.8,3.2,6,WA,01001
57.3,1.4,6,WA,01001
59.9,4.8,6,WA,01001
56.9,2.3,6,WA,01001
59.4,1.7,6,WA,01001
56.1,2.0,6,WA,01001
56.6,3.1,6,WA,01001
56.4,2.1,6,WA,01001
63.7,4.1,6,WA,01001
62.5,4.0,6,WA,01001
60.5,1.6,6,WA,01001
57.5,1.7,6,WA,01001
67.6,2.6,6,WA,01001
55.4,2.5,6,WA,01001
64.9,4.1,6,WA,01001
61.5,3.6,6,WA,01001
64.8,-2.5,6,WV,01001
66.1,-3.5,6,WV,01001
67.0,-3.4,6,WV,01001
66.3,-3.3,6,WV,01001
65.1,-3.4,6,WV,01001
68.4,-2.8,6,WV,01001
66.2,-3.6,6,WV,01001
66.5,-3.3,6,WV,01001
66.8,-2.4,6,WV,01001
64.3,-3.4,6,WV,01001
66.8,-3.0,6,WV,01001
63.2,-3.4,6,WV,01001
61.3,-4.0,6,WV,01001
64.8,-3.9,6,WV,01001
64.5,-3.8,6,WV,01001
63.9,-3.6,6,WV,01001
66.5,-2.4,6,WV,01001
67.1,-3.4,6,WV,01001
67.0,-3.1,6,WV,01001
67.6,-3.2,6,WV,01001
66.5,-2.6,6,WV,01001
68.6,-2.9,6,WV,01001
67.7,-3.3,6,WV,01001
65.2,-3.8,6,WV,01001
65.7,-3.1,6,WV,01001
65.2,-3.2,6,WV,01001
66.8,-4.0,6,WV,01001
62.9,-4.2,6,WV,01001
65.3,-3.8,6,WV,01001
68.3,-3.3,6,WV,01001
65.2,-3.0,6,WV,01001
63.6,-4.0,6,WV,01001
65.4,-3.8,6,WV,01001
63.5,-3.3,6,WV,01001
65.3,-2.9,6,WV,01001
62.0,-3.2,6,WV,01001
66.8,-2.7,6,WV,01001
59.2,-3.5,6,WV,01001
63.1,-2.6,6,WV,01001
68.1,-2.9,6,WV,01001
63.6,-3.6,6,WV,01001
60.4,-2.8,6,WV,01001
66.8,-2.7,6,WV,01001
66.4,-3.6,6,WV,01001
64.4,-3.6,6,WV,01001
65.6,-2.9,6,WV,01001
60.6,-2.8,6,WV,01001
66.4,-3.0,6,WV,01001
64.4,-2.6,6,WV,01001
68.6,-2.6,6,WV,01001
61.8,-3.9,6,WV,01001
65.5,-3.3,6,WV,01001
66.6,-3.3,6,WV,01001
67.3,-2.9,6,WV,01001
65.1,-3.8,6,WV,01001
68.1,2.7,6,WI,01001
62.6,1.7,6,WI,01001
68.5,4.6,6,WI,01001
62.5,1.8,6,WI,01001
65.3,2.0,6,WI,01001
70.0,3.5,6,WI,01001
68.0,4.4,6,WI,01001
66.1,1.6,6,WI,01001
68.1,3.6,6,WI,01001
67.4,3.5,6,WI,01001
68.3,2.2,6,WI,01001
69.0,1.5,6,WI,01001
68.7,2.1,6,WI,01001
67.6,1.7,6,WI,01001
62.9,1.5,6,WI,01001
64.0,3.1,6,WI,01001
69.6,4.1,6,WI,01001
69.4,4.2,6,WI,01001
62.8,2.6,6,WI,01001
67.0,1.7,6,WI,01001
62.2,1.8,6,WI,01001
69.2,1.5,6,WI,01001
68.3,1.0,6,WI,01001
68.3,2.4,6,WI,01001
68.2,1.6,6,WI,01001
62.1,1.7,6,WI,01001
68.8,3.7,6,WI,01001
67.8,0.9,6,WI,01001
68.2,2.8,6,WI,01001
67.1,0.3,6,WI,01001
63.7,1.5,6,WI,01001
69.5,2.8,6,WI,01001
67.9,0.9,6,WI,01001
64.0,2.7,6,WI,01001
65.0,2.9,6,WI,01001
64.5,1.5,6,WI,01001
66.7,3.4,6,WI,01001
64.2,1.8,6,WI,01001
68.6,2.5,6,WI,01001
65.3,2.5,6,WI,01001
66.4,0.7,6,WI,01001
68.0,2.7,6,WI,01001
64.4,1.4,6,WI,01001
62.7,1.6,6,WI,01001
67.0,2.3,6,WI,01001
65.5,1.0,6,WI,01001
70.3,3.7,6,WI,01001
70.4,4.2,6,WI,01001
69.2,4.6,6,WI,01001
67.6,3.0,6,WI,01001
64.1,2.7,6,WI,01001
66.6,-0.0,6,WI,01001
68.5,1.9,6,WI,01001
68.5,0.7,6,WI,01001
66.2,2.9,6,WI,01001
70.0,4.3,6,WI,01001
68.1,1.9,6,WI,01001
65.1,3.4,6,WI,01001
66.5,2.9,6,WI,01001
65.6,1.6,6,WI,01001
65.8,3.2,6,WI,01001
69.8,3.7,6,WI,01001
68.2,1.9,6,WI,01001
61.6,1.3,6,WI,01001
66.1,-1.0,6,WI,01001
66.9,4.1,6,WI,01001
66.0,0.9,6,WI,01001
66.8,0.7,6,WI,01001
67.8,2.9,6,WI,01001
68.2,2.9,6,WI,01001
67.6,1.9,6,WI,01001
67.8,3.2,6,WI,01001
55.0,-0.6,6,WY,01001
59.9,0.4,6,WY,01001
62.1,0.8,6,WY,01001
56.4,-0.8,6,WY,01001
60.3,-0.6,6,WY,01001
62.4,1.3,6,WY,01001
55.2,-1.5,6,WY,01001
63.8,0.5,6,WY,01001
57.8,-1.6,6,WY,01001
59.1,-0.1,6,WY,01001
60.5,0.1,6,WY,01001
52.9,0.0,6,WY,01001
58.9,-1.1,6,WY,01001
64.4,1.2,6,WY,01001
52.2,-0.5,6,WY,01001
62.1,-0.1,6,WY,01001
58.4,-0.2,6,WY,01001
50.1,-0.9,6,WY,01001
57.5,-0.8,6,WY,01001
49.0,-0.3,6,WY,01001
53.8,-1.1,6,WY,01001
61.1,-0.7,6,WY,01001
63.9,1.6,6,WY,01001
82.1,1.4,7,AL,01001
84.1,3.0,7,AL,01001
81.4,1.0,7,AL,01001
80.5,0.4,7,AL,01001
79.4,0.6,7,AL,01001
81.2,1.1,7,AL,01001
82.3,2.0,7,AL,01001
79.9,1.1,7,AL,01001
79.5,1.1,7,AL,01001
79.1,0.2,7,AL,01001
80.4,0.7,7,AL,01001
83.0,2.2,7,AL,01001
82.3,1.6,7,AL,01001
79.1,1.5,7,AL,01001
78.8,1.3,7,AL,01001
82.1,1.6,7,AL,01001
79.5,0.5,7,AL,01001
82.4,1.5,7,AL,01001
80.2,1.1,7,AL,01001
82.5,1.7,7,AL,01001
81.8,1.8,7,AL,01001
79.2,0.6,7,AL,01001
82.1,1.4,7,AL,01001
83.1,2.3,7,AL,01001
76.6,-0.7,7,AL,01001
81.4,1.1,7,AL,01001
82.5,1.4,7,AL,01001
79.5,0.5,7,AL,01001
80.0,-0.2,7,AL,01001
79.2,0.5,7,AL,01001
82.5,1.6,7,AL,01001
81.6,0.3,7,AL,01001
81.7,0.9,7,AL,01001
82.0,1.2,7,AL,01001
82.8,1.5,7,AL,01001
77.8,-0.0,7,AL,01001
80.5,0.8,7,AL,01001
80.6,0.2,7,AL,01001
78.8,0.1,7,AL,01001
79.0,0.1,7,AL,01001
80.4,1.2,7,AL,01001
78.8,-0.0,7,AL,01001
82.9,2.0,7,AL,01001
81.4,1.1,7,AL,01001
79.0,0.3,7,AL,01001
82.8,1.9,7,AL,01001
79.5,0.2,7,AL,01001
78.9,0.3,7,AL,01001
84.2,3.2,7,AL,01001
82.4,1.7,7,AL,01001
81.9,1.1,7,AL,01001
79.3,0.4,7,AL,01001
81.9,1.5,7,AL,01001
81.3,0.3,7,AL,01001
81.7,1.5,7,AL,01001
79.3,1.5,7,AL,01001
81.2,0.9,7,AL,01001
80.1,1.1,7,AL,01001
80.5,1.0,7,AL,01001
82.3,1.2,7,AL,01001
80.6,1.5,7,AL,01001
80.0,1.2,7,AL,01001
80.5,-0.3,7,AL,01001
80.0,0.2,7,AL,01001
82.8,1.9,7,AL,01001
82.9,2.1,7,AL,01001
78.9,0.3,7,AL,01001
75.7,4.7,7,AZ,01001
83.8,5.7,7,AZ,01001
78.6,5.4,7,AZ,01001
84.6,6.5,7,AZ,01001
86.0,6.9,7,AZ,01001
80.7,6.5,7,AZ,01001
97.3,5.9,7,AZ,01001
96.0,6.6,7,AZ,01001
88.0,5.2,7,AZ,01001
78.1,5.0,7,AZ,01001
91.1,6.0,7,AZ,01001
93.7,6.3,7,AZ,01001
81.7,5.1,7,AZ,01001
83.9,5.8,7,AZ,01001
96.7,6.1,7,AZ,01001
82.5,0.9,7,AR,01001
83.1,1.8,7,AR,01001
79.0,0.9,7,AR,01001
79.8,1.7,7,AR,01001
78.4,0.8,7,AR,01001
82.2,0.9,7,AR,01001
81.6,0.1,7,AR,01001
78.8,1.2,7,AR,01001
83.4,1.6,7,AR,01001
81.5,0.0,7,AR,01001
80.2,0.1,7,AR,01001
80.5,1.3,7,AR,01001
82.0,0.7,7,AR,01001
81.9,0.2,7,AR,01001
82.0,1.3,7,AR,01001
80.4,-0.0,7,AR,01001
81.2,1.5,7,AR,01001
81.4,-0.2,7,AR,01001
81.1,-0.2,7,AR,01001
81.4,0.1,7,AR,01001
82.9,1.2,7,AR,01001
82.8,1.4,7,AR,01001
81.9,1.1,7,AR,01001
80.7,1.1,7,AR,01001
79.4,1.7,7,AR,01001
81.2,0.8,7,AR,01001
82.0,0.6,7,AR,01001
80.2,0.0,7,AR,01001
81.5,-0.0,7,AR,01001
81.6,0.4,7,AR,01001
80.6,0.3,7,AR,01001
80.0,0.6,7,AR,01001
79.2,0.8,7,AR,01001
80.6,0.3,7,AR,01001
82.4,0.9,7,AR,01001
79.7,0.8,7,AR,01001
83.0,1.0,7,AR,01001
79.9,0.1,7,AR,01001
81.9,0.5,7,AR,01001
82.7,1.1,7,AR,01001
82.8,1.3,7,AR,01001
81.5,1.0,7,AR,01001
81.9,0.5,7,AR,01001
78.1,1.5,7,AR,01001
78.8,0.7,7,AR,01001
83.9,1.7,7,AR,01001
80.2,-0.8,7,AR,01001
82.1,0.6,7,AR,01001
80.8,1.2,7,AR,01001
80.9,-0.8,7,AR,01001
77.2,0.6,7,AR,01001
81.1,-0.7,7,AR,01001
81.8,0.8,7,AR,01001
82.6,1.2,7,AR,01001
80.8,0.4,7,AR,01001
80.7,-0.2,7,AR,01001
78.8,0.3,7,AR,01001
80.1,0.6,7,AR,01001
82.0,0.5,7,AR,01001
82.0,0.7,7,AR,01001
79.8,0.4,7,AR,01001
81.5,0.1,7,AR,01001
81.7,0.8,7,AR,01001
80.6,1.0,7,AR,01001
78.0,0.5,7,AR,01001
82.2,1.4,7,AR,01001
81.4,0.7,7,AR,01001
79.3,0.8,7,AR,01001
79.0,0.8,7,AR,01001
82.1,0.6,7,AR,01001
79.4,0.9,7,AR,01001
79.5,1.9,7,AR,01001
81.7,1.1,7,AR,01001
81.5,0.3,7,AR,01001
81.5,0.7,7,AR,01001
72.6,3.5,7,CA,01001
65.0,3.8,7,CA,01001
78.5,4.4,7,CA,01001
79.7,3.4,7,CA,01001
78.9,4.1,7,CA,01001
81.0,3.3,7,CA,01001
74.8,4.1,7,CA,01001
68.0,3.6,7,CA,01001
74.6,3.9,7,CA,01001
76.6,4.3,7,CA,01001
80.1,2.7,7,CA,01001
68.8,3.1,7,CA,01001
97.6,5.9,7,CA,01001
85.6,4.7,7,CA,01001
83.7,4.1,7,CA,01001
85.0,4.3,7,CA,01001
76.4,3.2,7,CA,01001
69.9,3.9,7,CA,01001
78.9,4.7,7,CA,01001
76.7,3.5,7,CA,01001
63.4,2.8,7,CA,01001
76.4,4.0,7,CA,01001
70.4,2.5,7,CA,01001
80.6,3.1,7,CA,01001
70.1,4.6,7,CA,01001
66.6,3.9,7,CA,01001
72.0,3.4,7,CA,01001
74.0,2.2,7,CA,01001
72.5,3.7,7,CA,01001
74.7,3.5,7,CA,01001
73.7,3.6,7,CA,01001
68.7,3.8,7,CA,01001
90.8,5.6,7,CA,01001
79.4,3.4,7,CA,01001
76.3,4.3,7,CA,01001
91.3,5.3,7,CA,01001
78.9,4.1,7,CA,01001
61.9,1.2,7,CA,01001
79.1,3.4,7,CA,01001
75.1,4.1,7,CA,01001
63.7,1.9,7,CA,01001
71.0,3.8,7,CA,01001
72.6,3.8,7,CA,01001
66.4,3.1,7,CA,01001
77.3,4.6,7,CA,01001
67.4,3.4,7,CA,01001
71.2,5.2,7,CA,01001
75.2,2.6,7,CA,01001
67.9,2.4,7,CA,01001
79.6,3.3,7,CA,01001
81.4,3.2,7,CA,01001
79.6,3.2,7,CA,01001
73.3,4.2,7,CA,01001
75.6,4.0,7,CA,01001
70.8,3.7,7,CA,01001
73.5,5.0,7,CA,01001
78.6,2.0,7,CA,01001
80.2,3.5,7,CA,01001
72.5,0.1,7,CO,01001
68.1,4.3,7,CO,01001
71.8,0.2,7,CO,01001
68.7,5.0,7,CO,01001
75.8,-0.7,7,CO,01001
76.1,-0.9,7,CO,01001
66.0,1.1,7,CO,01001
72.8,0.8,7,CO,01001
61.8,4.3,7,CO,01001
73.8,-1.2,7,CO,01001
58.5,2.2,7,CO,01001
64.6,4.5,7,CO,01001
66.3,4.9,7,CO,01001
76.0,1.2,7,CO,01001
64.0,3.5,7,CO,01001
73.4,5.5,7,CO,01001
72.9,0.4,7,CO,01001
67.0,4.7,7,CO,01001
68.8,1.1,7,CO,01001
62.8,3.0,7,CO,01001
70.5,0.9,7,CO,01001
70.8,2.1,7,CO,01001
68.9,3.4,7,CO,01001
68.7,4.1,7,CO,01001
60.4,1.8,7,CO,01001
59.6,2.1,7,CO,01001
62.6,4.0,7,CO,01001
59.1,5.4,7,CO,01001
70.5,4.1,7,CO,01001
58.8,1.6,7,CO,01001
67.5,1.2,7,CO,01001
74.9,-1.3,7,CO,01001
73.9,-0.3,7,CO,01001
56.9,3.1,7,CO,01001
69.8,5.5,7,CO,01001
63.8,1.5,7,CO,01001
73.8,2.0,7,CO,01001
72.6,0.3,7,CO,01001
72.9,-0.9,7,CO,01001
74.3,5.2,7,CO,01001
59.5,4.4,7,CO,01001
70.1,3.4,7,CO,01001
74.1,4.6,7,CO,01001
74.2,5.8,7,CO,01001
73.0,0.3,7,CO,01001
76.1,0.1,7,CO,01001
65.9,5.6,7,CO,01001
60.5,2.8,7,CO,01001
74.0,-0.3,7,CO,01001
60.8,3.3,7,CO,01001
75.6,-1.9,7,CO,01001
76.4,2.6,7,CO,01001
70.0,3.8,7,CO,01001
64.4,5.2,7,CO,01001
63.4,2.5,7,CO,01001
63.8,4.3,7,CO,01001
57.1,5.8,7,CO,01001
69.5,5.2,7,CO,01001
73.3,-1.0,7,CO,01001
57.5,2.4,7,CO,01001
62.2,2.8,7,CO,01001
72.5,-0.7,7,CO,01001
71.3,-0.1,7,CO,01001
74.8,0.2,7,CO,01001
76.2,4.4,7,CT,01001
75.6,4.0,7,CT,01001
73.1,4.3,7,CT,01001
75.2,3.9,7,CT,01001
75.3,3.8,7,CT,01001
74.9,4.3,7,CT,01001
74.1,4.1,7,CT,01001
74.0,3.9,7,CT,01001
78.4,3.0,7,DE,01001
78.0,2.7,7,DE,01001
78.4,2.7,7,DE,01001
83.6,2.8,7,FL,01001
83.7,3.2,7,FL,01001
83.8,2.7,7,FL,01001
83.4,2.8,7,FL,01001
83.6,2.7,7,FL,01001
84.9,3.5,7,FL,01001
83.1,2.3,7,FL,01001
84.6,3.0,7,FL,01001
84.1,3.5,7,FL,01001
84.0,3.3,7,FL,01001
85.3,3.3,7,FL,01001
83.6,3.0,7,FL,01001
83.9,2.9,7,FL,01001
84.8,4.2,7,FL,01001
84.6,3.7,7,FL,01001
84.1,2.8,7,FL,01001
83.5,2.8,7,FL,01001
83.0,1.9,7,FL,01001
82.9,2.3,7,FL,01001
84.2,3.8,7,FL,01001
84.1,3.0,7,FL,01001
82.8,2.2,7,FL,01001
83.4,2.7,7,FL,01001
84.0,3.2,7,FL,01001
84.4,3.1,7,FL,01001
84.0,3.6,7,FL,01001
84.1,3.2,7,FL,01001
84.8,3.9,7,FL,01001
82.9,1.9,7,FL,01001
83.3,2.9,7,FL,01001
83.1,1.7,7,FL,01001
83.3,2.6,7,FL,01001
84.0,3.5,7,FL,01001
84.3,3.4,7,FL,01001
85.2,3.3,7,FL,01001
83.4,2.7,7,FL,01001
84.6,4.2,7,FL,01001
82.9,2.3,7,FL,01001
83.2,2.7,7,FL,01001
84.3,3.4,7,FL,01001
84.0,3.3,7,FL,01001
84.5,3.6,7,FL,01001
85.1,3.6,7,FL,01001
85.9,3.7,7,FL,01001
84.6,3.7,7,FL,01001
83.9,2.8,7,FL,01001
84.0,3.2,7,FL,01001
84.7,3.3,7,FL,01001
84.5,3.3,7,FL,01001
84.2,3.1,7,FL,01001
84.1,3.6,7,FL,01001
85.4,3.7,7,FL,01001
84.8,3.7,7,FL,01001
83.8,2.9,7,FL,01001
83.6,3.0,7,FL,01001
84.0,3.2,7,FL,01001
84.0,2.6,7,FL,01001
84.3,2.9,7,FL,01001
84.5,3.0,7,FL,01001
84.0,3.5,7,FL,01001
83.7,3.1,7,FL,01001
84.1,3.3,7,FL,01001
83.5,2.9,7,FL,01001
83.9,2.8,7,FL,01001
83.5,2.4,7,FL,01001
83.4,2.6,7,FL,01001
83.3,2.2,7,FL,01001
84.1,2.9,7,GA,01001
83.2,2.3,7,GA,01001
84.2,3.1,7,GA,01001
82.6,1.5,7,GA,01001
82.6,2.0,7,GA,01001
79.7,1.1,7,GA,01001
80.0,1.3,7,GA,01001
79.1,0.3,7,GA,01001
82.8,2.2,7,GA,01001
82.5,1.8,7,GA,01001
82.5,2.3,7,GA,01001
82.9,2.0,7,GA,01001
84.2,3.8,7,GA,01001
82.3,2.0,7,GA,01001
83.6,2.3,7,GA,01001
83.0,2.2,7,GA,01001
82.0,1.9,7,GA,01001
82.1,2.8,7,GA,01001
82.2,1.5,7,GA,01001
84.3,3.4,7,GA,01001
83.1,2.2,7,GA,01001
79.4,2.1,7,GA,01001
78.7,0.5,7,GA,01001
84.4,3.8,7,GA,01001
83.8,2.5,7,GA,01001
81.2,1.0,7,GA,01001
77.9,-0.7,7,GA,01001
78.2,0.3,7,GA,01001
79.8,0.6,7,GA,01001
81.8,1.1,7,GA,01001
81.3,2.3,7,GA,01001
83.7,3.0,7,GA,01001
79.8,1.4,7,GA,01001
83.0,2.1,7,GA,01001
82.2,2.0,7,GA,01001
81.6,1.4,7,GA,01001
82.3,1.9,7,GA,01001
80.4,2.0,7,GA,01001
82.0,2.2,7,GA,01001
83.0,2.8,7,GA,01001
76.6,-0.4,7,GA,01001
76.5,0.4,7,GA,01001
82.8,1.8,7,GA,01001
80.9,2.2,7,GA,01001
83.0,2.0,7,GA,01001
82.9,2.5,7,GA,01001
82.8,1.8,7,GA,01001
80.0,2.1,7,GA,01001
82.4,1.4,7,GA,01001
83.3,2.7,7,GA,01001
83.4,2.6,7,GA,01001
80.9,1.6,7,GA,01001
82.8,2.1,7,GA,01001
83.5,2.2,7,GA,01001
73.8,0.0,7,GA,01001
81.0,2.1,7,GA,01001
79.3,0.3,7,GA,01001
78.3,0.9,7,GA,01001
79.9,1.2,7,GA,01001
80.4,2.0,7,GA,01001
74.7,-0.1,7,GA,01001
81.5,1.6,7,GA,01001
83.7,2.4,7,GA,01001
79.0,0.1,7,GA,01001
82.4,1.9,7,GA,01001
81.0,1.3,7,GA,01001
79.9,1.7,7,GA,01001
77.3,1.2,7,GA,01001
78.8,1.2,7,GA,01001
81.8,1.7,7,GA,01001
78.6,1.6,7,GA,01001
80.1,1.1,7,GA,01001
80.2,1.6,7,GA,01001
80.2,2.0,7,GA,01001
81.6,2.3,7,GA,01001
82.7,2.2,7,GA,01001
82.6,2.1,7,GA,01001
80.1,1.3,7,GA,01001
82.4,3.1,7,GA,01001
83.4,2.4,7,GA,01001
82.1,2.1,7,GA,01001
82.4,2.1,7,GA,01001
82.6,2.0,7,GA,01001
82.5,2.6,7,GA,01001
81.4,2.5,7,GA,01001
82.7,2.1,7,GA,01001
83.0,2.0,7,GA,01001
83.0,2.2,7,GA,01001
83.5,2.1,7,GA,01001
81.0,0.8,7,GA,01001
83.8,2.4,7,GA,01001
82.4,2.0,7,GA,01001
75.9,0.9,7,GA,01001
81.0,1.2,7,GA,01001
83.3,1.8,7,GA,01001
82.4,2.2,7,GA,01001
80.2,1.5,7,GA,01001
80.9,1.4,7,GA,01001
80.2,1.7,7,GA,01001
82.6,1.5,7,GA,01001
82.5,1.7,7,GA,01001
82.0,2.6,7,GA,01001
83.4,2.2,7,GA,01001
81.5,2.1,7,GA,01001
77.7,-0.0,7,GA,01001
81.1,1.0,7,GA,01001
81.7,2.6,7,GA,01001
80.2,0.9,7,GA,01001
80.4,1.1,7,GA,01001
79.2,1.2,7,GA,01001
82.2,2.2,7,GA,01001
76.4,-0.1,7,GA,01001
84.6,3.7,7,GA,01001
80.9,2.0,7,GA,01001
79.5,1.2,7,GA,01001
83.1,2.2,7,GA,01001
82.5,2.6,7,GA,01001
81.4,1.0,7,GA,01001
74.4,1.1,7,GA,01001
81.5,1.4,7,GA,01001
82.1,1.7,7,GA,01001
81.4,2.3,7,GA,01001
81.7,1.9,7,GA,01001
82.5,2.1,7,GA,01001
82.9,1.6,7,GA,01001
81.3,2.1,7,GA,01001
79.1,0.7,7,GA,01001
81.2,1.2,7,GA,01001
82.5,2.2,7,GA,01001
80.5,1.4,7,GA,01001
80.7,1.0,7,GA,01001
83.8,2.4,7,GA,01001
81.4,1.8,7,GA,01001
83.1,2.0,7,GA,01001
82.3,1.9,7,GA,01001
82.3,2.0,7,GA,01001
82.4,2.1,7,GA,01001
83.7,2.4,7,GA,01001
73.6,1.2,7,GA,01001
83.1,2.1,7,GA,01001
80.3,1.5,7,GA,01001
82.5,2.4,7,GA,01001
82.6,2.0,7,GA,01001
73.8,1.0,7,GA,01001
81.1,2.0,7,GA,01001
77.4,-0.3,7,GA,01001
80.4,1.5,7,GA,01001
84.4,3.7,7,GA,01001
81.0,1.3,7,GA,01001
82.3,1.8,7,GA,01001
84.0,3.0,7,GA,01001
81.5,1.6,7,GA,01001
83.4,2.1,7,GA,01001
76.4,1.3,7,GA,01001
78.7,0.3,7,GA,01001
83.0,2.4,7,GA,01001
80.7,1.0,7,GA,01001
82.7,1.9,7,GA,01001
82.5,2.2,7,GA,01001
78.4,4.2,7,ID,01001
69.2,4.0,7,ID,01001
71.3,3.3,7,ID,01001
66.0,3.2,7,ID,01001
68.6,4.4,7,ID,01001
70.8,2.9,7,ID,01001
67.8,2.9,7,ID,01001
68.5,3.3,7,ID,01001
67.1,4.2,7,ID,01001
67.2,2.7,7,ID,01001
65.6,4.9,7,ID,01001
68.3,2.6,7,ID,01001
66.6,3.6,7,ID,01001
78.5,4.4,7,ID,01001
67.0,2.9,7,ID,01001
72.5,3.6,7,ID,01001
66.1,2.4,7,ID,01001
66.8,3.5,7,ID,01001
62.4,3.2,7,ID,01001
73.2,3.9,7,ID,01001
70.7,3.7,7,ID,01001
65.1,2.7,7,ID,01001
75.6,4.0,7,ID,01001
75.7,4.0,7,ID,01001
64.5,3.2,7,ID,01001
70.3,2.5,7,ID,01001
75.4,4.2,7,ID,01001
69.2,4.4,7,ID,01001
68.0,3.3,7,ID,01001
64.2,3.6,7,ID,01001
68.6,3.9,7,ID,01001
74.1,4.4,7,ID,01001
68.5,3.0,7,ID,01001
72.9,3.1,7,ID,01001
72.2,4.0,7,ID,01001
73.0,3.7,7,ID,01001
74.0,4.1,7,ID,01001
78.3,4.2,7,ID,01001
72.0,2.9,7,ID,01001
66.2,4.1,7,ID,01001
65.1,3.2,7,ID,01001
73.8,3.8,7,ID,01001
63.2,3.6,7,ID,01001
75.3,4.5,7,ID,01001
76.5,-0.6,7,IL,01001
78.8,0.2,7,IL,01001
77.1,-0.0,7,IL,01001
72.3,-0.3,7,IL,01001
75.9,-0.7,7,IL,01001
73.3,-0.7,7,IL,01001
77.8,0.2,7,IL,01001
72.5,-0.2,7,IL,01001
75.4,-1.1,7,IL,01001
74.2,-0.5,7,IL,01001
76.3,0.2,7,IL,01001
76.3,0.3,7,IL,01001
77.6,0.7,7,IL,01001
78.0,0.3,7,IL,01001
75.5,-0.2,7,IL,01001
73.6,0.3,7,IL,01001
76.9,0.2,7,IL,01001
76.2,-0.0,7,IL,01001
72.1,-0.7,7,IL,01001
74.5,-0.4,7,IL,01001
75.1,-0.2,7,IL,01001
73.4,0.3,7,IL,01001
74.9,-0.4,7,IL,01001
78.0,0.5,7,IL,01001
76.8,0.4,7,IL,01001
77.1,0.3,7,IL,01001
73.4,-0.8,7,IL,01001
78.2,0.6,7,IL,01001
75.4,-0.5,7,IL,01001
78.7,0.4,7,IL,01001
76.8,-0.5,7,IL,01001
73.4,-0.4,7,IL,01001
78.3,0.6,7,IL,01001
75.4,-1.2,7,IL,01001
78.2,0.0,7,IL,01001
74.6,-1.1,7,IL,01001
73.5,-0.8,7,IL,01001
73.0,-1.2,7,IL,01001
78.3,0.7,7,IL,01001
76.8,0.1,7,IL,01001
78.0,0.4,7,IL,01001
77.8,0.2,7,IL,01001
71.8,-0.6,7,IL,01001
77.9,0.1,7,IL,01001
72.7,-0.1,7,IL,01001
72.8,-1.2,7,IL,01001
73.0,-0.5,7,IL,01001
73.8,-0.9,7,IL,01001
72.8,0.4,7,IL,01001
73.2,-0.7,7,IL,01001
77.1,-0.1,7,IL,01001
72.7,-0.6,7,IL,01001
74.0,-0.1,7,IL,01001
74.8,-1.0,7,IL,01001
74.7,-1.1,7,IL,01001
72.1,-0.2,7,IL,01001
74.2,-0.1,7,IL,01001
75.3,-0.2,7,IL,01001
76.6,-0.1,7,IL,01001
78.0,0.0,7,IL,01001
77.9,0.8,7,IL,01001
74.1,-0.3,7,IL,01001
75.5,-0.9,7,IL,01001
78.7,0.1,7,IL,01001
74.9,-1.4,7,IL,01001
74.3,-0.7,7,IL,01001
79.2,0.8,7,IL,01001
76.4,0.1,7,IL,01001
75.5,-0.9,7,IL,01001
75.5,-0.2,7,IL,01001
72.2,-0.7,7,IL,01001
75.4,0.4,7,IL,01001
78.1,0.5,7,IL,01001
74.8,-0.2,7,IL,01001
76.8,-0.3,7,IL,01001
78.0,-0.0,7,IL,01001
78.8,0.1,7,IL,01001
74.0,-0.6,7,IL,01001
78.2,0.3,7,IL,01001
77.3,0.2,7,IL,01001
74.4,-0.3,7,IL,01001
78.7,0.4,7,IL,01001
78.4,0.5,7,IL,01001
75.5,-0.8,7,IL,01001
75.4,-1.0,7,IL,01001
76.0,-1.0,7,IL,01001
76.1,-0.1,7,IL,01001
73.7,-0.6,7,IL,01001
71.4,-0.8,7,IL,01001
75.1,-0.2,7,IL,01001
77.9,0.2,7,IL,01001
73.6,-1.1,7,IL,01001
77.8,0.3,7,IL,01001
74.1,-0.8,7,IL,01001
78.0,0.3,7,IL,01001
78.0,0.6,7,IL,01001
78.6,0.6,7,IL,01001
73.4,-0.3,7,IL,01001
73.0,-0.8,7,IL,01001
78.0,0.6,7,IL,01001
72.3,-0.6,7,IL,01001
74.2,-0.0,7,IL,01001
73.4,0.2,7,IN,01001
73.0,-0.2,7,IN,01001
75.3,-0.4,7,IN,01001
73.1,-0.6,7,IN,01001
73.9,0.0,7,IN,01001
73.0,-0.6,7,IN,01001
74.9,-0.1,7,IN,01001
73.4,-0.5,7,IN,01001
72.9,-0.7,7,IN,01001
76.7,0.3,7,IN,01001
76.2,0.9,7,IN,01001
73.2,-0.5,7,IN,01001
75.0,-1.1,7,IN,01001
76.7,0.4,7,IN,01001
75.2,0.1,7,IN,01001
74.3,-0.6,7,IN,01001
71.9,-0.6,7,IN,01001
73.6,-0.2,7,IN,01001
75.5,-0.9,7,IN,01001
72.0,-0.1,7,IN,01001
73.3,-0.6,7,IN,01001
76.8,0.5,7,IN,01001
73.4,-1.2,7,IN,01001
74.3,-0.3,7,IN,01001
72.4,-0.6,7,IN,01001
78.3,0.9,7,IN,01001
73.9,-0.0,7,IN,01001
76.2,0.9,7,IN,01001
73.8,-0.3,7,IN,01001
74.2,-0.1,7,IN,01001
76.4,0.1,7,IN,01001
73.6,-0.7,7,IN,01001
73.0,-0.4,7,IN,01001
72.9,-0.9,7,IN,01001
73.3,-0.3,7,IN,01001
76.0,0.3,7,IN,01001
72.3,-1.2,7,IN,01001
73.3,-0.0,7,IN,01001
75.9,0.2,7,IN,01001
75.5,-0.1,7,IN,01001
74.6,-0.4,7,IN,01001
77.4,0.5,7,IN,01001
71.8,-0.9,7,IN,01001
71.9,-0.2,7,IN,01001
72.5,-0.7,7,IN,01001
72.2,-0.4,7,IN,01001
75.1,-0.1,7,IN,01001
73.9,-0.1,7,IN,01001
74.6,-0.3,7,IN,01001
72.0,-0.3,7,IN,01001
75.6,-0.1,7,IN,01001
73.2,-0.6,7,IN,01001
74.8,-0.0,7,IN,01001
72.9,-1.1,7,IN,01001
74.9,-0.1,7,IN,01001
72.5,-1.3,7,IN,01001
71.6,-0.7,7,IN,01001
75.8,0.4,7,IN,01001
74.7,-0.8,7,IN,01001
75.6,0.6,7,IN,01001
74.3,-0.7,7,IN,01001
75.4,-1.5,7,IN,01001
77.3,0.5,7,IN,01001
72.3,-0.4,7,IN,01001
78.9,0.6,7,IN,01001
72.5,-0.6,7,IN,01001
73.8,-0.7,7,IN,01001
72.7,-0.3,7,IN,01001
74.5,-0.2,7,IN,01001
73.6,-0.6,7,IN,01001
71.9,-0.3,7,IN,01001
76.5,0.6,7,IN,01001
74.6,-0.5,7,IN,01001
77.0,-0.5,7,IN,01001
72.5,-0.3,7,IN,01001
71.3,-0.4,7,IN,01001
77.2,1.1,7,IN,01001
76.0,0.5,7,IN,01001
73.6,-0.5,7,IN,01001
73.1,-0.6,7,IN,01001
73.3,-0.6,7,IN,01001
79.0,0.9,7,IN,01001
74.4,-0.9,7,IN,01001
76.6,0.8,7,IN,01001
73.4,-0.4,7,IN,01001
73.4,-0.9,7,IN,01001
78.0,0.6,7,IN,01001
75.6,0.3,7,IN,01001
72.5,-0.8,7,IN,01001
73.4,-0.1,7,IN,01001
73.0,-0.6,7,IN,01001
72.0,-0.9,7,IN,01001
71.7,-2.8,7,IA,01001
72.2,-2.7,7,IA,01001
70.2,-1.8,7,IA,01001
73.9,-2.0,7,IA,01001
71.2,-2.7,7,IA,01001
71.9,-1.5,7,IA,01001
71.8,-1.2,7,IA,01001
72.0,-2.2,7,IA,01001
70.7,-1.6,7,IA,01001
70.9,-1.5,7,IA,01001
70.8,-2.3,7,IA,01001
71.1,-1.6,7,IA,01001
71.5,-2.3,7,IA,01001
72.1,-1.6,7,IA,01001
71.9,-2.9,7,IA,01001
73.2,-1.0,7,IA,01001
70.0,-2.1,7,IA,01001
70.7,-2.5,7,IA,01001
69.6,-2.0,7,IA,01001
74.0,-1.4,7,IA,01001
70.4,-2.2,7,IA,01001
70.6,-1.8,7,IA,01001
73.9,-0.0,7,IA,01001
72.1,-1.6,7,IA,01001
72.8,-2.3,7,IA,01001
74.2,-1.7,7,IA,01001
74.3,-1.2,7,IA,01001
70.8,-1.3,7,IA,01001
74.3,-1.5,7,IA,01001
69.8,-2.3,7,IA,01001
71.5,-1.1,7,IA,01001
70.3,-1.9,7,IA,01001
69.4,-2.4,7,IA,01001
70.2,-2.1,7,IA,01001
70.7,-1.6,7,IA,01001
73.8,-3.0,7,IA,01001
72.0,-2.1,7,IA,01001
71.5,-1.5,7,IA,01001
71.7,-2.7,7,IA,01001
70.7,-2.6,7,IA,01001
70.0,-2.3,7,IA,01001
71.2,-1.7,7,IA,01001
72.7,-2.4,7,IA,01001
74.4,-1.2,7,IA,01001
68.7,-1.9,7,IA,01001
70.9,-2.5,7,IA,01001
71.4,-2.1,7,IA,01001
73.0,-1.1,7,IA,01001
73.0,-0.2,7,IA,01001
73.0,-1.7,7,IA,01001
73.8,-1.7,7,IA,01001
73.5,-0.9,7,IA,01001
72.6,-0.6,7,IA,01001
72.9,-1.9,7,IA,01001
71.1,-1.5,7,IA,01001
75.2,-1.4,7,IA,01001
72.8,-0.6,7,IA,01001
74.5,-0.7,7,IA,01001
73.5,-2.0,7,IA,01001
69.8,-3.1,7,IA,01001
73.4,-2.0,7,IA,01001
72.8,-2.4,7,IA,01001
72.8,-3.0,7,IA,01001
72.4,-1.3,7,IA,01001
73.6,-2.7,7,IA,01001
69.2,-2.3,7,IA,01001
72.2,-2.4,7,IA,01001
73.5,-2.3,7,IA,01001
72.8,-2.8,7,IA,01001
73.7,-1.1,7,IA,01001
70.3,-2.5,7,IA,01001
69.7,-2.5,7,IA,01001
73.1,-2.9,7,IA,01001
70.9,-1.8,7,IA,01001
71.3,-2.4,7,IA,01001
70.9,-2.5,7,IA,01001
73.1,-2.4,7,IA,01001
73.0,-2.5,7,IA,01001
72.5,-1.4,7,IA,01001
74.1,-1.0,7,IA,01001
71.9,-1.5,7,IA,01001
74.3,-0.0,7,IA,01001
71.9,-2.4,7,IA,01001
70.4,-3.0,7,IA,01001
72.2,-1.9,7,IA,01001
71.8,-1.6,7,IA,01001
73.3,-1.8,7,IA,01001
73.2,-1.7,7,IA,01001
74.6,-1.5,7,IA,01001
73.4,-2.3,7,IA,01001
73.6,-2.5,7,IA,01001
73.8,-0.9,7,IA,01001
73.7,-1.8,7,IA,01001
70.8,-2.8,7,IA,01001
69.3,-2.7,7,IA,01001
69.8,-1.2,7,IA,01001
72.0,-2.2,7,IA,01001
69.3,-2.5,7,IA,01001
70.2,-2.5,7,IA,01001
79.1,-0.3,7,KS,01001
78.9,0.0,7,KS,01001
76.7,-1.0,7,KS,01001
79.8,-1.3,7,KS,01001
78.4,-1.3,7,KS,01001
78.9,-0.4,7,KS,01001
75.9,-1.4,7,KS,01001
80.3,0.6,7,KS,01001
79.1,0.2,7,KS,01001
80.4,-0.1,7,KS,01001
80.9,0.9,7,KS,01001
75.8,-0.0,7,KS,01001
79.4,-1.4,7,KS,01001
79.0,-0.2,7,KS,01001
79.1,0.1,7,KS,01001
80.2,1.4,7,KS,01001
79.5,-1.4,7,KS,01001
80.1,-0.3,7,KS,01001
79.8,0.3,7,KS,01001
75.5,-1.6,7,KS,01001
80.0,0.5,7,KS,01001
76.4,-1.4,7,KS,01001
78.3,-0.3,7,KS,01001
78.6,-1.0,7,KS,01001
80.1,0.4,7,KS,01001
78.4,-0.6,7,KS,01001
79.8,-0.2,7,KS,01001
77.9,-0.3,7,KS,01001
78.7,-0.5,7,KS,01001
78.7,-0.0,7,KS,01001
79.0,0.0,7,KS,01001
77.3,-0.6,7,KS,01001
77.0,-1.2,7,KS,01001
77.7,-1.2,7,KS,01001
78.5,-0.2,7,KS,01001
74.3,-2.3,7,KS,01001
80.2,1.1,7,KS,01001
76.1,-2.0,7,KS,01001
80.5,-1.0,7,KS,01001
80.5,0.5,7,KS,01001
77.8,-1.0,7,KS,01001
79.0,-0.3,7,KS,01001
77.1,-0.7,7,KS,01001
77.8,-0.2,7,KS,01001
77.3,-0.9,7,KS,01001
78.2,-0.1,7,KS,01001
77.0,-1.1,7,KS,01001
79.5,-1.2,7,KS,01001
78.7,-1.1,7,KS,01001
80.1,-0.2,7,KS,01001
78.1,0.2,7,KS,01001
77.9,-0.3,7,KS,01001
79.6,-0.1,7,KS,01001
78.7,-0.3,7,KS,01001
76.4,-0.9,7,KS,01001
79.2,0.6,7,KS,01001
80.6,0.8,7,KS,01001
79.8,0.5,7,KS,01001
75.2,-2.9,7,KS,01001
78.8,-1.2,7,KS,01001
78.4,-0.2,7,KS,01001
78.4,-0.8,7,KS,01001
80.6,-0.2,7,KS,01001
78.6,0.2,7,KS,01001
77.3,-1.5,7,KS,01001
75.1,-2.2,7,KS,01001
79.7,-0.1,7,KS,01001
78.5,-0.5,7,KS,01001
75.7,-1.7,7,KS,01001
79.2,0.7,7,KS,01001
78.0,-1.1,7,KS,01001
80.0,0.5,7,KS,01001
78.2,-1.4,7,KS,01001
76.0,-2.2,7,KS,01001
77.6,-0.9,7,KS,01001
78.7,-1.3,7,KS,01001
75.0,-1.6,7,KS,01001
80.0,-0.4,7,KS,01001
77.5,-0.6,7,KS,01001
79.5,-0.6,7,KS,01001
78.4,-0.5,7,KS,01001
77.4,-1.5,7,KS,01001
78.2,-1.1,7,KS,01001
79.6,-0.0,7,KS,01001
80.5,0.5,7,KS,01001
77.2,-0.3,7,KS,01001
80.5,-0.1,7,KS,01001
78.3,-1.2,7,KS,01001
78.8,0.3,7,KS,01001
75.9,-1.5,7,KS,01001
75.2,-0.2,7,KS,01001
76.3,-1.9,7,KS,01001
78.5,-1.3,7,KS,01001
77.2,-1.5,7,KS,01001
78.1,-1.0,7,KS,01001
80.8,-0.5,7,KS,01001
75.2,-1.3,7,KS,01001
77.8,-0.6,7,KS,01001
78.6,0.2,7,KS,01001
75.4,-0.9,7,KS,01001
76.6,-1.6,7,KS,01001
75.7,-1.5,7,KS,01001
80.4,0.3,7,KS,01001
80.0,0.7,7,KS,01001
77.8,-0.5,7,KS,01001
77.0,1.0,7,KY,01001
78.1,0.6,7,KY,01001
77.1,1.2,7,KY,01001
79.2,0.3,7,KY,01001
78.0,0.6,7,KY,01001
75.4,0.0,7,KY,01001
74.2,0.4,7,KY,01001
75.8,0.3,7,KY,01001
75.9,0.7,7,KY,01001
76.4,1.7,7,KY,01001
76.4,1.0,7,KY,01001
75.0,-0.1,7,KY,01001
76.2,0.4,7,KY,01001
76.1,-0.5,7,KY,01001
77.6,0.7,7,KY,01001
78.0,0.3,7,KY,01001
78.6,0.2,7,KY,01001
79.6,0.9,7,KY,01001
76.1,0.3,7,KY,01001
79.4,0.4,7,KY,01001
76.6,0.5,7,KY,01001
75.2,0.9,7,KY,01001
76.0,0.9,7,KY,01001
78.0,-0.2,7,KY,01001
76.3,1.0,7,KY,01001
75.8,0.8,7,KY,01001
76.4,0.8,7,KY,01001
78.4,0.0,7,KY,01001
77.4,0.7,7,KY,01001
77.7,-0.1,7,KY,01001
78.3,1.1,7,KY,01001
75.0,0.3,7,KY,01001
76.4,0.6,7,KY,01001
76.7,1.5,7,KY,01001
74.7,-0.3,7,KY,01001
76.6,1.0,7,KY,01001
77.0,1.0,7,KY,01001
79.5,-0.1,7,KY,01001
76.5,0.6,7,KY,01001
76.5,0.9,7,KY,01001
75.9,0.4,7,KY,01001
79.4,0.6,7,KY,01001
77.1,0.6,7,KY,01001
77.6,0.8,7,KY,01001
75.7,1.3,7,KY,01001
76.2,-1.1,7,KY,01001
76.8,0.6,7,KY,01001
73.2,0.7,7,KY,01001
75.7,0.3,7,KY,01001
77.7,0.9,7,KY,01001
79.0,0.6,7,KY,01001
76.3,0.5,7,KY,01001
79.4,0.3,7,KY,01001
78.7,0.3,7,KY,01001
75.2,0.5,7,KY,01001
77.5,0.4,7,KY,01001
77.0,1.5,7,KY,01001
76.3,1.2,7,KY,01001
75.8,0.3,7,KY,01001
75.3,0.6,7,KY,01001
75.5,0.7,7,KY,01001
77.0,0.8,7,KY,01001
75.6,0.8,7,KY,01001
76.2,1.5,7,KY,01001
76.2,0.2,7,KY,01001
75.2,0.7,7,KY,01001
74.1,0.6,7,KY,01001
74.6,0.1,7,KY,01001
75.7,0.8,7,KY,01001
78.7,-0.0,7,KY,01001
77.6,-0.4,7,KY,01001
79.1,0.4,7,KY,01001
79.2,0.3,7,KY,01001
75.1,0.5,7,KY,01001
78.4,0.3,7,KY,01001
76.6,0.9,7,KY,01001
75.8,0.6,7,KY,01001
77.0,0.9,7,KY,01001
79.6,0.6,7,KY,01001
76.8,1.5,7,KY,01001
74.4,-0.3,7,KY,01001
76.2,-0.2,7,KY,01001
75.1,-0.1,7,KY,01001
77.0,1.3,7,KY,01001
77.1,0.6,7,KY,01001
77.2,0.4,7,KY,01001
75.8,0.6,7,KY,01001
75.2,-0.1,7,KY,01001
77.7,-0.3,7,KY,01001
77.3,0.8,7,KY,01001
75.3,0.2,7,KY,01001
77.2,-0.2,7,KY,01001
76.3,0.1,7,KY,01001
76.4,0.7,7,KY,01001
76.1,0.4,7,KY,01001
75.8,0.2,7,KY,01001
75.6,0.5,7,KY,01001
76.4,1.3,7,KY,01001
76.0,0.3,7,KY,01001
75.9,0.8,7,KY,01001
75.1,-0.0,7,KY,01001
75.4,0.6,7,KY,01001
74.4,-0.5,7,KY,01001
76.7,1.1,7,KY,01001
76.4,1.0,7,KY,01001
76.4,0.5,7,KY,01001
78.0,0.2,7,KY,01001
77.0,0.6,7,KY,01001
77.0,0.9,7,KY,01001
77.4,-0.5,7,KY,01001
78.9,0.4,7,KY,01001
76.3,0.3,7,KY,01001
78.9,0.3,7,KY,01001
78.7,0.8,7,KY,01001
77.0,1.0,7,KY,01001
76.0,0.9,7,KY,01001
78.8,0.4,7,KY,01001
75.2,0.4,7,KY,01001
75.6,0.1,7,KY,01001
77.2,1.6,7,KY,01001
85.4,2.8,7,LA,01001
85.2,2.9,7,LA,01001
85.7,4.0,7,LA,01001
85.6,3.9,7,LA,01001
84.8,2.6,7,LA,01001
85.7,3.8,7,LA,01001
83.6,2.1,7,LA,01001
84.2,1.9,7,LA,01001
84.4,1.8,7,LA,01001
85.6,3.3,7,LA,01001
84.2,2.5,7,LA,01001
85.9,3.4,7,LA,01001
84.9,2.8,7,LA,01001
82.6,1.3,7,LA,01001
84.9,3.0,7,LA,01001
84.5,2.3,7,LA,01001
85.4,3.8,7,LA,01001
83.7,2.1,7,LA,01001
84.6,3.5,7,LA,01001
84.8,2.5,7,LA,01001
84.2,2.3,7,LA,01001
84.6,2.6,7,LA,01001
85.6,3.6,7,LA,01001
85.6,3.8,7,LA,01001
83.4,2.2,7,LA,01001
85.6,3.4,7,LA,01001
85.4,2.6,7,LA,01001
85.5,3.3,7,LA,01001
85.5,3.5,7,LA,01001
84.9,2.9,7,LA,01001
83.0,1.8,7,LA,01001
85.4,3.8,7,LA,01001
84.0,2.3,7,LA,01001
83.4,1.9,7,LA,01001
85.1,3.1,7,LA,01001
85.7,3.9,7,LA,01001
83.5,1.9,7,LA,01001
85.6,3.7,7,LA,01001
85.3,3.4,7,LA,01001
84.8,2.7,7,LA,01001
84.4,2.3,7,LA,01001
83.9,2.1,7,LA,01001
85.7,4.1,7,LA,01001
85.6,3.9,7,LA,01001
85.5,3.4,7,LA,01001
84.1,3.1,7,LA,01001
85.7,3.9,7,LA,01001
85.6,3.6,7,LA,01001
84.9,2.8,7,LA,01001
85.4,3.5,7,LA,01001
85.4,3.7,7,LA,01001
85.2,4.0,7,LA,01001
84.6,3.4,7,LA,01001
84.2,2.3,7,LA,01001
85.5,3.7,7,LA,01001
82.8,1.4,7,LA,01001
85.9,3.6,7,LA,01001
85.6,4.1,7,LA,01001
84.1,3.2,7,LA,01001
83.6,1.7,7,LA,01001
85.6,3.7,7,LA,01001
83.6,2.0,7,LA,01001
85.0,3.5,7,LA,01001
84.3,2.7,7,LA,01001
71.8,4.2,7,ME,01001
69.9,5.6,7,ME,01001
71.6,3.7,7,ME,01001
67.9,4.3,7,ME,01001
71.0,4.5,7,ME,01001
71.8,4.1,7,ME,01001
69.6,3.6,7,ME,01001
70.6,3.7,7,ME,01001
69.6,4.2,7,ME,01001
71.2,4.7,7,ME,01001
68.9,4.6,7,ME,01001
71.6,4.1,7,ME,01001
68.6,4.3,7,ME,01001
70.8,4.0,7,ME,01001
69.7,4.3,7,ME,01001
72.0,3.5,7,ME,01001
74.3,1.5,7,MD,01001
80.0,3.1,7,MD,01001
78.2,3.3,7,MD,01001
79.5,2.8,7,MD,01001
78.8,2.8,7,MD,01001
76.4,2.7,7,MD,01001
77.9,2.5,7,MD,01001
79.9,3.1,7,MD,01001
80.2,3.4,7,MD,01001
77.1,2.8,7,MD,01001
70.1,2.3,7,MD,01001
78.2,2.8,7,MD,01001
77.8,3.3,7,MD,01001
79.4,3.2,7,MD,01001
77.9,3.0,7,MD,01001
78.9,2.7,7,MD,01001
79.2,3.0,7,MD,01001
80.0,3.1,7,MD,01001
80.6,3.8,7,MD,01001
79.4,2.6,7,MD,01001
76.9,2.7,7,MD,01001
79.8,3.6,7,MD,01001
79.4,3.5,7,MD,01001
80.8,4.1,7,MD,01001
79.3,2.9,7,MD,01001
73.7,4.1,7,MA,01001
71.6,4.5,7,MA,01001
75.3,4.3,7,MA,01001
74.2,4.4,7,MA,01001
73.4,3.1,7,MA,01001
73.4,4.4,7,MA,01001
74.0,3.9,7,MA,01001
73.7,3.8,7,MA,01001
74.8,3.8,7,MA,01001
71.8,4.1,7,MA,01001
75.3,4.4,7,MA,01001
75.6,4.7,7,MA,01001
75.1,4.0,7,MA,01001
73.8,4.4,7,MA,01001
68.0,1.1,7,MI,01001
63.2,-1.4,7,MI,01001
71.3,-0.1,7,MI,01001
68.3,1.5,7,MI,01001
68.2,1.2,7,MI,01001
70.1,1.3,7,MI,01001
62.9,-0.9,7,MI,01001
71.7,0.5,7,MI,01001
71.4,1.3,7,MI,01001
69.0,2.4,7,MI,01001
71.6,-0.6,7,MI,01001
71.6,0.1,7,MI,01001
71.9,0.7,7,MI,01001
71.5,-0.3,7,MI,01001
67.9,0.8,7,MI,01001
66.9,0.2,7,MI,01001
64.5,0.5,7,MI,01001
68.8,0.8,7,MI,01001
72.0,0.9,7,MI,01001
67.4,0.9,7,MI,01001
64.8,-0.8,7,MI,01001
65.2,-0.1,7,MI,01001
71.8,0.7,7,MI,01001
66.7,0.6,7,MI,01001
71.9,1.2,7,MI,01001
69.9,0.9,7,MI,01001
63.6,-1.1,7,MI,01001
68.9,1.9,7,MI,01001
71.4,0.7,7,MI,01001
71.1,0.1,7,MI,01001
64.2,-0.6,7,MI,01001
70.4,1.8,7,MI,01001
71.4,0.6,7,MI,01001
71.1,0.3,7,MI,01001
69.0,1.2,7,MI,01001
63.2,-0.8,7,MI,01001
70.2,0.8,7,MI,01001
71.0,0.1,7,MI,01001
72.5,0.9,7,MI,01001
67.7,1.0,7,MI,01001
70.6,0.1,7,MI,01001
62.8,-0.5,7,MI,01001
68.7,0.5,7,MI,01001
71.6,1.3,7,MI,01001
68.4,1.7,7,MI,01001
72.4,0.5,7,MI,01001
71.1,0.7,7,MI,01001
63.3,-0.3,7,MI,01001
64.7,0.1,7,MI,01001
73.1,1.3,7,MI,01001
68.7,1.3,7,MI,01001
63.6,-0.7,7,MI,01001
68.7,0.6,7,MI,01001
68.9,0.2,7,MI,01001
66.9,0.1,7,MI,01001
71.3,1.0,7,MI,01001
67.8,1.0,7,MI,01001
73.5,0.8,7,MI,01001
69.9,0.2,7,MI,01001
67.9,1.1,7,MI,01001
70.8,1.2,7,MI,01001
69.4,0.4,7,MI,01001
71.9,1.0,7,MI,01001
69.6,1.0,7,MI,01001
68.5,1.1,7,MI,01001
64.4,-0.6,7,MI,01001
68.2,0.7,7,MI,01001
68.0,1.4,7,MI,01001
67.4,1.4,7,MI,01001
71.2,0.5,7,MI,01001
67.2,0.4,7,MI,01001
67.7,0.7,7,MI,01001
71.7,0.9,7,MI,01001
72.3,1.4,7,MI,01001
72.4,0.4,7,MI,01001
70.9,1.5,7,MI,01001
63.9,-1.5,7,MI,01001
71.6,0.7,7,MI,01001
71.1,1.1,7,MI,01001
71.2,-0.5,7,MI,01001
71.1,0.3,7,MI,01001
73.4,1.2,7,MI,01001
68.2,1.3,7,MI,01001
66.5,-0.3,7,MN,01001
71.4,-0.2,7,MN,01001
65.3,-3.2,7,MN,01001
64.9,-2.0,7,MN,01001
69.8,-0.1,7,MN,01001
70.0,-1.4,7,MN,01001
70.3,-2.2,7,MN,01001
70.8,-1.9,7,MN,01001
65.7,-0.2,7,MN,01001
71.2,-0.9,7,MN,01001
66.9,-0.7,7,MN,01001
70.2,-1.7,7,MN,01001
70.3,-0.4,7,MN,01001
67.5,-2.7,7,MN,01001
65.2,-2.2,7,MN,01001
60.9,-1.1,7,MN,01001
70.3,-1.4,7,MN,01001
68.1,-0.1,7,MN,01001
71.6,-0.7,7,MN,01001
69.3,-1.3,7,MN,01001
68.2,-1.2,7,MN,01001
70.1,-2.3,7,MN,01001
68.9,-1.7,7,MN,01001
69.2,-2.3,7,MN,01001
70.2,-1.2,7,MN,01001
69.0,-1.4,7,MN,01001
71.7,-0.5,7,MN,01001
70.3,-1.4,7,MN,01001
66.2,-1.5,7,MN,01001
70.6,0.0,7,MN,01001
64.8,-1.2,7,MN,01001
70.2,-1.4,7,MN,01001
68.9,-0.0,7,MN,01001
69.5,-1.5,7,MN,01001
66.2,-1.0,7,MN,01001
63.8,-2.0,7,MN,01001
70.2,-1.8,7,MN,01001
62.3,-1.4,7,MN,01001
64.1,-2.0,7,MN,01001
70.3,-1.8,7,MN,01001
68.8,-2.3,7,MN,01001
70.3,-1.9,7,MN,01001
70.8,-0.9,7,MN,01001
65.0,-3.1,7,MN,01001
65.5,-2.1,7,MN,01001
70.4,-1.7,7,MN,01001
69.6,-1.4,7,MN,01001
69.1,0.1,7,MN,01001
69.1,-0.3,7,MN,01001
68.9,-1.6,7,MN,01001
69.0,-2.3,7,MN,01001
70.9,-1.7,7,MN,01001
69.1,-2.5,7,MN,01001
66.4,-3.4,7,MN,01001
69.3,-1.3,7,MN,01001
67.1,-2.5,7,MN,01001
65.1,-2.9,7,MN,01001
67.7,-0.0,7,MN,01001
68.4,-3.0,7,MN,01001
66.0,-2.9,7,MN,01001
68.8,-1.3,7,MN,01001
72.0,-0.3,7,MN,01001
65.3,-3.2,7,MN,01001
70.9,-1.6,7,MN,01001
71.0,-1.0,7,MN,01001
70.2,-1.4,7,MN,01001
69.3,-2.9,7,MN,01001
64.6,-1.8,7,MN,01001
63.5,-1.4,7,MN,01001
71.5,-0.9,7,MN,01001
70.3,-0.5,7,MN,01001
71.3,-0.9,7,MN,01001
69.4,-0.8,7,MN,01001
69.5,-1.6,7,MN,01001
69.4,-1.3,7,MN,01001
69.6,-1.6,7,MN,01001
68.3,-1.0,7,MN,01001
69.7,-1.4,7,MN,01001
70.4,-0.9,7,MN,01001
67.6,-1.2,7,MN,01001
69.6,-2.1,7,MN,01001
71.4,-0.6,7,MN,01001
70.5,-2.0,7,MN,01001
69.0,-1.8,7,MN,01001
70.1,-1.0,7,MN,01001
70.5,-0.8,7,MN,01001
70.6,-1.7,7,MN,01001
84.3,3.0,7,MS,01001
79.4,0.0,7,MS,01001
83.4,2.7,7,MS,01001
82.9,2.7,7,MS,01001
79.4,-0.3,7,MS,01001
83.0,1.3,7,MS,01001
81.9,1.3,7,MS,01001
83.4,2.8,7,MS,01001
81.8,1.2,7,MS,01001
82.0,2.2,7,MS,01001
83.8,2.4,7,MS,01001
83.0,2.4,7,MS,01001
82.2,1.4,7,MS,01001
83.0,1.4,7,MS,01001
83.7,2.7,7,MS,01001
83.7,3.0,7,MS,01001
81.3,-0.0,7,MS,01001
83.4,2.3,7,MS,01001
83.3,2.5,7,MS,01001
84.2,3.4,7,MS,01001
83.7,2.7,7,MS,01001
83.2,2.2,7,MS,01001
84.4,3.8,7,MS,01001
84.1,3.4,7,MS,01001
84.1,2.9,7,MS,01001
83.8,2.7,7,MS,01001
84.0,2.1,7,MS,01001
83.8,2.2,7,MS,01001
80.9,0.6,7,MS,01001
84.5,3.7,7,MS,01001
83.0,2.6,7,MS,01001
83.5,2.3,7,MS,01001
83.7,3.0,7,MS,01001
83.5,2.4,7,MS,01001
82.2,1.7,7,MS,01001
81.2,0.6,7,MS,01001
83.5,2.6,7,MS,01001
82.6,2.3,7,MS,01001
83.9,2.9,7,MS,01001
83.2,2.8,7,MS,01001
81.6,0.9,7,MS,01001
84.2,2.6,7,MS,01001
83.2,2.5,7,MS,01001
82.2,1.2,7,MS,01001
84.1,2.9,7,MS,01001
84.1,2.9,7,MS,01001
80.3,-0.0,7,MS,01001
81.4,0.6,7,MS,01001
82.5,2.3,7,MS,01001
82.4,2.3,7,MS,01001
82.8,2.6,7,MS,01001
82.5,1.6,7,MS,01001
82.4,1.9,7,MS,01001
81.9,0.6,7,MS,01001
83.6,3.0,7,MS,01001
83.6,2.6,7,MS,01001
83.4,2.7,7,MS,01001
81.4,1.0,7,MS,01001
80.3,0.4,7,MS,01001
82.9,1.2,7,MS,01001
83.7,2.8,7,MS,01001
83.2,2.9,7,MS,01001
83.9,2.2,7,MS,01001
83.7,2.9,7,MS,01001
83.4,2.9,7,MS,01001
83.5,2.9,7,MS,01001
83.6,1.7,7,MS,01001
83.5,1.9,7,MS,01001
81.4,0.2,7,MS,01001
79.4,-0.1,7,MS,01001
79.6,0.3,7,MS,01001
82.1,0.5,7,MS,01001
80.9,0.6,7,MS,01001
83.6,2.8,7,MS,01001
84.1,2.6,7,MS,01001
83.3,1.3,7,MS,01001
82.9,2.0,7,MS,01001
82.0,1.9,7,MS,01001
84.4,3.3,7,MS,01001
82.2,2.3,7,MS,01001
82.1,1.2,7,MS,01001
84.2,2.6,7,MS,01001
75.5,-0.7,7,MO,01001
76.1,-1.2,7,MO,01001
74.2,-2.9,7,MO,01001
77.9,0.5,7,MO,01001
79.3,1.8,7,MO,01001
80.0,0.6,7,MO,01001
78.9,-0.2,7,MO,01001
78.3,0.1,7,MO,01001
78.4,0.2,7,MO,01001
78.5,0.6,7,MO,01001
76.3,-1.4,7,MO,01001
79.4,-0.2,7,MO,01001
76.0,-1.0,7,MO,01001
78.9,1.0,7,MO,01001
79.4,1.3,7,MO,01001
78.7,0.5,7,MO,01001
77.0,-1.0,7,MO,01001
78.3,0.6,7,MO,01001
78.0,-0.1,7,MO,01001
80.6,1.6,7,MO,01001
77.3,-0.6,7,MO,01001
78.2,1.2,7,MO,01001
75.7,-1.1,7,MO,01001
76.2,-1.6,7,MO,01001
75.4,-1.5,7,MO,01001
79.5,1.2,7,MO,01001
78.2,0.4,7,MO,01001
77.0,0.5,7,MO,01001
80.2,1.6,7,MO,01001
79.2,1.6,7,MO,01001
75.9,-0.9,7,MO,01001
75.8,-1.0,7,MO,01001
77.0,0.5,7,MO,01001
77.5,0.6,7,MO,01001
80.4,-0.1,7,MO,01001
78.0,0.7,7,MO,01001
78.0,0.8,7,MO,01001
75.8,-0.8,7,MO,01001
78.8,1.6,7,MO,01001
75.4,-1.6,7,MO,01001
75.1,-1.0,7,MO,01001
78.8,-0.0,7,MO,01001
79.4,1.2,7,MO,01001
75.7,-2.0,7,MO,01001
77.8,-0.0,7,MO,01001
78.9,2.1,7,MO,01001
76.9,0.6,7,MO,01001
77.3,-0.7,7,MO,01001
80.7,1.6,7,MO,01001
79.1,1.1,7,MO,01001
78.4,0.5,7,MO,01001
76.1,-0.4,7,MO,01001
79.0,1.6,7,MO,01001
77.7,-0.2,7,MO,01001
79.2,1.5,7,MO,01001
76.6,-0.6,7,MO,01001
78.0,0.7,7,MO,01001
76.1,-1.3,7,MO,01001
76.4,-1.2,7,MO,01001
80.5,1.9,7,MO,01001
76.4,-0.6,7,MO,01001
77.7,0.5,7,MO,01001
78.5,0.9,7,MO,01001
77.5,0.0,7,MO,01001
74.3,-1.9,7,MO,01001
79.3,1.3,7,MO,01001
79.5,0.1,7,MO,01001
78.8,0.9,7,MO,01001
77.3,-0.1,7,MO,01001
78.1,0.9,7,MO,01001
78.3,0.7,7,MO,01001
80.1,0.0,7,MO,01001
80.9,2.4,7,MO,01001
75.0,-1.5,7,MO,01001
79.2,1.7,7,MO,01001
79.1,1.2,7,MO,01001
78.4,0.8,7,MO,01001
80.2,-0.3,7,MO,01001
78.5,0.9,7,MO,01001
78.2,0.3,7,MO,01001
77.9,0.6,7,MO,01001
77.6,0.5,7,MO,01001
76.7,-1.2,7,MO,01001
80.0,2.2,7,MO,01001
78.8,1.2,7,MO,01001
74.2,-2.0,7,MO,01001
77.8,0.5,7,MO,01001
77.1,-0.3,7,MO,01001
76.5,-1.2,7,MO,01001
77.2,0.6,7,MO,01001
79.1,0.4,7,MO,01001
78.8,0.6,7,MO,01001
79.6,0.5,7,MO,01001
78.3,0.7,7,MO,01001
77.8,1.1,7,MO,01001
79.3,0.7,7,MO,01001
77.9,-0.1,7,MO,01001
75.0,-1.0,7,MO,01001
75.5,-0.7,7,MO,01001
79.3,0.1,7,MO,01001
78.3,1.3,7,MO,01001
76.6,-0.3,7,MO,01001
79.6,-0.1,7,MO,01001
79.4,1.7,7,MO,01001
74.9,-1.7,7,MO,01001
79.1,1.1,7,MO,01001
77.8,1.1,7,MO,01001
79.7,0.2,7,MO,01001
77.9,0.8,7,MO,01001
77.6,1.0,7,MO,01001
78.1,-0.1,7,MO,01001
77.4,1.0,7,MO,01001
75.1,-0.8,7,MO,01001
77.3,0.7,7,MO,01001
79.6,0.7,7,MO,01001
61.9,2.7,7,MT,01001
69.6,0.5,7,MT,01001
69.1,1.7,7,MT,01001
66.4,1.8,7,MT,01001
66.2,1.3,7,MT,01001
70.5,0.4,7,MT,01001
66.7,1.6,7,MT,01001
69.5,1.8,7,MT,01001
72.3,0.4,7,MT,01001
67.1,0.7,7,MT,01001
70.1,-0.1,7,MT,01001
60.0,1.7,7,MT,01001
69.9,-0.6,7,MT,01001
68.6,1.4,7,MT,01001
63.8,3.9,7,MT,01001
63.3,2.2,7,MT,01001
71.9,1.6,7,MT,01001
63.2,3.5,7,MT,01001
67.5,0.3,7,MT,01001
62.1,3.0,7,MT,01001
69.2,2.3,7,MT,01001
64.5,2.5,7,MT,01001
64.5,1.4,7,MT,01001
68.2,4.0,7,MT,01001
63.8,2.1,7,MT,01001
68.5,2.5,7,MT,01001
65.5,4.2,7,MT,01001
70.4,0.5,7,MT,01001
62.9,1.8,7,MT,01001
62.8,2.2,7,MT,01001
66.2,4.0,7,MT,01001
65.4,3.5,7,MT,01001
70.0,0.4,7,MT,01001
62.0,2.1,7,MT,01001
71.8,1.0,7,MT,01001
70.6,1.3,7,MT,01001
66.3,2.8,7,MT,01001
71.2,0.3,7,MT,01001
63.0,3.0,7,MT,01001
71.0,-0.0,7,MT,01001
63.6,3.2,7,MT,01001
70.0,0.4,7,MT,01001
69.4,0.6,7,MT,01001
71.3,0.6,7,MT,01001
66.2,3.0,7,MT,01001
68.4,1.0,7,MT,01001
62.4,1.9,7,MT,01001
66.2,0.5,7,MT,01001
64.7,1.0,7,MT,01001
64.6,1.9,7,MT,01001
68.2,2.9,7,MT,01001
71.3,0.4,7,MT,01001
69.6,1.2,7,MT,01001
65.1,0.8,7,MT,01001
69.4,-0.8,7,MT,01001
71.1,0.6,7,MT,01001
74.4,-1.9,7,NE,01001
72.1,-2.8,7,NE,01001
71.9,-1.0,7,NE,01001
70.3,-0.6,7,NE,01001
72.3,-2.3,7,NE,01001
72.8,-2.0,7,NE,01001
70.7,-0.9,7,NE,01001
72.8,-2.5,7,NE,01001
72.1,-2.2,7,NE,01001
73.4,-2.2,7,NE,01001
72.8,-2.3,7,NE,01001
73.5,-2.4,7,NE,01001
74.3,-2.4,7,NE,01001
71.8,-2.8,7,NE,01001
74.4,-1.1,7,NE,01001
71.9,-1.0,7,NE,01001
71.6,-0.9,7,NE,01001
74.6,-2.0,7,NE,01001
73.6,-1.7,7,NE,01001
72.6,-2.4,7,NE,01001
72.4,-1.7,7,NE,01001
72.6,-2.2,7,NE,01001
71.3,-1.2,7,NE,01001
73.0,-2.3,7,NE,01001
72.8,-1.2,7,NE,01001
71.8,-2.9,7,NE,01001
73.8,-1.7,7,NE,01001
74.0,-2.2,7,NE,01001
75.2,-0.9,7,NE,01001
74.8,-2.3,7,NE,01001
74.9,-2.0,7,NE,01001
74.4,-1.4,7,NE,01001
74.8,-2.3,7,NE,01001
75.0,-2.6,7,NE,01001
72.1,-0.4,7,NE,01001
71.8,-2.0,7,NE,01001
73.5,-2.5,7,NE,01001
71.3,-0.7,7,NE,01001
73.4,-1.1,7,NE,01001
74.4,-1.6,7,NE,01001
74.7,-1.6,7,NE,01001
74.8,-2.4,7,NE,01001
74.0,-1.7,7,NE,01001
74.9,-1.9,7,NE,01001
71.9,-2.3,7,NE,01001
71.5,-1.8,7,NE,01001
74.2,-1.2,7,NE,01001
76.2,-1.4,7,NE,01001
74.3,-2.9,7,NE,01001
73.4,-2.7,7,NE,01001
73.3,-1.3,7,NE,01001
72.4,-2.0,7,NE,01001
69.2,-1.0,7,NE,01001
72.3,-2.7,7,NE,01001
74.8,-2.1,7,NE,01001
73.0,-1.8,7,NE,01001
71.8,-2.4,7,NE,01001
71.6,-2.5,7,NE,01001
71.6,-2.1,7,NE,01001
72.8,-2.4,7,NE,01001
74.8,-1.2,7,NE,01001
72.0,-0.4,7,NE,01001
74.2,-1.2,7,NE,01001
74.3,-3.0,7,NE,01001
75.5,-1.7,7,NE,01001
74.4,-2.8,7,NE,01001
74.4,-3.0,7,NE,01001
73.5,-1.4,7,NE,01001
73.3,-2.8,7,NE,01001
72.2,-2.6,7,NE,01001
73.5,-1.7,7,NE,01001
74.3,-1.8,7,NE,01001
75.7,-1.0,7,NE,01001
75.1,-2.4,7,NE,01001
71.6,-2.3,7,NE,01001
75.0,-2.2,7,NE,01001
74.2,-2.3,7,NE,01001
74.3,-1.9,7,NE,01001
72.0,-0.3,7,NE,01001
74.3,-2.3,7,NE,01001
70.9,-0.8,7,NE,01001
73.2,-1.6,7,NE,01001
70.1,-0.5,7,NE,01001
73.0,-2.0,7,NE,01001
75.9,-1.5,7,NE,01001
72.1,-2.4,7,NE,01001
72.4,-2.3,7,NE,01001
72.7,-1.6,7,NE,01001
73.6,-2.2,7,NE,01001
72.1,-2.5,7,NE,01001
75.6,-1.4,7,NE,01001
72.4,-1.8,7,NE,01001
74.3,-2.4,7,NE,01001
76.9,3.6,7,NV,01001
90.9,5.6,7,NV,01001
72.1,4.4,7,NV,01001
70.7,3.2,7,NV,01001
78.0,4.5,7,NV,01001
72.2,4.2,7,NV,01001
75.1,4.0,7,NV,01001
74.0,3.9,7,NV,01001
80.7,4.6,7,NV,01001
76.1,4.5,7,NV,01001
75.9,4.9,7,NV,01001
77.8,4.8,7,NV,01001
76.6,3.4,7,NV,01001
75.5,4.8,7,NV,01001
74.1,4.3,7,NV,01001
71.8,3.6,7,NV,01001
73.5,4.5,7,NV,01001
72.0,3.9,7,NH,01001
70.7,4.3,7,NH,01001
71.6,4.0,7,NH,01001
67.4,4.0,7,NH,01001
69.1,4.0,7,NH,01001
72.9,3.9,7,NH,01001
72.1,3.9,7,NH,01001
73.4,3.7,7,NH,01001
72.3,3.5,7,NH,01001
70.6,4.2,7,NH,01001
77.9,3.8,7,NJ,01001
77.5,3.8,7,NJ,01001
78.4,3.7,7,NJ,01001
78.8,3.5,7,NJ,01001
77.8,3.8,7,NJ,01001
78.2,3.6,7,NJ,01001
77.9,4.1,7,NJ,01001
78.7,3.1,7,NJ,01001
79.2,4.0,7,NJ,01001
75.3,3.3,7,NJ,01001
77.7,3.7,7,NJ,01001
78.3,4.1,7,NJ,01001
78.6,4.5,7,NJ,01001
74.9,3.7,7,NJ,01001
78.1,4.3,7,NJ,01001
75.3,3.8,7,NJ,01001
78.4,2.8,7,NJ,01001
76.8,3.7,7,NJ,01001
73.4,3.1,7,NJ,01001
78.4,4.2,7,NJ,01001
74.5,3.6,7,NJ,01001
80.6,7.6,7,NM,01001
72.3,5.8,7,NM,01001
84.5,7.8,7,NM,01001
74.5,5.7,7,NM,01001
69.8,3.4,7,NM,01001
80.8,5.0,7,NM,01001
83.1,6.4,7,NM,01001
86.8,7.5,7,NM,01001
85.8,7.0,7,NM,01001
79.9,6.7,7,NM,01001
79.8,5.6,7,NM,01001
76.9,2.5,7,NM,01001
83.9,6.1,7,NM,01001
84.2,6.1,7,NM,01001
78.7,7.0,7,NM,01001
73.0,6.8,7,NM,01001
86.2,6.9,7,NM,01001
75.3,5.6,7,NM,01001
71.4,5.3,7,NM,01001
81.6,7.2,7,NM,01001
80.4,3.1,7,NM,01001
70.9,5.0,7,NM,01001
81.9,5.7,7,NM,01001
76.9,6.7,7,NM,01001
78.4,5.0,7,NM,01001
76.4,4.5,7,NM,01001
75.4,6.7,7,NM,01001
82.8,7.4,7,NM,01001
80.0,7.4,7,NM,01001
67.2,5.1,7,NM,01001
76.6,7.3,7,NM,01001
74.6,1.7,7,NM,01001
82.3,7.3,7,NM,01001
73.1,2.8,7,NY,01001
69.7,2.3,7,NY,01001
78.8,3.7,7,NY,01001
71.0,2.1,7,NY,01001
69.0,1.9,7,NY,01001
71.1,1.4,7,NY,01001
70.0,1.5,7,NY,01001
71.3,2.4,7,NY,01001
69.7,1.9,7,NY,01001
69.7,2.5,7,NY,01001
74.3,3.7,7,NY,01001
69.6,1.9,7,NY,01001
69.1,2.5,7,NY,01001
75.3,4.3,7,NY,01001
71.2,1.9,7,NY,01001
67.9,2.9,7,NY,01001
68.2,2.7,7,NY,01001
70.2,2.3,7,NY,01001
70.9,1.4,7,NY,01001
70.9,2.7,7,NY,01001
66.7,2.6,7,NY,01001
68.3,2.2,7,NY,01001
70.6,2.1,7,NY,01001
79.1,3.8,7,NY,01001
68.3,2.6,7,NY,01001
71.3,1.6,7,NY,01001
70.3,2.5,7,NY,01001
71.8,1.3,7,NY,01001
72.5,2.2,7,NY,01001
77.6,3.7,7,NY,01001
79.2,3.8,7,NY,01001
71.6,1.1,7,NY,01001
70.6,2.4,7,NY,01001
71.7,2.2,7,NY,01001
71.2,1.4,7,NY,01001
74.2,3.4,7,NY,01001
71.3,1.1,7,NY,01001
71.3,2.5,7,NY,01001
68.9,1.7,7,NY,01001
75.8,4.6,7,NY,01001
78.5,3.6,7,NY,01001
73.4,4.0,7,NY,01001
79.2,4.1,7,NY,01001
76.6,4.1,7,NY,01001
69.8,2.6,7,NY,01001
72.5,3.2,7,NY,01001
73.1,2.9,7,NY,01001
70.1,2.2,7,NY,01001
70.7,2.1,7,NY,01001
71.6,1.0,7,NY,01001
70.2,2.2,7,NY,01001
76.0,4.1,7,NY,01001
71.0,3.1,7,NY,01001
71.3,2.2,7,NY,01001
70.8,1.8,7,NY,01001
72.4,3.6,7,NY,01001
69.8,3.1,7,NY,01001
72.7,3.8,7,NY,01001
71.4,1.1,7,NY,01001
77.1,4.4,7,NY,01001
69.7,2.0,7,NY,01001
70.8,1.2,7,NY,01001
79.2,1.7,7,NC,01001
77.0,1.3,7,NC,01001
70.9,1.6,7,NC,01001
81.0,1.5,7,NC,01001
69.3,1.3,7,NC,01001
67.9,1.2,7,NC,01001
80.5,1.5,7,NC,01001
80.6,2.5,7,NC,01001
81.2,2.0,7,NC,01001
81.4,2.1,7,NC,01001
71.9,0.9,7,NC,01001
76.4,1.0,7,NC,01001
79.3,0.9,7,NC,01001
76.2,1.1,7,NC,01001
80.6,2.7,7,NC,01001
81.2,1.9,7,NC,01001
78.6,1.3,7,NC,01001
78.2,1.5,7,NC,01001
80.1,2.0,7,NC,01001
73.2,-0.4,7,NC,01001
80.8,2.4,7,NC,01001
72.1,0.6,7,NC,01001
78.2,0.9,7,NC,01001
81.5,2.3,7,NC,01001
80.7,1.9,7,NC,01001
81.2,1.8,7,NC,01001
80.9,2.9,7,NC,01001
80.9,2.0,7,NC,01001
78.6,1.4,7,NC,01001
78.3,1.8,7,NC,01001
79.9,1.2,7,NC,01001
80.1,2.5,7,NC,01001
80.5,2.0,7,NC,01001
78.0,1.6,7,NC,01001
80.0,2.3,7,NC,01001
79.3,1.6,7,NC,01001
80.2,2.3,7,NC,01001
70.6,-0.4,7,NC,01001
79.5,2.6,7,NC,01001
80.8,1.8,7,NC,01001
78.8,1.7,7,NC,01001
80.2,2.2,7,NC,01001
80.6,1.6,7,NC,01001
67.9,0.4,7,NC,01001
72.5,0.4,7,NC,01001
80.3,2.4,7,NC,01001
81.4,2.4,7,NC,01001
80.8,1.4,7,NC,01001
78.2,1.8,7,NC,01001
69.4,0.6,7,NC,01001
80.6,1.7,7,NC,01001
80.2,1.7,7,NC,01001
80.3,1.8,7,NC,01001
80.4,1.6,7,NC,01001
78.6,1.6,7,NC,01001
74.6,0.4,7,NC,01001
70.8,0.8,7,NC,01001
72.6,0.8,7,NC,01001
80.7,2.3,7,NC,01001
80.0,1.8,7,NC,01001
68.7,0.4,7,NC,01001
80.6,2.1,7,NC,01001
81.0,2.6,7,NC,01001
80.2,2.2,7,NC,01001
81.2,1.8,7,NC,01001
80.2,2.2,7,NC,01001
80.0,1.2,7,NC,01001
79.1,2.0,7,NC,01001
81.0,1.5,7,NC,01001
80.7,2.7,7,NC,01001
80.4,1.5,7,NC,01001
80.7,2.6,7,NC,01001
78.5,2.0,7,NC,01001
80.7,1.7,7,NC,01001
76.8,0.1,7,NC,01001
79.6,1.8,7,NC,01001
81.5,2.3,7,NC,01001
82.1,2.6,7,NC,01001
78.7,1.7,7,NC,01001
78.5,1.1,7,NC,01001
77.4,0.5,7,NC,01001
80.4,1.4,7,NC,01001
82.0,2.8,7,NC,01001
80.0,1.0,7,NC,01001
77.3,1.5,7,NC,01001
76.4,1.7,7,NC,01001
68.3,-0.4,7,NC,01001
71.3,0.9,7,NC,01001
81.1,2.3,7,NC,01001
80.1,1.4,7,NC,01001
79.7,2.6,7,NC,01001
80.6,2.4,7,NC,01001
80.0,2.4,7,NC,01001
80.5,2.1,7,NC,01001
69.3,1.4,7,NC,01001
80.6,1.6,7,NC,01001
76.0,1.5,7,NC,01001
80.8,2.1,7,NC,01001
77.2,1.6,7,NC,01001
68.2,0.2,7,NC,01001
68.2,-1.4,7,ND,01001
67.3,-2.1,7,ND,01001
66.1,-2.0,7,ND,01001
68.9,-0.8,7,ND,01001
66.4,-1.3,7,ND,01001
68.9,-0.8,7,ND,01001
65.8,-1.1,7,ND,01001
66.7,-3.1,7,ND,01001
67.9,-2.5,7,ND,01001
64.9,-1.4,7,ND,01001
67.4,-2.9,7,ND,01001
67.4,0.4,7,ND,01001
68.5,-0.6,7,ND,01001
66.5,-2.2,7,ND,01001
67.8,-3.0,7,ND,01001
66.4,-2.5,7,ND,01001
69.2,-0.6,7,ND,01001
66.5,-2.7,7,ND,01001
67.7,-2.7,7,ND,01001
66.1,-2.6,7,ND,01001
67.4,-2.0,7,ND,01001
66.2,-3.0,7,ND,01001
67.6,-2.4,7,ND,01001
66.9,-2.5,7,ND,01001
67.1,-1.8,7,ND,01001
67.1,-2.5,7,ND,01001
69.0,-0.2,7,ND,01001
67.0,-2.2,7,ND,01001
67.6,-1.9,7,ND,01001
67.5,-2.6,7,ND,01001
66.9,-0.9,7,ND,01001
66.2,-1.8,7,ND,01001
66.8,-3.1,7,ND,01001
66.8,-1.2,7,ND,01001
66.0,-1.7,7,ND,01001
66.1,-1.8,7,ND,01001
68.3,-2.2,7,ND,01001
66.6,-1.6,7,ND,01001
69.0,-1.9,7,ND,01001
65.3,-0.7,7,ND,01001
68.1,-2.8,7,ND,01001
65.0,-3.9,7,ND,01001
68.3,-2.8,7,ND,01001
68.6,-1.3,7,ND,01001
67.6,-1.8,7,ND,01001
65.2,-4.0,7,ND,01001
67.1,-2.2,7,ND,01001
65.6,-0.9,7,ND,01001
66.1,-4.1,7,ND,01001
66.7,-1.3,7,ND,01001
66.8,-1.7,7,ND,01001
65.1,-3.5,7,ND,01001
68.5,0.5,7,ND,01001
74.5,0.4,7,OH,01001
74.3,0.7,7,OH,01001
72.0,0.7,7,OH,01001
71.2,1.1,7,OH,01001
74.0,0.8,7,OH,01001
73.9,0.4,7,OH,01001
72.9,0.5,7,OH,01001
74.4,0.4,7,OH,01001
75.2,0.1,7,OH,01001
72.6,1.2,7,OH,01001
73.1,-0.0,7,OH,01001
74.0,0.5,7,OH,01001
75.4,0.5,7,OH,01001
74.7,1.2,7,OH,01001
71.8,0.8,7,OH,01001
73.3,1.1,7,OH,01001
72.9,0.9,7,OH,01001
72.6,0.5,7,OH,01001
73.4,0.0,7,OH,01001
73.0,-0.4,7,OH,01001
73.9,0.1,7,OH,01001
73.4,-0.1,7,OH,01001
73.7,0.1,7,OH,01001
74.0,0.7,7,OH,01001
74.9,0.5,7,OH,01001
73.2,0.2,7,OH,01001
74.7,0.3,7,OH,01001
70.9,1.1,7,OH,01001
74.9,1.0,7,OH,01001
73.9,1.3,7,OH,01001
75.9,0.2,7,OH,01001
74.3,0.8,7,OH,01001
73.7,0.6,7,OH,01001
73.0,1.1,7,OH,01001
73.8,0.3,7,OH,01001
74.4,0.9,7,OH,01001
73.4,0.2,7,OH,01001
72.4,0.8,7,OH,01001
72.6,0.2,7,OH,01001
74.2,0.4,7,OH,01001
72.6,0.3,7,OH,01001
72.0,0.2,7,OH,01001
72.3,1.3,7,OH,01001
75.7,1.3,7,OH,01001
72.9,0.1,7,OH,01001
72.8,-0.0,7,OH,01001
72.5,-0.2,7,OH,01001
74.9,1.1,7,OH,01001
74.0,0.5,7,OH,01001
71.9,1.5,7,OH,01001
73.6,0.5,7,OH,01001
71.9,0.1,7,OH,01001
74.2,0.3,7,OH,01001
73.6,0.3,7,OH,01001
74.8,0.8,7,OH,01001
73.4,0.6,7,OH,01001
75.3,0.8,7,OH,01001
73.8,0.8,7,OH,01001
72.4,0.3,7,OH,01001
74.0,1.3,7,OH,01001
73.7,0.8,7,OH,01001
74.3,0.3,7,OH,01001
73.6,-0.0,7,OH,01001
73.4,0.7,7,OH,01001
74.7,0.2,7,OH,01001
74.8,0.9,7,OH,01001
71.5,1.1,7,OH,01001
73.1,-0.5,7,OH,01001
74.1,0.4,7,OH,01001
72.1,1.0,7,OH,01001
74.6,0.5,7,OH,01001
73.9,0.1,7,OH,01001
75.2,0.9,7,OH,01001
73.4,0.4,7,OH,01001
73.5,0.2,7,OH,01001
72.5,1.2,7,OH,01001
72.2,0.5,7,OH,01001
71.7,1.5,7,OH,01001
73.4,1.4,7,OH,01001
73.5,-0.0,7,OH,01001
74.1,0.5,7,OH,01001
73.6,0.2,7,OH,01001
75.7,0.9,7,OH,01001
74.5,0.8,7,OH,01001
72.1,0.5,7,OH,01001
72.0,-0.5,7,OH,01001
74.7,1.0,7,OH,01001
73.9,0.7,7,OH,01001
80.6,1.3,7,OK,01001
81.5,-0.6,7,OK,01001
82.8,0.5,7,OK,01001
79.4,-1.1,7,OK,01001
82.2,0.3,7,OK,01001
82.3,0.2,7,OK,01001
84.2,1.3,7,OK,01001
82.9,0.7,7,OK,01001
81.9,-0.1,7,OK,01001
83.6,0.3,7,OK,01001
80.9,0.2,7,OK,01001
82.6,0.7,7,OK,01001
77.0,-0.3,7,OK,01001
81.9,-0.3,7,OK,01001
82.9,0.4,7,OK,01001
84.3,1.5,7,OK,01001
85.6,1.7,7,OK,01001
80.7,-0.3,7,OK,01001
81.5,-0.4,7,OK,01001
82.0,0.1,7,OK,01001
80.6,0.6,7,OK,01001
81.4,0.0,7,OK,01001
80.6,0.0,7,OK,01001
81.9,-0.2,7,OK,01001
83.0,0.1,7,OK,01001
82.6,0.6,7,OK,01001
81.7,-0.4,7,OK,01001
83.5,0.6,7,OK,01001
84.7,1.5,7,OK,01001
80.2,-1.2,7,OK,01001
82.8,1.0,7,OK,01001
82.1,0.1,7,OK,01001
85.1,1.3,7,OK,01001
85.2,1.2,7,OK,01001
83.5,0.8,7,OK,01001
81.7,-0.2,7,OK,01001
82.4,-0.5,7,OK,01001
83.8,1.0,7,OK,01001
82.0,0.9,7,OK,01001
81.9,1.5,7,OK,01001
81.5,-1.0,7,OK,01001
81.7,-0.9,7,OK,01001
84.7,1.0,7,OK,01001
82.3,0.1,7,OK,01001
81.2,1.0,7,OK,01001
82.3,-0.0,7,OK,01001
81.9,-0.4,7,OK,01001
84.5,1.2,7,OK,01001
81.2,-0.4,7,OK,01001
83.0,0.3,7,OK,01001
82.2,0.0,7,OK,01001
82.2,0.1,7,OK,01001
80.9,-0.5,7,OK,01001
81.7,-0.4,7,OK,01001
81.7,-0.6,7,OK,01001
81.9,-0.5,7,OK,01001
81.2,-0.1,7,OK,01001
81.7,1.4,7,OK,01001
82.0,0.1,7,OK,01001
82.1,-0.1,7,OK,01001
82.0,-0.0,7,OK,01001
82.7,0.5,7,OK,01001
81.9,-0.5,7,OK,01001
81.7,0.8,7,OK,01001
81.4,0.1,7,OK,01001
81.4,-0.4,7,OK,01001
82.1,-0.1,7,OK,01001
82.3,1.0,7,OK,01001
83.7,0.9,7,OK,01001
78.5,-0.9,7,OK,01001
85.8,1.8,7,OK,01001
81.7,-0.4,7,OK,01001
81.9,-0.4,7,OK,01001
81.1,-0.3,7,OK,01001
82.4,0.2,7,OK,01001
80.7,-1.0,7,OK,01001
80.7,-0.5,7,OK,01001
70.4,4.4,7,OR,01001
69.0,4.0,7,OR,01001
66.0,3.9,7,OR,01001
63.3,3.6,7,OR,01001
66.8,3.9,7,OR,01001
64.7,3.1,7,OR,01001
68.6,4.9,7,OR,01001
66.6,3.1,7,OR,01001
65.7,4.2,7,OR,01001
68.2,4.1,7,OR,01001
73.1,4.1,7,OR,01001
67.1,4.0,7,OR,01001
71.0,4.6,7,OR,01001
65.5,4.4,7,OR,01001
70.7,4.2,7,OR,01001
69.4,4.7,7,OR,01001
69.8,4.2,7,OR,01001
66.2,4.3,7,OR,01001
68.4,4.6,7,OR,01001
66.6,3.7,7,OR,01001
64.4,3.5,7,OR,01001
66.5,3.7,7,OR,01001
74.2,4.2,7,OR,01001
67.4,4.2,7,OR,01001
72.2,4.1,7,OR,01001
68.9,4.1,7,OR,01001
68.6,4.3,7,OR,01001
72.8,4.1,7,OR,01001
63.2,3.4,7,OR,01001
70.9,3.6,7,OR,01001
66.8,4.1,7,OR,01001
66.8,4.4,7,OR,01001
70.6,4.6,7,OR,01001
67.5,3.6,7,OR,01001
69.8,4.5,7,OR,01001
68.2,3.7,7,OR,01001
76.5,3.1,7,PA,01001
73.4,0.9,7,PA,01001
71.8,1.1,7,PA,01001
72.5,0.4,7,PA,01001
72.9,1.4,7,PA,01001
75.5,2.3,7,PA,01001
71.8,1.3,7,PA,01001
70.9,2.1,7,PA,01001
76.3,3.2,7,PA,01001
71.7,1.0,7,PA,01001
69.9,1.3,7,PA,01001
70.1,1.2,7,PA,01001
71.7,2.5,7,PA,01001
71.7,1.5,7,PA,01001
76.2,2.3,7,PA,01001
70.7,1.5,7,PA,01001
70.3,1.5,7,PA,01001
71.8,1.8,7,PA,01001
72.4,1.6,7,PA,01001
69.8,1.1,7,PA,01001
76.6,3.1,7,PA,01001
75.9,3.1,7,PA,01001
78.2,2.8,7,PA,01001
69.8,2.3,7,PA,01001
69.8,0.7,7,PA,01001
72.1,1.3,7,PA,01001
69.8,1.7,7,PA,01001
76.0,2.9,7,PA,01001
74.8,2.2,7,PA,01001
72.7,0.7,7,PA,01001
73.5,1.6,7,PA,01001
71.0,1.0,7,PA,01001
70.2,1.9,7,PA,01001
74.6,1.7,7,PA,01001
71.1,2.8,7,PA,01001
76.7,2.9,7,PA,01001
72.0,1.0,7,PA,01001
75.8,3.0,7,PA,01001
75.1,2.6,7,PA,01001
71.6,2.4,7,PA,01001
71.6,1.9,7,PA,01001
69.2,2.6,7,PA,01001
71.0,1.5,7,PA,01001
73.7,1.5,7,PA,01001
71.1,2.7,7,PA,01001
77.6,3.4,7,PA,01001
73.3,1.6,7,PA,01001
74.5,3.0,7,PA,01001
73.4,1.7,7,PA,01001
75.4,2.5,7,PA,01001
79.0,3.5,7,PA,01001
71.2,2.8,7,PA,01001
68.9,1.4,7,PA,01001
72.8,2.1,7,PA,01001
73.8,1.7,7,PA,01001
70.0,1.9,7,PA,01001
68.9,1.7,7,PA,01001
70.9,2.4,7,PA,01001
69.5,1.6,7,PA,01001
73.1,1.8,7,PA,01001
70.6,1.5,7,PA,01001
69.1,1.4,7,PA,01001
72.8,0.8,7,PA,01001
70.6,2.7,7,PA,01001
72.9,1.5,7,PA,01001
71.6,2.5,7,PA,01001
77.0,3.7,7,PA,01001
75.1,3.7,7,RI,01001
74.1,3.9,7,RI,01001
74.4,3.8,7,RI,01001
74.2,3.8,7,RI,01001
74.3,4.2,7,RI,01001
80.6,0.7,7,SC,01001
81.9,1.7,7,SC,01001
81.7,1.4,7,SC,01001
80.0,1.2,7,SC,01001
81.2,0.9,7,SC,01001
81.4,1.1,7,SC,01001
84.2,3.1,7,SC,01001
82.5,1.9,7,SC,01001
82.0,1.5,7,SC,01001
82.9,2.1,7,SC,01001
79.0,0.8,7,SC,01001
79.9,0.6,7,SC,01001
81.1,1.7,7,SC,01001
82.0,1.5,7,SC,01001
82.7,2.4,7,SC,01001
82.4,2.4,7,SC,01001
82.7,2.8,7,SC,01001
82.7,2.2,7,SC,01001
81.7,1.4,7,SC,01001
80.7,0.7,7,SC,01001
82.5,2.0,7,SC,01001
81.7,1.4,7,SC,01001
78.2,0.7,7,SC,01001
80.8,0.5,7,SC,01001
82.6,2.3,7,SC,01001
81.8,1.8,7,SC,01001
83.6,2.9,7,SC,01001
81.4,1.8,7,SC,01001
80.0,1.3,7,SC,01001
80.0,0.3,7,SC,01001
82.4,2.5,7,SC,01001
81.9,1.8,7,SC,01001
81.2,0.8,7,SC,01001
82.4,2.0,7,SC,01001
82.3,2.3,7,SC,01001
81.0,0.8,7,SC,01001
77.8,0.5,7,SC,01001
81.9,1.4,7,SC,01001
77.9,0.8,7,SC,01001
81.8,1.3,7,SC,01001
81.5,1.3,7,SC,01001
79.3,0.9,7,SC,01001
82.5,2.3,7,SC,01001
79.9,0.6,7,SC,01001
81.9,1.4,7,SC,01001
79.4,0.8,7,SC,01001
71.4,-2.7,7,SD,01001
71.1,-2.3,7,SD,01001
71.8,-0.9,7,SD,01001
72.4,-2.6,7,SD,01001
68.4,-2.8,7,SD,01001
69.5,-2.0,7,SD,01001
71.8,-2.7,7,SD,01001
71.1,-2.8,7,SD,01001
71.2,-0.4,7,SD,01001
68.8,-2.9,7,SD,01001
72.7,-2.7,7,SD,01001
69.7,-1.4,7,SD,01001
71.7,-2.9,7,SD,01001
68.7,-1.2,7,SD,01001
69.7,-2.4,7,SD,01001
68.9,-1.1,7,SD,01001
71.9,-2.6,7,SD,01001
68.8,-1.4,7,SD,01001
68.6,-1.6,7,SD,01001
71.4,-1.8,7,SD,01001
72.0,-2.8,7,SD,01001
69.3,-2.3,7,SD,01001
71.7,-1.1,7,SD,01001
70.1,-2.0,7,SD,01001
69.6,-1.2,7,SD,01001
72.5,-2.2,7,SD,01001
71.9,-2.3,7,SD,01001
68.9,-1.5,7,SD,01001
70.5,-2.4,7,SD,01001
71.9,-2.4,7,SD,01001
70.6,0.5,7,SD,01001
72.0,-2.3,7,SD,01001
72.0,-2.5,7,SD,01001
70.1,-2.4,7,SD,01001
72.9,-1.6,7,SD,01001
70.5,-2.9,7,SD,01001
72.8,-2.2,7,SD,01001
69.6,-2.2,7,SD,01001
69.3,-2.9,7,SD,01001
65.1,-1.3,7,SD,01001
70.5,-3.0,7,SD,01001
72.6,-2.4,7,SD,01001
70.9,-2.4,7,SD,01001
67.9,-2.6,7,SD,01001
67.9,-2.4,7,SD,01001
71.2,-1.1,7,SD,01001
73.3,-1.6,7,SD,01001
70.7,-2.5,7,SD,01001
70.2,-2.4,7,SD,01001
68.8,-3.1,7,SD,01001
72.0,-1.3,7,SD,01001
69.8,-1.3,7,SD,01001
70.1,-0.9,7,SD,01001
69.3,-2.9,7,SD,01001
69.4,-1.4,7,SD,01001
71.4,-2.7,7,SD,01001
71.0,-1.6,7,SD,01001
72.5,-2.2,7,SD,01001
70.7,-2.8,7,SD,01001
71.8,-1.9,7,SD,01001
73.1,-1.6,7,SD,01001
71.2,-2.6,7,SD,01001
71.6,-2.8,7,SD,01001
69.3,-2.6,7,SD,01001
71.9,-2.7,7,SD,01001
71.6,-1.5,7,SD,01001
75.6,-0.3,7,TN,01001
78.1,0.4,7,TN,01001
79.2,0.7,7,TN,01001
75.1,0.3,7,TN,01001
75.8,-0.3,7,TN,01001
78.0,0.1,7,TN,01001
73.8,-0.3,7,TN,01001
76.9,0.2,7,TN,01001
79.0,0.3,7,TN,01001
72.3,1.3,7,TN,01001
78.5,0.5,7,TN,01001
79.2,0.3,7,TN,01001
74.7,0.1,7,TN,01001
77.1,0.2,7,TN,01001
75.7,0.2,7,TN,01001
76.6,0.3,7,TN,01001
79.5,0.1,7,TN,01001
73.0,-0.4,7,TN,01001
79.1,0.8,7,TN,01001
79.4,0.6,7,TN,01001
76.9,-0.1,7,TN,01001
77.9,0.6,7,TN,01001
79.8,-0.0,7,TN,01001
79.6,-0.3,7,TN,01001
73.5,-0.1,7,TN,01001
76.9,0.4,7,TN,01001
79.4,0.2,7,TN,01001
76.8,-0.7,7,TN,01001
76.1,0.2,7,TN,01001
75.5,-0.1,7,TN,01001
74.1,0.0,7,TN,01001
76.5,0.0,7,TN,01001
78.0,0.5,7,TN,01001
75.2,0.3,7,TN,01001
79.2,-0.0,7,TN,01001
79.3,0.3,7,TN,01001
75.9,0.2,7,TN,01001
79.6,0.0,7,TN,01001
79.1,0.5,7,TN,01001
79.2,0.4,7,TN,01001
78.2,0.8,7,TN,01001
78.6,0.7,7,TN,01001
78.8,0.9,7,TN,01001
77.2,-0.1,7,TN,01001
77.4,0.5,7,TN,01001
71.1,1.6,7,TN,01001
77.3,0.2,7,TN,01001
79.8,-0.3,7,TN,01001
79.8,-0.5,7,TN,01001
76.7,-0.4,7,TN,01001
77.3,0.4,7,TN,01001
77.8,-0.1,7,TN,01001
77.2,-0.4,7,TN,01001
77.4,-0.1,7,TN,01001
79.4,0.3,7,TN,01001
77.2,0.2,7,TN,01001
79.3,0.3,7,TN,01001
76.3,0.1,7,TN,01001
78.1,0.4,7,TN,01001
78.3,0.8,7,TN,01001
77.6,0.2,7,TN,01001
75.5,-0.5,7,TN,01001
78.6,0.6,7,TN,01001
77.6,0.4,7,TN,01001
74.1,-0.1,7,TN,01001
79.4,-0.1,7,TN,01001
75.3,-0.2,7,TN,01001
79.0,0.9,7,TN,01001
75.7,0.3,7,TN,01001
76.1,-0.6,7,TN,01001
75.7,-0.2,7,TN,01001
76.2,0.1,7,TN,01001
77.0,-0.0,7,TN,01001
78.0,0.1,7,TN,01001
78.6,0.6,7,TN,01001
73.8,0.2,7,TN,01001
75.1,0.3,7,TN,01001
74.1,-0.2,7,TN,01001
81.0,-0.2,7,TN,01001
77.6,-0.3,7,TN,01001
78.8,0.5,7,TN,01001
75.4,1.1,7,TN,01001
78.1,0.3,7,TN,01001
80.1,-0.5,7,TN,01001
78.0,0.0,7,TN,01001
71.3,0.4,7,TN,01001
75.6,-0.1,7,TN,01001
74.7,0.0,7,TN,01001
76.1,-0.1,7,TN,01001
75.3,0.5,7,TN,01001
78.2,0.5,7,TN,01001
79.4,0.2,7,TN,01001
75.5,-0.3,7,TN,01001
78.4,0.8,7,TN,01001
78.4,0.4,7,TN,01001
86.1,3.2,7,TX,01001
86.3,5.7,7,TX,01001
87.2,4.7,7,TX,01001
86.8,3.2,7,TX,01001
87.3,2.6,7,TX,01001
82.4,2.9,7,TX,01001
88.4,3.6,7,TX,01001
88.0,4.6,7,TX,01001
81.3,4.1,7,TX,01001
86.3,4.6,7,TX,01001
88.6,4.8,7,TX,01001
87.1,2.3,7,TX,01001
88.1,3.8,7,TX,01001
88.5,5.1,7,TX,01001
88.3,4.3,7,TX,01001
87.6,4.7,7,TX,01001
85.6,3.3,7,TX,01001
87.7,3.6,7,TX,01001
83.4,1.5,7,TX,01001
86.5,3.9,7,TX,01001
88.4,4.7,7,TX,01001
86.2,6.2,7,TX,01001
83.2,2.7,7,TX,01001
89.0,4.1,7,TX,01001
87.5,4.3,7,TX,01001
88.5,4.9,7,TX,01001
88.5,5.0,7,TX,01001
89.5,5.5,7,TX,01001
87.1,3.9,7,TX,01001
86.1,3.2,7,TX,01001
87.9,3.6,7,TX,01001
84.2,1.8,7,TX,01001
81.0,2.2,7,TX,01001
83.5,1.1,7,TX,01001
80.7,3.5,7,TX,01001
86.2,3.7,7,TX,01001
85.6,3.1,7,TX,01001
85.4,1.9,7,TX,01001
87.1,2.5,7,TX,01001
81.8,4.3,7,TX,01001
87.1,4.3,7,TX,01001
87.1,4.4,7,TX,01001
85.6,2.2,7,TX,01001
83.6,1.6,7,TX,01001
88.6,5.3,7,TX,01001
87.8,4.5,7,TX,01001
88.0,4.8,7,TX,01001
87.1,4.7,7,TX,01001
85.9,2.2,7,TX,01001
88.3,4.7,7,TX,01001
85.5,1.6,7,TX,01001
88.8,5.5,7,TX,01001
87.2,4.7,7,TX,01001
83.0,2.4,7,TX,01001
85.1,6.9,7,TX,01001
77.5,0.8,7,TX,01001
87.7,3.1,7,TX,01001
84.3,3.3,7,TX,01001
80.6,3.9,7,TX,01001
83.6,0.8,7,TX,01001
87.7,3.3,7,TX,01001
89.3,5.3,7,TX,01001
84.6,2.1,7,TX,01001
90.0,3.9,7,TX,01001
82.8,2.2,7,TX,01001
88.8,4.0,7,TX,01001
86.5,3.4,7,TX,01001
87.5,6.0,7,TX,01001
85.6,4.3,7,TX,01001
87.8,3.0,7,TX,01001
88.8,7.8,7,TX,01001
88.1,4.8,7,TX,01001
87.6,3.9,7,TX,01001
84.2,1.4,7,TX,01001
89.0,5.3,7,TX,01001
86.8,3.7,7,TX,01001
81.3,1.8,7,TX,01001
86.2,1.6,7,TX,01001
88.0,5.0,7,TX,01001
84.0,1.6,7,TX,01001
87.2,3.6,7,TX,01001
88.6,3.8,7,TX,01001
84.5,4.8,7,TX,01001
86.5,3.8,7,TX,01001
85.9,3.6,7,TX,01001
86.1,4.7,7,TX,01001
86.9,5.2,7,TX,01001
88.4,4.4,7,TX,01001
89.8,5.6,7,TX,01001
81.0,1.6,7,TX,01001
85.2,1.7,7,TX,01001
84.5,1.4,7,TX,01001
87.9,4.4,7,TX,01001
89.0,4.9,7,TX,01001
80.6,2.1,7,TX,01001
84.9,2.2,7,TX,01001
88.2,4.9,7,TX,01001
81.0,1.1,7,TX,01001
85.9,1.6,7,TX,01001
85.9,3.9,7,TX,01001
87.4,4.3,7,TX,01001
83.8,0.7,7,TX,01001
78.6,1.4,7,TX,01001
87.1,2.8,7,TX,01001
87.8,4.5,7,TX,01001
81.2,0.7,7,TX,01001
85.9,2.7,7,TX,01001
89.0,3.5,7,TX,01001
87.8,3.2,7,TX,01001
81.9,3.4,7,TX,01001
88.1,3.6,7,TX,01001
83.6,1.0,7,TX,01001
86.6,3.4,7,TX,01001
86.4,4.1,7,TX,01001
85.3,7.1,7,TX,01001
84.3,1.4,7,TX,01001
82.4,1.9,7,TX,01001
86.7,4.6,7,TX,01001
87.5,3.9,7,TX,01001
87.9,4.8,7,TX,01001
85.8,4.3,7,TX,01001
82.6,7.3,7,TX,01001
86.4,4.1,7,TX,01001
89.2,4.1,7,TX,01001
88.7,4.0,7,TX,01001
87.3,2.9,7,TX,01001
86.8,2.9,7,TX,01001
88.5,4.2,7,TX,01001
85.8,1.6,7,TX,01001
86.5,4.4,7,TX,01001
88.1,3.9,7,TX,01001
86.8,3.5,7,TX,01001
85.3,4.7,7,TX,01001
86.1,5.1,7,TX,01001
86.3,2.3,7,TX,01001
88.9,4.0,7,TX,01001
88.7,4.7,7,TX,01001
86.7,2.0,7,TX,01001
82.8,0.3,7,TX,01001
80.8,3.0,7,TX,01001
88.4,5.0,7,TX,01001
89.5,3.6,7,TX,01001
89.5,6.0,7,TX,01001
88.1,4.6,7,TX,01001
86.8,3.3,7,TX,01001
86.3,3.6,7,TX,01001
87.3,3.5,7,TX,01001
80.5,0.3,7,TX,01001
88.4,3.6,7,TX,01001
88.8,5.1,7,TX,01001
88.6,6.4,7,TX,01001
82.4,3.2,7,TX,01001
83.7,3.5,7,TX,01001
87.4,4.9,7,TX,01001
87.8,3.8,7,TX,01001
88.8,3.5,7,TX,01001
87.5,3.9,7,TX,01001
83.5,0.5,7,TX,01001
86.5,4.8,7,TX,01001
87.8,5.4,7,TX,01001
86.8,4.1,7,TX,01001
90.3,3.9,7,TX,01001
87.8,4.1,7,TX,01001
86.3,5.3,7,TX,01001
87.4,5.6,7,TX,01001
88.3,4.9,7,TX,01001
87.9,4.9,7,TX,01001
87.2,4.3,7,TX,01001
86.5,2.7,7,TX,01001
87.5,4.3,7,TX,01001
80.6,1.6,7,TX,01001
83.9,1.5,7,TX,01001
84.1,1.6,7,TX,01001
86.6,4.3,7,TX,01001
87.9,3.5,7,TX,01001
85.7,4.2,7,TX,01001
86.3,4.5,7,TX,01001
88.3,4.2,7,TX,01001
80.6,0.6,7,TX,01001
80.3,2.2,7,TX,01001
85.9,3.9,7,TX,01001
88.1,4.0,7,TX,01001
84.8,1.9,7,TX,01001
87.8,3.5,7,TX,01001
81.1,4.4,7,TX,01001
87.0,6.1,7,TX,01001
87.0,4.4,7,TX,01001
81.5,2.6,7,TX,01001
85.6,6.8,7,TX,01001
83.8,0.9,7,TX,01001
81.1,3.4,7,TX,01001
86.9,5.1,7,TX,01001
85.3,4.2,7,TX,01001
82.8,0.9,7,TX,01001
88.7,7.1,7,TX,01001
87.1,3.4,7,TX,01001
81.8,1.4,7,TX,01001
87.7,4.1,7,TX,01001
85.5,1.8,7,TX,01001
87.3,4.3,7,TX,01001
85.1,2.4,7,TX,01001
86.1,4.5,7,TX,01001
86.3,4.4,7,TX,01001
87.1,4.0,7,TX,01001
87.6,3.6,7,TX,01001
88.2,5.1,7,TX,01001
86.0,4.7,7,TX,01001
86.2,3.7,7,TX,01001
86.7,2.6,7,TX,01001
85.4,3.1,7,TX,01001
79.5,0.7,7,TX,01001
84.6,2.1,7,TX,01001
88.0,3.6,7,TX,01001
89.8,4.0,7,TX,01001
86.5,2.5,7,TX,01001
86.7,4.7,7,TX,01001
86.9,2.9,7,TX,01001
86.0,4.8,7,TX,01001
80.8,2.5,7,TX,01001
88.3,3.4,7,TX,01001
86.3,3.6,7,TX,01001
88.2,4.8,7,TX,01001
83.2,3.8,7,TX,01001
86.9,2.5,7,TX,01001
84.2,1.9,7,TX,01001
87.1,4.3,7,TX,01001
88.4,4.4,7,TX,01001
87.2,4.1,7,TX,01001
86.2,4.4,7,TX,01001
84.0,1.4,7,TX,01001
87.6,5.2,7,TX,01001
87.8,3.7,7,TX,01001
88.5,4.0,7,TX,01001
84.4,1.2,7,TX,01001
88.0,4.5,7,TX,01001
87.6,4.0,7,TX,01001
88.0,4.7,7,TX,01001
89.4,6.3,7,TX,01001
87.8,4.3,7,TX,01001
89.9,3.8,7,TX,01001
87.9,4.8,7,TX,01001
81.8,1.1,7,TX,01001
86.8,2.2,7,TX,01001
86.6,2.0,7,TX,01001
87.8,3.4,7,TX,01001
88.4,4.9,7,TX,01001
88.4,4.0,7,TX,01001
88.2,6.2,7,TX,01001
87.7,3.6,7,TX,01001
83.9,1.4,7,TX,01001
83.2,5.1,7,TX,01001
87.1,3.0,7,TX,01001
90.6,4.2,7,TX,01001
89.5,3.8,7,TX,01001
75.7,4.2,7,UT,01001
76.2,3.8,7,UT,01001
69.8,3.7,7,UT,01001
71.2,3.8,7,UT,01001
66.2,2.4,7,UT,01001
76.4,4.0,7,UT,01001
66.9,3.5,7,UT,01001
78.4,4.5,7,UT,01001
75.4,5.3,7,UT,01001
79.2,4.7,7,UT,01001
74.9,4.7,7,UT,01001
78.1,3.9,7,UT,01001
78.7,4.7,7,UT,01001
78.9,4.1,7,UT,01001
69.2,3.8,7,UT,01001
68.4,4.3,7,UT,01001
66.2,3.4,7,UT,01001
76.4,4.6,7,UT,01001
80.4,4.8,7,UT,01001
69.3,3.7,7,UT,01001
70.5,4.3,7,UT,01001
62.7,3.4,7,UT,01001
79.4,3.7,7,UT,01001
73.5,3.9,7,UT,01001
73.1,3.8,7,UT,01001
65.5,3.4,7,UT,01001
82.2,5.5,7,UT,01001
79.9,6.3,7,UT,01001
72.2,3.5,7,UT,01001
71.1,3.6,7,VT,01001
69.3,4.7,7,VT,01001
68.7,3.4,7,VT,01001
71.6,3.8,7,VT,01001
68.0,3.9,7,VT,01001
70.8,3.5,7,VT,01001
72.0,2.2,7,VT,01001
68.8,3.8,7,VT,01001
69.2,3.2,7,VT,01001
68.6,3.6,7,VT,01001
69.7,3.7,7,VT,01001
68.6,3.3,7,VT,01001
70.5,4.3,7,VT,01001
70.1,4.1,7,VT,01001
80.0,3.3,7,VA,01001
77.7,2.8,7,VA,01001
72.8,0.7,7,VA,01001
78.9,1.9,7,VA,01001
75.7,1.4,7,VA,01001
76.9,1.6,7,VA,01001
79.2,3.0,7,VA,01001
73.6,1.7,7,VA,01001
72.2,1.1,7,VA,01001
76.5,1.4,7,VA,01001
70.7,1.0,7,VA,01001
75.2,1.0,7,VA,01001
79.6,2.3,7,VA,01001
74.1,1.5,7,VA,01001
77.8,1.9,7,VA,01001
76.6,1.4,7,VA,01001
79.2,2.7,7,VA,01001
72.0,1.5,7,VA,01001
80.7,2.2,7,VA,01001
77.3,1.4,7,VA,01001
79.6,1.9,7,VA,01001
77.0,2.9,7,VA,01001
73.1,1.3,7,VA,01001
78.5,3.3,7,VA,01001
78.4,1.8,7,VA,01001
73.4,1.0,7,VA,01001
79.6,2.1,7,VA,01001
79.7,2.3,7,VA,01001
79.1,3.3,7,VA,01001
78.0,3.4,7,VA,01001
71.5,1.7,7,VA,01001
78.2,2.2,7,VA,01001
76.4,1.8,7,VA,01001
75.7,2.4,7,VA,01001
72.4,1.6,7,VA,01001
80.6,2.6,7,VA,01001
78.4,1.8,7,VA,01001
69.5,1.3,7,VA,01001
76.7,3.3,7,VA,01001
80.1,2.3,7,VA,01001
77.9,1.5,7,VA,01001
79.2,2.1,7,VA,01001
79.9,2.1,7,VA,01001
77.3,1.6,7,VA,01001
69.8,1.6,7,VA,01001
80.4,2.1,7,VA,01001
80.7,2.4,7,VA,01001
79.9,2.4,7,VA,01001
80.2,3.4,7,VA,01001
80.0,2.4,7,VA,01001
80.0,2.5,7,VA,01001
74.6,0.6,7,VA,01001
78.0,3.1,7,VA,01001
77.8,2.0,7,VA,01001
78.3,1.7,7,VA,01001
76.7,3.3,7,VA,01001
80.5,2.5,7,VA,01001
79.1,2.1,7,VA,01001
80.2,2.4,7,VA,01001
73.6,1.8,7,VA,01001
75.9,2.0,7,VA,01001
80.3,2.4,7,VA,01001
80.2,2.6,7,VA,01001
80.0,2.8,7,VA,01001
78.8,2.0,7,VA,01001
78.3,2.9,7,VA,01001
74.9,3.0,7,VA,01001
75.0,1.5,7,VA,01001
77.0,0.9,7,VA,01001
78.7,1.8,7,VA,01001
77.8,1.6,7,VA,01001
80.4,2.0,7,VA,01001
79.6,3.9,7,VA,01001
72.9,1.5,7,VA,01001
76.2,3.1,7,VA,01001
79.5,2.1,7,VA,01001
75.6,1.9,7,VA,01001
74.4,0.9,7,VA,01001
73.7,2.0,7,VA,01001
72.8,1.3,7,VA,01001
74.6,0.8,7,VA,01001
75.1,2.5,7,VA,01001
71.1,1.4,7,VA,01001
80.2,2.3,7,VA,01001
78.6,3.1,7,VA,01001
79.9,4.2,7,VA,01001
80.6,2.3,7,VA,01001
80.2,2.2,7,VA,01001
70.8,1.4,7,VA,01001
76.0,2.9,7,VA,01001
73.4,1.3,7,VA,01001
79.8,2.5,7,VA,01001
72.0,0.6,7,VA,01001
71.6,1.3,7,VA,01001
80.8,2.4,7,VA,01001
79.8,3.0,7,VA,01001
75.0,1.3,7,VA,01001
76.0,0.9,7,VA,01001
78.4,2.9,7,VA,01001
80.5,2.7,7,VA,01001
80.2,1.8,7,VA,01001
74.7,0.5,7,VA,01001
78.1,0.8,7,VA,01001
80.2,2.2,7,VA,01001
78.5,3.2,7,VA,01001
78.5,3.0,7,VA,01001
80.1,2.2,7,VA,01001
79.8,4.2,7,VA,01001
71.8,1.5,7,VA,01001
80.9,2.2,7,VA,01001
74.8,1.9,7,VA,01001
80.4,1.7,7,VA,01001
76.7,1.5,7,VA,01001
79.6,3.8,7,VA,01001
79.5,3.8,7,VA,01001
77.5,1.7,7,VA,01001
80.9,2.2,7,VA,01001
81.2,2.8,7,VA,01001
71.8,0.6,7,VA,01001
80.1,1.9,7,VA,01001
80.9,2.2,7,VA,01001
81.2,2.6,7,VA,01001
73.7,1.7,7,VA,01001
79.9,2.2,7,VA,01001
77.7,2.1,7,VA,01001
77.4,2.0,7,VA,01001
75.1,2.0,7,VA,01001
80.1,2.1,7,VA,01001
81.0,3.3,7,VA,01001
75.5,2.4,7,VA,01001
80.6,2.6,7,VA,01001
76.4,2.7,7,VA,01001
73.6,3.7,7,WA,01001
72.5,5.4,7,WA,01001
76.6,4.0,7,WA,01001
65.2,3.9,7,WA,01001
60.1,2.3,7,WA,01001
68.7,3.9,7,WA,01001
71.1,4.3,7,WA,01001
65.7,3.7,7,WA,01001
72.8,3.4,7,WA,01001
66.5,3.1,7,WA,01001
75.9,3.8,7,WA,01001
71.8,4.9,7,WA,01001
75.2,3.0,7,WA,01001
63.2,2.7,7,WA,01001
64.5,3.2,7,WA,01001
59.8,2.8,7,WA,01001
64.0,3.1,7,WA,01001
66.9,3.6,7,WA,01001
67.2,3.3,7,WA,01001
70.5,4.0,7,WA,01001
64.2,3.3,7,WA,01001
70.5,2.7,7,WA,01001
64.5,3.1,7,WA,01001
66.0,3.4,7,WA,01001
63.0,3.0,7,WA,01001
66.5,4.3,7,WA,01001
63.2,3.2,7,WA,01001
63.8,2.7,7,WA,01001
62.8,3.4,7,WA,01001
63.6,3.9,7,WA,01001
62.8,3.1,7,WA,01001
70.9,4.1,7,WA,01001
69.5,4.0,7,WA,01001
66.1,2.7,7,WA,01001
63.2,3.3,7,WA,01001
75.5,3.1,7,WA,01001
62.0,3.7,7,WA,01001
72.0,4.1,7,WA,01001
68.3,3.4,7,WA,01001
72.6,1.6,7,WV,01001
76.3,2.3,7,WV,01001
74.9,0.8,7,WV,01001
74.2,0.7,7,WV,01001
72.9,0.3,7,WV,01001
76.4,1.3,7,WV,01001
74.0,0.3,7,WV,01001
74.4,0.7,7,WV,01001
74.1,1.1,7,WV,01001
71.8,0.5,7,WV,01001
74.3,0.6,7,WV,01001
72.4,2.0,7,WV,01001
70.1,1.2,7,WV,01001
74.6,1.8,7,WV,01001
72.4,0.1,7,WV,01001
73.3,1.9,7,WV,01001
73.8,1.1,7,WV,01001
75.2,0.9,7,WV,01001
77.0,2.6,7,WV,01001
75.3,0.7,7,WV,01001
74.1,1.2,7,WV,01001
76.6,1.3,7,WV,01001
75.8,1.2,7,WV,01001
73.5,1.0,7,WV,01001
73.0,0.5,7,WV,01001
73.2,0.8,7,WV,01001
75.1,0.4,7,WV,01001
71.0,0.5,7,WV,01001
74.8,1.8,7,WV,01001
76.5,1.4,7,WV,01001
72.9,0.8,7,WV,01001
72.6,1.4,7,WV,01001
75.6,2.1,7,WV,01001
71.3,0.9,7,WV,01001
72.8,0.5,7,WV,01001
70.8,1.8,7,WV,01001
74.2,0.8,7,WV,01001
68.0,1.7,7,WV,01001
71.3,1.9,7,WV,01001
75.9,1.0,7,WV,01001
71.2,0.4,7,WV,01001
68.9,2.1,7,WV,01001
74.1,0.7,7,WV,01001
74.4,0.5,7,WV,01001
72.5,0.8,7,WV,01001
73.2,0.8,7,WV,01001
69.3,2.2,7,WV,01001
74.2,0.9,7,WV,01001
72.2,1.5,7,WV,01001
76.6,1.6,7,WV,01001
70.1,0.9,7,WV,01001
73.4,0.8,7,WV,01001
74.5,0.8,7,WV,01001
75.1,1.1,7,WV,01001
73.1,0.7,7,WV,01001
69.8,-0.4,7,WI,01001
64.7,-1.2,7,WI,01001
67.5,-1.3,7,WI,01001
65.5,-0.4,7,WI,01001
69.8,1.3,7,WI,01001
70.5,-0.8,7,WI,01001
68.2,-0.5,7,WI,01001
70.5,1.0,7,WI,01001
68.0,-1.2,7,WI,01001
68.2,-0.2,7,WI,01001
71.5,0.6,7,WI,01001
70.8,-1.5,7,WI,01001
72.0,0.7,7,WI,01001
71.5,0.7,7,WI,01001
67.5,0.2,7,WI,01001
65.9,-0.5,7,WI,01001
69.3,-1.1,7,WI,01001
69.2,-0.6,7,WI,01001
64.5,-0.4,7,WI,01001
71.3,1.2,7,WI,01001
63.9,-0.9,7,WI,01001
71.3,-1.1,7,WI,01001
71.2,-0.7,7,WI,01001
71.7,1.0,7,WI,01001
71.3,-0.0,7,WI,01001
63.5,-1.6,7,WI,01001
69.7,0.1,7,WI,01001
71.8,0.1,7,WI,01001
69.8,-0.3,7,WI,01001
72.4,0.2,7,WI,01001
68.9,1.2,7,WI,01001
70.2,-1.1,7,WI,01001
70.9,-0.7,7,WI,01001
65.5,-0.3,7,WI,01001
65.8,-0.9,7,WI,01001
70.0,1.6,7,WI,01001
67.9,0.0,7,WI,01001
67.2,-0.0,7,WI,01001
71.2,0.3,7,WI,01001
67.9,0.4,7,WI,01001
72.4,1.0,7,WI,01001
69.3,-0.6,7,WI,01001
67.9,0.0,7,WI,01001
63.8,-1.8,7,WI,01001
70.4,0.8,7,WI,01001
71.5,1.3,7,WI,01001
70.4,-1.0,7,WI,01001
69.9,-1.3,7,WI,01001
68.8,-0.8,7,WI,01001
69.5,0.3,7,WI,01001
64.6,-1.4,7,WI,01001
72.0,0.1,7,WI,01001
70.8,-0.7,7,WI,01001
72.2,-0.1,7,WI,01001
66.2,-1.8,7,WI,01001
69.6,-1.1,7,WI,01001
70.7,-0.2,7,WI,01001
65.3,-1.3,7,WI,01001
69.1,0.8,7,WI,01001
70.7,1.3,7,WI,01001
66.2,-1.0,7,WI,01001
70.1,-0.6,7,WI,01001
69.8,-1.3,7,WI,01001
63.0,-1.7,7,WI,01001
70.9,-1.0,7,WI,01001
66.8,-0.9,7,WI,01001
71.2,1.0,7,WI,01001
71.5,0.3,7,WI,01001
70.6,1.0,7,WI,01001
70.4,0.4,7,WI,01001
71.5,1.0,7,WI,01001
69.0,-0.1,7,WI,01001
63.6,1.2,7,WY,01001
68.0,0.8,7,WY,01001
69.8,0.3,7,WY,01001
65.9,1.4,7,WY,01001
68.9,0.2,7,WY,01001
68.5,-0.3,7,WY,01001
65.1,0.6,7,WY,01001
70.6,0.2,7,WY,01001
67.6,0.3,7,WY,01001
67.7,0.5,7,WY,01001
68.1,0.7,7,WY,01001
63.8,3.0,7,WY,01001
68.6,0.4,7,WY,01001
71.2,0.4,7,WY,01001
61.4,1.1,7,WY,01001
70.1,0.7,7,WY,01001
66.3,-0.2,7,WY,01001
60.2,1.9,7,WY,01001
67.7,1.8,7,WY,01001
58.8,1.8,7,WY,01001
65.3,2.8,7,WY,01001
70.0,0.4,7,WY,01001
70.1,-0.2,7,WY,01001
83.1,3.1,8,AL,01001
87.1,6.2,8,AL,01001
83.2,3.3,8,AL,01001
81.4,1.9,8,AL,01001
79.3,1.4,8,AL,01001
82.4,2.8,8,AL,01001
83.7,4.0,8,AL,01001
79.8,1.8,8,AL,01001
79.8,2.0,8,AL,01001
79.1,1.0,8,AL,01001
81.1,2.0,8,AL,01001
85.4,5.0,8,AL,01001
85.6,5.4,8,AL,01001
79.1,2.2,8,AL,01001
78.8,2.1,8,AL,01001
83.9,3.9,8,AL,01001
79.0,0.8,8,AL,01001
84.6,4.2,8,AL,01001
80.4,1.9,8,AL,01001
84.5,4.2,8,AL,01001
83.0,3.5,8,AL,01001
79.2,1.4,8,AL,01001
84.0,3.8,8,AL,01001
84.4,4.2,8,AL,01001
76.7,0.2,8,AL,01001
81.8,2.0,8,AL,01001
85.1,4.5,8,AL,01001
79.4,1.3,8,AL,01001
80.7,1.1,8,AL,01001
78.9,1.0,8,AL,01001
84.6,4.2,8,AL,01001
82.9,2.1,8,AL,01001
82.9,2.6,8,AL,01001
83.9,3.5,8,AL,01001
84.6,3.8,8,AL,01001
77.8,0.9,8,AL,01001
80.8,1.7,8,AL,01001
81.2,1.5,8,AL,01001
78.4,0.7,8,AL,01001
78.7,0.7,8,AL,01001
80.8,2.0,8,AL,01001
78.5,0.7,8,AL,01001
83.9,3.6,8,AL,01001
82.0,2.1,8,AL,01001
78.5,0.8,8,AL,01001
84.4,4.1,8,AL,01001
79.6,1.0,8,AL,01001
78.8,1.1,8,AL,01001
87.2,6.4,8,AL,01001
85.0,4.8,8,AL,01001
82.7,2.4,8,AL,01001
79.0,1.1,8,AL,01001
83.2,3.3,8,AL,01001
82.5,2.1,8,AL,01001
83.0,3.3,8,AL,01001
79.5,2.5,8,AL,01001
82.3,2.5,8,AL,01001
80.0,1.8,8,AL,01001
80.7,1.8,8,AL,01001
83.8,3.1,8,AL,01001
80.6,2.2,8,AL,01001
80.2,1.9,8,AL,01001
81.6,1.3,8,AL,01001
80.4,1.2,8,AL,01001
86.4,5.8,8,AL,01001
84.7,4.5,8,AL,01001
78.8,1.0,8,AL,01001
71.3,2.2,8,AZ,01001
79.4,3.6,8,AZ,01001
72.9,1.8,8,AZ,01001
79.9,3.9,8,AZ,01001
80.6,3.5,8,AZ,01001
75.7,3.3,8,AZ,01001
93.0,3.1,8,AZ,01001
92.0,4.3,8,AZ,01001
82.2,1.2,8,AZ,01001
73.1,2.0,8,AZ,01001
87.3,4.3,8,AZ,01001
90.0,4.7,8,AZ,01001
78.1,3.9,8,AZ,01001
79.3,3.2,8,AZ,01001
93.4,3.6,8,AZ,01001
83.5,2.8,8,AR,01001
85.7,5.1,8,AR,01001
78.3,1.4,8,AR,01001
79.4,2.1,8,AR,01001
78.2,1.3,8,AR,01001
84.1,3.5,8,AR,01001
83.3,2.5,8,AR,01001
78.3,1.5,8,AR,01001
85.0,4.1,8,AR,01001
83.4,2.7,8,AR,01001
78.5,0.0,8,AR,01001
80.0,1.9,8,AR,01001
83.3,2.8,8,AR,01001
83.6,2.5,8,AR,01001
82.5,3.0,8,AR,01001
79.2,0.3,8,AR,01001
82.9,3.9,8,AR,01001
80.7,0.6,8,AR,01001
80.2,0.3,8,AR,01001
82.9,2.3,8,AR,01001
83.6,2.9,8,AR,01001
84.2,3.6,8,AR,01001
82.4,2.7,8,AR,01001
82.0,3.1,8,AR,01001
78.2,1.8,8,AR,01001
83.1,3.5,8,AR,01001
83.6,3.0,8,AR,01001
78.8,0.2,8,AR,01001
83.1,2.1,8,AR,01001
83.6,3.2,8,AR,01001
83.1,3.2,8,AR,01001
78.9,0.8,8,AR,01001
78.8,1.7,8,AR,01001
79.3,0.4,8,AR,01001
83.8,3.1,8,AR,01001
80.8,2.6,8,AR,01001
84.7,3.3,8,AR,01001
78.5,0.1,8,AR,01001
81.8,1.7,8,AR,01001
84.0,3.3,8,AR,01001
85.2,4.1,8,AR,01001
82.5,2.7,8,AR,01001
82.9,2.4,8,AR,01001
78.7,2.8,8,AR,01001
78.5,1.4,8,AR,01001
85.8,4.1,8,AR,01001
78.9,-0.4,8,AR,01001
82.6,2.2,8,AR,01001
82.7,3.7,8,AR,01001
82.6,1.6,8,AR,01001
77.5,1.4,8,AR,01001
83.1,2.0,8,AR,01001
83.0,3.0,8,AR,01001
82.5,2.2,8,AR,01001
83.0,3.1,8,AR,01001
79.6,0.2,8,AR,01001
81.3,3.3,8,AR,01001
81.0,2.5,8,AR,01001
82.4,2.0,8,AR,01001
83.3,2.9,8,AR,01001
78.4,0.5,8,AR,01001
81.0,0.9,8,AR,01001
83.3,3.3,8,AR,01001
82.2,3.2,8,AR,01001
78.1,1.5,8,AR,01001
83.5,3.4,8,AR,01001
84.0,3.7,8,AR,01001
78.0,0.9,8,AR,01001
78.9,1.8,8,AR,01001
84.2,3.3,8,AR,01001
79.6,2.1,8,AR,01001
80.3,3.4,8,AR,01001
81.2,1.8,8,AR,01001
80.9,1.1,8,AR,01001
82.7,2.8,8,AR,01001
73.3,4.4,8,CA,01001
60.7,0.4,8,CA,01001
75.6,2.7,8,CA,01001
78.0,3.3,8,CA,01001
75.9,2.2,8,CA,01001
79.6,3.7,8,CA,01001
74.6,4.3,8,CA,01001
68.7,4.2,8,CA,01001
71.5,1.7,8,CA,01001
72.4,1.6,8,CA,01001
79.3,3.6,8,CA,01001
70.5,4.7,8,CA,01001
94.1,3.3,8,CA,01001
78.6,-0.6,8,CA,01001
78.7,0.4,8,CA,01001
81.8,2.8,8,CA,01001
74.6,2.5,8,CA,01001
66.7,2.1,8,CA,01001
76.0,2.0,8,CA,01001
73.3,1.5,8,CA,01001
66.1,4.8,8,CA,01001
72.4,1.1,8,CA,01001
70.8,3.0,8,CA,01001
78.7,2.6,8,CA,01001
66.8,2.8,8,CA,01001
61.2,-0.1,8,CA,01001
71.5,3.2,8,CA,01001
74.8,3.8,8,CA,01001
69.9,2.1,8,CA,01001
74.8,2.4,8,CA,01001
71.0,1.9,8,CA,01001
66.2,2.4,8,CA,01001
87.2,2.8,8,CA,01001
79.0,4.1,8,CA,01001
74.2,2.8,8,CA,01001
85.7,1.4,8,CA,01001
77.0,1.9,8,CA,01001
65.4,4.1,8,CA,01001
78.7,4.2,8,CA,01001
72.5,1.7,8,CA,01001
66.7,4.4,8,CA,01001
70.3,2.7,8,CA,01001
72.1,3.6,8,CA,01001
68.9,5.2,8,CA,01001
74.8,3.3,8,CA,01001
64.8,1.8,8,CA,01001
69.1,3.9,8,CA,01001
75.8,3.9,8,CA,01001
69.4,3.8,8,CA,01001
78.2,3.2,8,CA,01001
80.4,3.9,8,CA,01001
77.5,2.5,8,CA,01001
72.4,3.8,8,CA,01001
70.9,0.6,8,CA,01001
67.0,0.7,8,CA,01001
71.9,3.0,8,CA,01001
78.5,3.4,8,CA,01001
78.2,3.1,8,CA,01001
72.1,1.6,8,CO,01001
65.8,4.0,8,CO,01001
71.3,1.4,8,CO,01001
64.9,2.9,8,CO,01001
75.8,1.1,8,CO,01001
76.1,1.2,8,CO,01001
64.3,0.9,8,CO,01001
71.8,1.3,8,CO,01001
59.1,3.2,8,CO,01001
74.1,1.0,8,CO,01001
56.0,1.3,8,CO,01001
61.7,3.3,8,CO,01001
62.6,3.0,8,CO,01001
75.6,2.9,8,CO,01001
62.2,3.4,8,CO,01001
69.6,3.9,8,CO,01001
72.6,1.8,8,CO,01001
63.8,3.2,8,CO,01001
67.5,1.5,8,CO,01001
60.6,2.4,8,CO,01001
69.9,2.1,8,CO,01001
69.7,2.8,8,CO,01001
66.6,2.9,8,CO,01001
65.8,3.2,8,CO,01001
57.8,0.7,8,CO,01001
58.1,2.1,8,CO,01001
60.2,3.4,8,CO,01001
55.8,3.7,8,CO,01001
67.9,3.4,8,CO,01001
57.8,2.3,8,CO,01001
65.9,1.2,8,CO,01001
75.2,1.0,8,CO,01001
74.1,1.8,8,CO,01001
54.6,2.5,8,CO,01001
66.1,3.6,8,CO,01001
62.6,1.9,8,CO,01001
72.2,2.2,8,CO,01001
72.5,2.0,8,CO,01001
73.0,1.2,8,CO,01001
70.5,3.7,8,CO,01001
56.6,3.0,8,CO,01001
67.6,2.6,8,CO,01001
70.7,3.2,8,CO,01001
70.3,4.1,8,CO,01001
72.8,2.0,8,CO,01001
75.9,2.0,8,CO,01001
63.3,4.8,8,CO,01001
58.2,2.2,8,CO,01001
74.2,2.0,8,CO,01001
58.6,2.8,8,CO,01001
76.2,0.7,8,CO,01001
75.0,3.4,8,CO,01001
67.4,3.1,8,CO,01001
62.1,4.6,8,CO,01001
61.8,2.6,8,CO,01001
61.3,3.5,8,CO,01001
53.9,4.0,8,CO,01001
66.2,3.7,8,CO,01001
73.6,1.3,8,CO,01001
55.4,1.9,8,CO,01001
60.4,2.6,8,CO,01001
72.5,1.1,8,CO,01001
71.0,1.4,8,CO,01001
74.8,2.2,8,CO,01001
71.3,1.6,8,CT,01001
70.0,0.7,8,CT,01001
67.5,0.8,8,CT,01001
70.2,0.9,8,CT,01001
70.4,0.9,8,CT,01001
70.0,1.1,8,CT,01001
68.5,0.6,8,CT,01001
68.6,0.5,8,CT,01001
75.2,1.7,8,DE,01001
74.9,1.6,8,DE,01001
75.6,1.6,8,DE,01001
84.2,3.5,8,FL,01001
84.0,3.8,8,FL,01001
85.9,5.0,8,FL,01001
84.0,3.6,8,FL,01001
84.4,3.3,8,FL,01001
85.0,3.1,8,FL,01001
85.2,4.7,8,FL,01001
84.6,2.8,8,FL,01001
85.4,4.7,8,FL,01001
84.6,4.1,8,FL,01001
85.1,2.6,8,FL,01001
84.0,3.6,8,FL,01001
84.2,2.9,8,FL,01001
84.8,4.3,8,FL,01001
84.8,4.3,8,FL,01001
87.0,5.9,8,FL,01001
84.8,4.2,8,FL,01001
85.0,4.1,8,FL,01001
84.6,4.3,8,FL,01001
84.5,4.1,8,FL,01001
84.2,2.8,8,FL,01001
85.1,4.6,8,FL,01001
83.3,2.9,8,FL,01001
84.5,3.4,8,FL,01001
84.3,2.5,8,FL,01001
85.1,4.5,8,FL,01001
84.4,3.3,8,FL,01001
85.5,4.4,8,FL,01001
85.0,4.4,8,FL,01001
84.0,3.3,8,FL,01001
85.1,4.0,8,FL,01001
84.6,4.2,8,FL,01001
84.1,3.8,8,FL,01001
85.2,4.2,8,FL,01001
85.1,2.9,8,FL,01001
85.0,4.5,8,FL,01001
85.3,4.8,8,FL,01001
85.0,4.6,8,FL,01001
83.6,3.4,8,FL,01001
84.6,3.4,8,FL,01001
84.9,4.2,8,FL,01001
84.9,3.7,8,FL,01001
85.1,3.2,8,FL,01001
85.7,3.1,8,FL,01001
84.4,3.9,8,FL,01001
86.0,5.3,8,FL,01001
84.3,3.3,8,FL,01001
85.5,4.0,8,FL,01001
85.2,3.8,8,FL,01001
84.7,3.2,8,FL,01001
85.1,4.4,8,FL,01001
86.4,4.5,8,FL,01001
85.4,4.1,8,FL,01001
84.8,4.0,8,FL,01001
84.7,4.2,8,FL,01001
84.4,3.4,8,FL,01001
86.5,5.5,8,FL,01001
84.4,2.7,8,FL,01001
85.2,3.6,8,FL,01001
85.1,4.4,8,FL,01001
83.6,3.2,8,FL,01001
84.6,4.0,8,FL,01001
84.0,3.6,8,FL,01001
84.8,3.8,8,FL,01001
85.3,4.4,8,FL,01001
85.5,5.1,8,FL,01001
85.3,4.6,8,FL,01001
83.9,3.5,8,GA,01001
84.0,3.7,8,GA,01001
84.1,3.7,8,GA,01001
83.4,2.7,8,GA,01001
82.5,2.7,8,GA,01001
79.2,1.7,8,GA,01001
79.3,1.6,8,GA,01001
78.9,0.9,8,GA,01001
83.8,3.9,8,GA,01001
83.6,3.5,8,GA,01001
82.4,2.8,8,GA,01001
82.8,2.6,8,GA,01001
84.0,4.0,8,GA,01001
83.2,3.2,8,GA,01001
83.3,2.7,8,GA,01001
82.6,2.6,8,GA,01001
81.4,2.2,8,GA,01001
82.1,3.6,8,GA,01001
83.1,2.7,8,GA,01001
84.2,3.7,8,GA,01001
82.6,2.4,8,GA,01001
79.3,2.7,8,GA,01001
78.1,0.8,8,GA,01001
84.2,4.0,8,GA,01001
83.3,2.6,8,GA,01001
82.2,2.5,8,GA,01001
77.9,0.1,8,GA,01001
77.8,0.8,8,GA,01001
79.5,1.5,8,GA,01001
83.4,3.1,8,GA,01001
80.9,2.8,8,GA,01001
83.8,3.6,8,GA,01001
79.5,1.9,8,GA,01001
83.9,3.7,8,GA,01001
83.1,3.3,8,GA,01001
81.9,2.8,8,GA,01001
83.4,3.4,8,GA,01001
80.3,2.7,8,GA,01001
82.0,2.8,8,GA,01001
83.9,4.2,8,GA,01001
76.3,0.1,8,GA,01001
76.1,0.9,8,GA,01001
84.2,3.5,8,GA,01001
80.5,2.7,8,GA,01001
83.2,3.0,8,GA,01001
83.5,3.7,8,GA,01001
83.5,2.8,8,GA,01001
79.8,2.7,8,GA,01001
83.9,3.3,8,GA,01001
83.2,3.0,8,GA,01001
82.8,2.8,8,GA,01001
80.5,2.3,8,GA,01001
82.3,2.4,8,GA,01001
83.1,2.6,8,GA,01001
73.4,0.6,8,GA,01001
80.7,2.6,8,GA,01001
79.3,1.1,8,GA,01001
77.7,1.2,8,GA,01001
79.3,1.7,8,GA,01001
80.0,2.5,8,GA,01001
74.3,0.4,8,GA,01001
81.4,2.5,8,GA,01001
83.6,2.8,8,GA,01001
78.7,0.6,8,GA,01001
83.6,3.4,8,GA,01001
80.8,2.1,8,GA,01001
79.3,2.0,8,GA,01001
76.6,1.6,8,GA,01001
78.2,1.6,8,GA,01001
81.7,2.5,8,GA,01001
78.6,2.4,8,GA,01001
80.6,2.1,8,GA,01001
79.4,1.8,8,GA,01001
80.4,2.9,8,GA,01001
81.4,3.0,8,GA,01001
82.8,2.9,8,GA,01001
83.7,3.8,8,GA,01001
79.5,1.7,8,GA,01001
82.4,4.0,8,GA,01001
83.9,3.7,8,GA,01001
81.6,2.5,8,GA,01001
81.8,2.3,8,GA,01001
82.2,2.5,8,GA,01001
82.4,3.2,8,GA,01001
81.3,3.0,8,GA,01001
83.5,3.4,8,GA,01001
82.9,2.7,8,GA,01001
83.7,3.4,8,GA,01001
83.4,2.7,8,GA,01001
81.3,2.2,8,GA,01001
83.6,2.9,8,GA,01001
83.0,3.0,8,GA,01001
75.4,1.3,8,GA,01001
81.4,2.7,8,GA,01001
83.1,2.1,8,GA,01001
82.9,3.2,8,GA,01001
79.8,2.2,8,GA,01001
81.8,2.8,8,GA,01001
80.4,2.5,8,GA,01001
83.9,3.2,8,GA,01001
83.3,2.8,8,GA,01001
82.0,3.2,8,GA,01001
83.5,3.1,8,GA,01001
81.3,2.9,8,GA,01001
77.2,0.3,8,GA,01001
81.9,2.2,8,GA,01001
81.5,3.3,8,GA,01001
79.7,1.5,8,GA,01001
80.0,1.8,8,GA,01001
79.0,1.9,8,GA,01001
82.2,2.8,8,GA,01001
76.0,0.4,8,GA,01001
84.3,4.0,8,GA,01001
80.8,2.6,8,GA,01001
79.6,2.1,8,GA,01001
83.2,2.9,8,GA,01001
82.4,3.4,8,GA,01001
83.1,3.2,8,GA,01001
73.7,1.5,8,GA,01001
82.7,3.0,8,GA,01001
81.8,2.5,8,GA,01001
81.1,2.9,8,GA,01001
82.5,3.2,8,GA,01001
82.0,2.5,8,GA,01001
84.6,3.6,8,GA,01001
81.1,2.7,8,GA,01001
78.4,1.2,8,GA,01001
82.4,2.9,8,GA,01001
83.3,3.5,8,GA,01001
81.0,2.4,8,GA,01001
80.8,2.2,8,GA,01001
83.3,2.7,8,GA,01001
81.9,2.8,8,GA,01001
83.9,3.6,8,GA,01001
83.0,3.0,8,GA,01001
83.4,3.4,8,GA,01001
83.5,3.7,8,GA,01001
83.4,2.9,8,GA,01001
73.1,1.7,8,GA,01001
82.8,2.6,8,GA,01001
80.6,2.5,8,GA,01001
83.4,3.8,8,GA,01001
82.4,2.5,8,GA,01001
73.3,1.5,8,GA,01001
81.2,2.6,8,GA,01001
77.2,0.3,8,GA,01001
80.0,2.2,8,GA,01001
84.3,4.0,8,GA,01001
81.1,2.4,8,GA,01001
82.1,2.6,8,GA,01001
83.7,3.3,8,GA,01001
82.5,3.1,8,GA,01001
83.8,3.3,8,GA,01001
75.8,1.7,8,GA,01001
78.1,0.6,8,GA,01001
83.6,3.6,8,GA,01001
80.8,2.2,8,GA,01001
82.6,2.6,8,GA,01001
83.4,3.5,8,GA,01001
74.8,2.5,8,ID,01001
66.4,2.4,8,ID,01001
67.5,1.2,8,ID,01001
62.6,1.5,8,ID,01001
67.7,4.5,8,ID,01001
68.5,2.6,8,ID,01001
64.6,1.4,8,ID,01001
65.4,1.5,8,ID,01001
66.4,4.7,8,ID,01001
65.2,2.3,8,ID,01001
64.5,4.9,8,ID,01001
65.0,1.5,8,ID,01001
63.6,1.8,8,ID,01001
74.2,2.4,8,ID,01001
63.4,0.8,8,ID,01001
68.3,1.3,8,ID,01001
62.8,1.1,8,ID,01001
65.2,2.8,8,ID,01001
59.7,2.0,8,ID,01001
69.5,1.9,8,ID,01001
66.4,1.1,8,ID,01001
62.4,1.6,8,ID,01001
71.3,1.3,8,ID,01001
72.2,2.5,8,ID,01001
62.9,2.8,8,ID,01001
67.6,2.2,8,ID,01001
72.0,3.0,8,ID,01001
67.6,3.9,8,ID,01001
67.6,3.7,8,ID,01001
61.1,1.9,8,ID,01001
67.7,3.6,8,ID,01001
70.9,3.3,8,ID,01001
66.8,3.0,8,ID,01001
69.8,2.2,8,ID,01001
71.1,3.7,8,ID,01001
68.1,0.4,8,ID,01001
70.1,2.2,8,ID,01001
74.2,2.2,8,ID,01001
68.5,1.2,8,ID,01001
64.8,3.8,8,ID,01001
61.5,1.1,8,ID,01001
69.7,1.7,8,ID,01001
60.4,2.4,8,ID,01001
71.2,1.8,8,ID,01001
74.6,-0.2,8,IL,01001
77.0,0.3,8,IL,01001
75.7,0.5,8,IL,01001
70.7,0.5,8,IL,01001
73.9,-0.4,8,IL,01001
71.8,0.1,8,IL,01001
75.2,-0.3,8,IL,01001
71.5,1.2,8,IL,01001
73.7,-0.5,8,IL,01001
72.4,0.1,8,IL,01001
74.4,0.5,8,IL,01001
74.2,0.4,8,IL,01001
74.8,-0.1,8,IL,01001
76.2,0.5,8,IL,01001
73.8,0.3,8,IL,01001
72.2,0.8,8,IL,01001
74.3,-0.2,8,IL,01001
74.2,0.1,8,IL,01001
70.5,-0.1,8,IL,01001
73.0,0.5,8,IL,01001
73.4,0.4,8,IL,01001
72.0,0.9,8,IL,01001
73.1,0.0,8,IL,01001
75.2,-0.3,8,IL,01001
74.4,0.1,8,IL,01001
74.9,0.2,8,IL,01001
71.6,-0.3,8,IL,01001
75.8,0.0,8,IL,01001
73.7,0.3,8,IL,01001
76.0,-0.6,8,IL,01001
74.5,-0.7,8,IL,01001
72.2,0.6,8,IL,01001
75.6,-0.3,8,IL,01001
74.0,-0.2,8,IL,01001
75.6,-0.9,8,IL,01001
73.1,-0.2,8,IL,01001
72.1,0.1,8,IL,01001
71.4,-0.5,8,IL,01001
76.3,0.6,8,IL,01001
74.3,-0.3,8,IL,01001
75.4,-0.3,8,IL,01001
75.4,-0.2,8,IL,01001
71.3,1.3,8,IL,01001
75.9,-0.1,8,IL,01001
71.2,0.6,8,IL,01001
71.5,-0.2,8,IL,01001
71.8,0.4,8,IL,01001
72.3,-0.2,8,IL,01001
71.8,1.3,8,IL,01001
71.7,0.1,8,IL,01001
74.5,-0.6,8,IL,01001
71.2,0.3,8,IL,01001
72.3,0.6,8,IL,01001
73.2,-0.2,8,IL,01001
73.1,-0.3,8,IL,01001
70.8,0.7,8,IL,01001
72.7,0.8,8,IL,01001
73.6,0.3,8,IL,01001
74.8,0.1,8,IL,01001
76.2,0.3,8,IL,01001
75.3,0.2,8,IL,01001
72.4,0.3,8,IL,01001
73.9,0.0,8,IL,01001
76.6,-0.3,8,IL,01001
73.3,-0.6,8,IL,01001
72.8,0.2,8,IL,01001
77.1,0.7,8,IL,01001
75.2,0.9,8,IL,01001
73.6,-0.6,8,IL,01001
73.6,0.1,8,IL,01001
70.8,0.3,8,IL,01001
73.7,1.0,8,IL,01001
76.0,0.3,8,IL,01001
73.2,0.6,8,IL,01001
74.2,-0.7,8,IL,01001
75.5,-0.9,8,IL,01001
77.1,0.3,8,IL,01001
72.4,0.1,8,IL,01001
76.0,0.0,8,IL,01001
74.4,-0.6,8,IL,01001
73.0,0.7,8,IL,01001
76.8,0.6,8,IL,01001
75.6,-0.6,8,IL,01001
73.8,-0.2,8,IL,01001
73.8,-0.2,8,IL,01001
74.0,-0.8,8,IL,01001
73.9,-0.1,8,IL,01001
71.9,-0.1,8,IL,01001
70.7,0.9,8,IL,01001
73.6,0.8,8,IL,01001
76.4,0.6,8,IL,01001
71.9,-0.5,8,IL,01001
75.2,-0.3,8,IL,01001
72.6,-0.1,8,IL,01001
75.9,0.2,8,IL,01001
75.3,-0.1,8,IL,01001
76.1,-0.1,8,IL,01001
72.4,1.1,8,IL,01001
71.6,-0.0,8,IL,01001
75.8,0.2,8,IL,01001
71.0,0.6,8,IL,01001
72.7,0.8,8,IL,01001
69.8,-1.1,8,IN,01001
69.6,-1.3,8,IN,01001
73.0,-0.6,8,IN,01001
71.0,-0.4,8,IN,01001
70.6,-0.9,8,IN,01001
70.8,-0.5,8,IN,01001
72.3,-0.6,8,IN,01001
71.1,-0.5,8,IN,01001
70.5,-0.8,8,IN,01001
74.1,-0.6,8,IN,01001
73.8,0.6,8,IN,01001
70.8,-0.6,8,IN,01001
72.5,-2.0,8,IN,01001
74.0,-0.4,8,IN,01001
73.1,0.0,8,IN,01001
72.3,-0.5,8,IN,01001
68.4,-1.7,8,IN,01001
70.8,-0.7,8,IN,01001
73.0,-1.6,8,IN,01001
69.7,-0.1,8,IN,01001
71.1,-0.7,8,IN,01001
74.3,-0.4,8,IN,01001
71.6,-0.6,8,IN,01001
72.0,-0.4,8,IN,01001
70.1,-0.4,8,IN,01001
75.7,0.2,8,IN,01001
71.1,-0.5,8,IN,01001
73.5,0.1,8,IN,01001
71.3,-0.5,8,IN,01001
71.7,-0.5,8,IN,01001
74.1,-0.6,8,IN,01001
71.5,-0.5,8,IN,01001
70.4,-0.8,8,IN,01001
70.4,-1.1,8,IN,01001
70.2,-1.2,8,IN,01001
73.6,-0.2,8,IN,01001
70.6,-0.5,8,IN,01001
69.8,-1.2,8,IN,01001
73.8,-0.1,8,IN,01001
73.4,-0.3,8,IN,01001
72.4,-0.4,8,IN,01001
74.7,-0.2,8,IN,01001
69.6,-0.7,8,IN,01001
69.0,-0.8,8,IN,01001
71.1,-0.0,8,IN,01001
70.4,-0.1,8,IN,01001
72.2,-1.1,8,IN,01001
71.2,-0.6,8,IN,01001
72.3,-0.3,8,IN,01001
70.0,0.0,8,IN,01001
72.8,-1.0,8,IN,01001
70.6,-0.8,8,IN,01001
72.1,-0.6,8,IN,01001
71.1,-0.5,8,IN,01001
72.3,-0.5,8,IN,01001
70.8,-0.6,8,IN,01001
68.5,-1.5,8,IN,01001
74.0,0.4,8,IN,01001
72.0,-1.8,8,IN,01001
73.0,0.1,8,IN,01001
72.6,-0.2,8,IN,01001
73.3,-2.1,8,IN,01001
74.7,-0.2,8,IN,01001
70.7,0.1,8,IN,01001
76.5,-0.0,8,IN,01001
70.3,-0.4,8,IN,01001
71.7,-0.6,8,IN,01001
69.7,-1.0,8,IN,01001
72.4,-0.3,8,IN,01001
71.6,-0.5,8,IN,01001
70.1,0.2,8,IN,01001
74.1,-0.1,8,IN,01001
72.6,-0.4,8,IN,01001
74.7,-1.1,8,IN,01001
70.4,-0.0,8,IN,01001
68.3,-1.1,8,IN,01001
74.6,0.6,8,IN,01001
74.2,0.4,8,IN,01001
71.4,-0.4,8,IN,01001
70.6,-0.8,8,IN,01001
70.8,-1.0,8,IN,01001
76.4,0.2,8,IN,01001
72.7,-0.3,8,IN,01001
74.3,0.7,8,IN,01001
70.5,-1.0,8,IN,01001
71.4,-0.6,8,IN,01001
75.6,-0.0,8,IN,01001
73.0,-0.5,8,IN,01001
69.8,-1.3,8,IN,01001
70.0,-1.2,8,IN,01001
70.8,-0.5,8,IN,01001
69.2,-1.5,8,IN,01001
72.4,0.3,8,IA,01001
72.5,-0.1,8,IA,01001
70.8,1.3,8,IA,01001
73.1,-0.4,8,IA,01001
72.1,0.6,8,IA,01001
72.3,1.4,8,IA,01001
72.9,2.4,8,IA,01001
73.0,1.5,8,IA,01001
71.8,2.1,8,IA,01001
71.5,1.6,8,IA,01001
72.0,1.4,8,IA,01001
71.9,1.7,8,IA,01001
72.2,1.1,8,IA,01001
72.7,1.6,8,IA,01001
72.6,0.2,8,IA,01001
72.4,0.7,8,IA,01001
71.5,2.0,8,IA,01001
72.1,1.4,8,IA,01001
70.5,1.5,8,IA,01001
74.0,1.0,8,IA,01001
71.8,1.7,8,IA,01001
71.2,1.3,8,IA,01001
72.9,1.4,8,IA,01001
73.5,2.3,8,IA,01001
73.5,1.0,8,IA,01001
73.5,-0.1,8,IA,01001
73.9,0.6,8,IA,01001
71.4,1.7,8,IA,01001
73.0,-0.3,8,IA,01001
71.3,1.8,8,IA,01001
71.6,1.4,8,IA,01001
71.2,1.6,8,IA,01001
70.2,1.1,8,IA,01001
71.6,1.9,8,IA,01001
71.5,1.8,8,IA,01001
74.5,0.1,8,IA,01001
72.7,1.3,8,IA,01001
72.0,1.5,8,IA,01001
72.6,0.7,8,IA,01001
71.6,1.0,8,IA,01001
71.1,1.5,8,IA,01001
71.8,1.5,8,IA,01001
73.8,1.3,8,IA,01001
73.3,0.1,8,IA,01001
69.8,1.7,8,IA,01001
71.5,0.8,8,IA,01001
72.9,1.8,8,IA,01001
73.1,1.5,8,IA,01001
72.4,1.6,8,IA,01001
73.2,1.0,8,IA,01001
73.2,0.0,8,IA,01001
72.8,0.9,8,IA,01001
72.6,2.0,8,IA,01001
72.9,0.5,8,IA,01001
71.7,1.9,8,IA,01001
73.7,-0.5,8,IA,01001
72.9,2.1,8,IA,01001
73.5,0.8,8,IA,01001
73.9,0.7,8,IA,01001
71.7,1.3,8,IA,01001
73.8,0.9,8,IA,01001
73.4,0.7,8,IA,01001
74.0,0.7,8,IA,01001
72.3,1.1,8,IA,01001
74.2,0.4,8,IA,01001
71.0,2.0,8,IA,01001
73.8,1.7,8,IA,01001
73.5,0.0,8,IA,01001
73.2,0.0,8,IA,01001
72.8,0.4,8,IA,01001
71.7,1.4,8,IA,01001
70.9,1.2,8,IA,01001
73.5,-0.2,8,IA,01001
71.4,1.4,8,IA,01001
73.3,2.2,8,IA,01001
71.5,0.8,8,IA,01001
73.9,1.0,8,IA,01001
73.6,0.7,8,IA,01001
72.8,1.3,8,IA,01001
73.8,0.9,8,IA,01001
72.8,1.9,8,IA,01001
73.2,1.2,8,IA,01001
73.0,1.2,8,IA,01001
72.4,1.5,8,IA,01001
73.0,1.6,8,IA,01001
72.2,1.3,8,IA,01001
73.3,0.4,8,IA,01001
73.0,0.5,8,IA,01001
73.5,-0.3,8,IA,01001
73.4,0.1,8,IA,01001
74.2,0.6,8,IA,01001
73.2,0.9,8,IA,01001
73.2,-0.0,8,IA,01001
71.6,0.7,8,IA,01001
70.6,1.3,8,IA,01001
70.2,1.7,8,IA,01001
73.9,2.3,8,IA,01001
71.0,1.8,8,IA,01001
71.1,1.1,8,IA,01001
79.7,1.6,8,KS,01001
79.6,2.0,8,KS,01001
77.0,1.2,8,KS,01001
80.3,0.6,8,KS,01001
78.4,0.4,8,KS,01001
79.1,1.0,8,KS,01001
76.3,1.1,8,KS,01001
82.2,3.7,8,KS,01001
80.8,3.1,8,KS,01001
82.2,2.7,8,KS,01001
80.7,2.0,8,KS,01001
75.4,1.7,8,KS,01001
79.6,0.2,8,KS,01001
79.9,2.5,8,KS,01001
80.1,2.9,8,KS,01001
81.1,3.6,8,KS,01001
80.0,0.5,8,KS,01001
82.2,2.9,8,KS,01001
79.8,1.5,8,KS,01001
76.2,1.3,8,KS,01001
81.2,3.3,8,KS,01001
76.3,0.6,8,KS,01001
79.2,2.2,8,KS,01001
79.1,1.1,8,KS,01001
81.6,2.9,8,KS,01001
78.6,1.4,8,KS,01001
80.3,1.9,8,KS,01001
77.0,0.4,8,KS,01001
78.8,1.0,8,KS,01001
79.3,2.0,8,KS,01001
80.4,3.0,8,KS,01001
77.7,1.5,8,KS,01001
77.8,1.4,8,KS,01001
77.2,0.1,8,KS,01001
77.8,0.6,8,KS,01001
75.1,0.4,8,KS,01001
81.7,3.7,8,KS,01001
76.4,0.2,8,KS,01001
81.3,1.1,8,KS,01001
81.4,2.7,8,KS,01001
77.2,0.1,8,KS,01001
78.9,1.2,8,KS,01001
77.5,1.5,8,KS,01001
78.5,2.2,8,KS,01001
77.9,1.7,8,KS,01001
78.9,2.1,8,KS,01001
76.6,0.4,8,KS,01001
80.2,0.9,8,KS,01001
79.4,0.9,8,KS,01001
80.7,1.5,8,KS,01001
77.8,1.6,8,KS,01001
78.6,2.2,8,KS,01001
80.1,2.2,8,KS,01001
79.2,1.5,8,KS,01001
76.5,1.0,8,KS,01001
80.4,3.2,8,KS,01001
81.0,2.6,8,KS,01001
81.1,3.2,8,KS,01001
76.2,0.2,8,KS,01001
78.8,0.2,8,KS,01001
79.2,2.1,8,KS,01001
79.1,1.8,8,KS,01001
81.6,1.8,8,KS,01001
79.9,2.9,8,KS,01001
77.6,0.5,8,KS,01001
75.7,0.4,8,KS,01001
80.2,1.5,8,KS,01001
78.6,1.2,8,KS,01001
76.5,1.1,8,KS,01001
79.8,2.8,8,KS,01001
78.6,1.4,8,KS,01001
80.6,2.8,8,KS,01001
78.5,0.7,8,KS,01001
77.0,0.9,8,KS,01001
78.4,1.8,8,KS,01001
79.6,1.1,8,KS,01001
75.6,1.3,8,KS,01001
80.3,1.4,8,KS,01001
78.6,2.4,8,KS,01001
79.8,1.3,8,KS,01001
79.5,2.4,8,KS,01001
78.1,1.2,8,KS,01001
78.2,0.6,8,KS,01001
79.5,1.6,8,KS,01001
81.3,2.8,8,KS,01001
76.8,1.1,8,KS,01001
81.9,2.5,8,KS,01001
78.2,0.3,8,KS,01001
79.4,2.5,8,KS,01001
76.7,1.2,8,KS,01001
75.2,1.8,8,KS,01001
77.2,1.0,8,KS,01001
79.0,0.8,8,KS,01001
77.2,0.4,8,KS,01001
78.0,0.6,8,KS,01001
82.3,2.2,8,KS,01001
75.7,1.2,8,KS,01001
78.4,1.6,8,KS,01001
79.6,2.8,8,KS,01001
75.6,1.2,8,KS,01001
77.8,1.6,8,KS,01001
75.8,0.5,8,KS,01001
81.0,1.9,8,KS,01001
81.0,2.8,8,KS,01001
78.4,1.7,8,KS,01001
75.3,0.7,8,KY,01001
75.8,-0.4,8,KY,01001
75.1,0.7,8,KY,01001
77.3,0.2,8,KY,01001
75.8,-0.2,8,KY,01001
73.7,-0.1,8,KY,01001
72.7,0.2,8,KY,01001
74.2,0.5,8,KY,01001
74.2,0.6,8,KY,01001
74.3,1.0,8,KY,01001
74.6,0.7,8,KY,01001
73.4,0.0,8,KY,01001
74.1,-0.4,8,KY,01001
74.4,-0.8,8,KY,01001
75.5,-0.1,8,KY,01001
75.7,-0.5,8,KY,01001
75.8,-1.1,8,KY,01001
77.3,0.0,8,KY,01001
74.5,0.5,8,KY,01001
77.4,0.1,8,KY,01001
74.7,0.4,8,KY,01001
73.3,0.4,8,KY,01001
74.3,0.7,8,KY,01001
75.6,-1.2,8,KY,01001
74.5,0.6,8,KY,01001
73.9,0.2,8,KY,01001
75.0,0.6,8,KY,01001
75.7,-1.1,8,KY,01001
75.9,0.5,8,KY,01001
75.5,-0.7,8,KY,01001
76.3,0.4,8,KY,01001
73.2,-0.0,8,KY,01001
74.6,0.1,8,KY,01001
74.8,1.2,8,KY,01001
73.1,-0.2,8,KY,01001
74.6,0.3,8,KY,01001
75.1,0.7,8,KY,01001
77.4,-0.6,8,KY,01001
74.9,0.6,8,KY,01001
74.7,0.6,8,KY,01001
74.2,0.4,8,KY,01001
77.2,-0.1,8,KY,01001
75.4,0.2,8,KY,01001
75.8,0.4,8,KY,01001
73.8,1.0,8,KY,01001
74.4,-1.4,8,KY,01001
75.1,0.1,8,KY,01001
71.8,0.4,8,KY,01001
74.0,0.2,8,KY,01001
75.8,0.3,8,KY,01001
76.6,-0.1,8,KY,01001
74.2,0.0,8,KY,01001
77.4,-0.2,8,KY,01001
75.8,-1.0,8,KY,01001
73.4,0.1,8,KY,01001
75.1,-0.5,8,KY,01001
75.2,1.2,8,KY,01001
74.3,0.4,8,KY,01001
74.2,0.5,8,KY,01001
73.4,-0.1,8,KY,01001
73.7,0.3,8,KY,01001
75.2,0.3,8,KY,01001
73.6,0.2,8,KY,01001
74.2,0.7,8,KY,01001
74.3,-0.3,8,KY,01001
73.4,0.1,8,KY,01001
72.5,0.1,8,KY,01001
72.7,-0.1,8,KY,01001
74.0,0.5,8,KY,01001
76.2,-1.0,8,KY,01001
74.6,-1.9,8,KY,01001
76.5,-0.8,8,KY,01001
77.1,-0.1,8,KY,01001
73.3,0.1,8,KY,01001
75.9,-0.6,8,KY,01001
74.8,0.6,8,KY,01001
73.8,-0.1,8,KY,01001
75.1,0.5,8,KY,01001
77.2,-0.3,8,KY,01001
74.5,0.4,8,KY,01001
72.8,-0.1,8,KY,01001
74.2,-0.9,8,KY,01001
73.3,-0.4,8,KY,01001
75.2,1.0,8,KY,01001
75.2,0.1,8,KY,01001
75.3,-0.2,8,KY,01001
74.1,0.4,8,KY,01001
73.4,-0.4,8,KY,01001
75.0,-1.5,8,KY,01001
75.2,0.1,8,KY,01001
73.6,0.1,8,KY,01001
75.3,-0.5,8,KY,01001
73.9,-0.7,8,KY,01001
74.6,0.5,8,KY,01001
74.2,-0.2,8,KY,01001
74.2,0.3,8,KY,01001
73.7,-0.1,8,KY,01001
74.2,0.3,8,KY,01001
74.3,0.1,8,KY,01001
74.1,0.4,8,KY,01001
73.5,0.1,8,KY,01001
73.6,0.3,8,KY,01001
72.7,-0.6,8,KY,01001
75.1,0.8,8,KY,01001
74.6,0.7,8,KY,01001
74.2,-0.1,8,KY,01001
75.4,-1.0,8,KY,01001
74.8,-0.2,8,KY,01001
75.2,0.6,8,KY,01001
74.6,-1.9,8,KY,01001
76.6,-0.5,8,KY,01001
74.1,-0.2,8,KY,01001
76.4,-0.5,8,KY,01001
76.2,-0.3,8,KY,01001
75.0,0.5,8,KY,01001
74.3,0.5,8,KY,01001
76.1,-0.7,8,KY,01001
73.4,-0.1,8,KY,01001
73.6,-0.5,8,KY,01001
75.3,1.2,8,KY,01001
88.6,6.3,8,LA,01001
88.6,6.5,8,LA,01001
87.9,6.4,8,LA,01001
87.8,6.3,8,LA,01001
88.1,6.3,8,LA,01001
88.9,7.2,8,LA,01001
87.7,6.6,8,LA,01001
87.8,6.0,8,LA,01001
88.5,6.3,8,LA,01001
88.8,6.7,8,LA,01001
87.6,6.3,8,LA,01001
88.9,6.6,8,LA,01001
88.0,6.3,8,LA,01001
85.4,4.5,8,LA,01001
87.8,6.2,8,LA,01001
88.4,6.6,8,LA,01001
87.9,6.5,8,LA,01001
86.0,5.0,8,LA,01001
87.4,6.5,8,LA,01001
88.2,6.2,8,LA,01001
87.2,5.8,8,LA,01001
88.2,6.5,8,LA,01001
88.2,6.5,8,LA,01001
88.1,6.5,8,LA,01001
87.3,6.5,8,LA,01001
87.9,5.8,8,LA,01001
88.7,6.2,8,LA,01001
88.8,6.9,8,LA,01001
87.8,5.9,8,LA,01001
88.3,6.7,8,LA,01001
86.5,5.8,8,LA,01001
87.7,6.4,8,LA,01001
86.4,5.3,8,LA,01001
86.5,5.7,8,LA,01001
88.6,6.9,8,LA,01001
88.3,6.5,8,LA,01001
87.0,6.0,8,LA,01001
88.2,6.1,8,LA,01001
88.2,6.7,8,LA,01001
88.4,6.6,8,LA,01001
88.3,6.6,8,LA,01001
87.0,5.8,8,LA,01001
88.9,7.6,8,LA,01001
88.3,6.6,8,LA,01001
87.8,5.9,8,LA,01001
87.3,6.6,8,LA,01001
87.8,6.1,8,LA,01001
87.8,6.1,8,LA,01001
88.1,6.4,8,LA,01001
88.2,6.5,8,LA,01001
87.8,6.2,8,LA,01001
87.8,6.8,8,LA,01001
87.5,6.6,8,LA,01001
86.4,4.9,8,LA,01001
87.8,6.1,8,LA,01001
85.8,5.0,8,LA,01001
89.0,6.9,8,LA,01001
88.9,7.6,8,LA,01001
87.6,7.0,8,LA,01001
86.9,5.4,8,LA,01001
88.1,6.5,8,LA,01001
86.3,5.4,8,LA,01001
87.8,6.7,8,LA,01001
88.0,6.7,8,LA,01001
66.6,1.1,8,ME,01001
61.8,0.2,8,ME,01001
66.5,0.7,8,ME,01001
61.4,0.1,8,ME,01001
65.6,0.8,8,ME,01001
66.3,0.8,8,ME,01001
65.2,0.8,8,ME,01001
65.9,0.9,8,ME,01001
63.5,0.5,8,ME,01001
64.7,0.5,8,ME,01001
62.1,0.3,8,ME,01001
66.8,1.2,8,ME,01001
61.7,-0.2,8,ME,01001
65.3,0.6,8,ME,01001
64.8,0.8,8,ME,01001
66.5,0.4,8,ME,01001
71.8,0.9,8,MD,01001
76.8,1.9,8,MD,01001
75.0,2.3,8,MD,01001
76.5,1.7,8,MD,01001
75.3,1.3,8,MD,01001
73.2,1.7,8,MD,01001
74.6,1.2,8,MD,01001
76.7,1.8,8,MD,01001
77.1,2.2,8,MD,01001
73.8,1.6,8,MD,01001
67.0,0.9,8,MD,01001
74.7,1.3,8,MD,01001
74.2,1.8,8,MD,01001
76.1,1.7,8,MD,01001
74.4,1.5,8,MD,01001
75.7,1.4,8,MD,01001
75.9,1.6,8,MD,01001
77.2,2.0,8,MD,01001
78.0,2.8,8,MD,01001
76.1,1.1,8,MD,01001
73.8,1.8,8,MD,01001
77.1,2.6,8,MD,01001
77.1,2.4,8,MD,01001
77.4,2.9,8,MD,01001
76.0,1.5,8,MD,01001
69.3,1.1,8,MA,01001
65.5,0.6,8,MA,01001
70.1,1.0,8,MA,01001
69.9,1.3,8,MA,01001
68.6,0.5,8,MA,01001
67.6,1.0,8,MA,01001
68.3,0.5,8,MA,01001
67.9,0.4,8,MA,01001
69.5,0.9,8,MA,01001
68.4,1.3,8,MA,01001
70.0,1.3,8,MA,01001
70.5,1.6,8,MA,01001
70.4,1.4,8,MA,01001
68.2,1.2,8,MA,01001
64.2,-0.3,8,MI,01001
62.7,-0.2,8,MI,01001
68.8,-0.6,8,MI,01001
65.0,0.5,8,MI,01001
65.2,0.3,8,MI,01001
66.2,-0.2,8,MI,01001
61.4,-0.2,8,MI,01001
68.2,-0.7,8,MI,01001
67.4,-0.3,8,MI,01001
65.8,1.1,8,MI,01001
69.9,-0.3,8,MI,01001
68.6,-0.6,8,MI,01001
68.3,-0.6,8,MI,01001
69.5,0.0,8,MI,01001
65.4,0.3,8,MI,01001
64.6,0.1,8,MI,01001
62.7,0.1,8,MI,01001
65.0,-0.4,8,MI,01001
68.2,-0.4,8,MI,01001
63.4,-0.6,8,MI,01001
63.5,-0.3,8,MI,01001
63.5,0.7,8,MI,01001
68.1,-0.6,8,MI,01001
64.7,0.3,8,MI,01001
67.7,-0.6,8,MI,01001
66.0,-0.4,8,MI,01001
62.0,-0.3,8,MI,01001
65.4,0.7,8,MI,01001
67.6,-0.4,8,MI,01001
68.2,-0.5,8,MI,01001
62.7,-0.0,8,MI,01001
66.4,-0.1,8,MI,01001
67.8,-0.6,8,MI,01001
68.0,-0.3,8,MI,01001
65.1,-0.4,8,MI,01001
61.7,0.3,8,MI,01001
66.5,-0.4,8,MI,01001
67.6,-1.0,8,MI,01001
69.0,-0.4,8,MI,01001
64.1,-0.2,8,MI,01001
68.0,-0.3,8,MI,01001
62.6,0.3,8,MI,01001
65.4,-0.4,8,MI,01001
67.5,-0.5,8,MI,01001
65.8,0.8,8,MI,01001
69.3,-0.3,8,MI,01001
67.3,-0.8,8,MI,01001
61.9,-0.3,8,MI,01001
62.9,-0.2,8,MI,01001
69.4,-0.2,8,MI,01001
65.3,-0.1,8,MI,01001
62.3,0.2,8,MI,01001
65.6,-0.6,8,MI,01001
65.9,-0.3,8,MI,01001
64.9,0.4,8,MI,01001
67.2,-0.5,8,MI,01001
64.0,-0.3,8,MI,01001
70.2,-0.3,8,MI,01001
66.9,-0.3,8,MI,01001
64.5,0.3,8,MI,01001
68.8,1.1,8,MI,01001
66.8,0.1,8,MI,01001
68.0,-0.7,8,MI,01001
66.8,0.3,8,MI,01001
64.6,-0.2,8,MI,01001
62.8,0.0,8,MI,01001
64.6,-0.3,8,MI,01001
63.9,-0.2,8,MI,01001
64.0,0.3,8,MI,01001
69.0,0.3,8,MI,01001
64.7,0.2,8,MI,01001
64.1,-0.4,8,MI,01001
67.6,-0.6,8,MI,01001
68.5,-0.4,8,MI,01001
69.4,-0.2,8,MI,01001
66.9,-0.5,8,MI,01001
62.7,-0.9,8,MI,01001
67.6,-0.8,8,MI,01001
67.0,-0.6,8,MI,01001
69.2,-0.3,8,MI,01001
67.8,-0.8,8,MI,01001
69.8,-0.4,8,MI,01001
64.5,0.1,8,MI,01001
65.8,1.7,8,MN,01001
71.1,2.2,8,MN,01001
66.9,0.8,8,MN,01001
65.3,1.0,8,MN,01001
69.8,2.5,8,MN,01001
71.3,2.2,8,MN,01001
71.4,1.5,8,MN,01001
71.9,1.9,8,MN,01001
65.0,1.4,8,MN,01001
71.9,2.6,8,MN,01001
66.9,2.0,8,MN,01001
71.6,2.3,8,MN,01001
69.5,1.5,8,MN,01001
69.0,0.9,8,MN,01001
65.9,0.9,8,MN,01001
60.4,0.4,8,MN,01001
71.6,2.5,8,MN,01001
67.8,2.4,8,MN,01001
72.0,2.2,8,MN,01001
70.4,2.4,8,MN,01001
69.7,2.6,8,MN,01001
71.5,1.7,8,MN,01001
70.0,2.0,8,MN,01001
71.1,2.2,8,MN,01001
70.9,2.0,8,MN,01001
70.2,2.0,8,MN,01001
72.0,2.6,8,MN,01001
71.2,2.1,8,MN,01001
67.0,1.9,8,MN,01001
69.8,1.9,8,MN,01001
65.2,1.9,8,MN,01001
71.3,2.3,8,MN,01001
68.0,1.6,8,MN,01001
70.2,1.8,8,MN,01001
66.3,1.3,8,MN,01001
64.4,1.5,8,MN,01001
71.6,2.0,8,MN,01001
61.8,0.5,8,MN,01001
65.0,1.7,8,MN,01001
71.2,1.7,8,MN,01001
70.5,1.8,8,MN,01001
71.8,2.1,8,MN,01001
71.2,2.3,8,MN,01001
66.8,1.0,8,MN,01001
65.7,0.3,8,MN,01001
71.6,2.1,8,MN,01001
69.7,1.5,8,MN,01001
68.6,2.1,8,MN,01001
69.2,2.5,8,MN,01001
70.6,2.6,8,MN,01001
70.6,1.7,8,MN,01001
71.6,1.7,8,MN,01001
70.4,1.3,8,MN,01001
68.2,0.6,8,MN,01001
70.4,2.4,8,MN,01001
68.4,1.2,8,MN,01001
65.5,-0.2,8,MN,01001
66.8,1.5,8,MN,01001
70.2,1.2,8,MN,01001
67.2,0.5,8,MN,01001
70.5,2.8,8,MN,01001
72.1,2.4,8,MN,01001
66.2,-0.1,8,MN,01001
72.3,2.4,8,MN,01001
71.9,2.6,8,MN,01001
71.2,2.2,8,MN,01001
71.2,1.5,8,MN,01001
64.8,1.0,8,MN,01001
63.6,1.3,8,MN,01001
72.1,2.4,8,MN,01001
70.3,2.2,8,MN,01001
72.0,2.5,8,MN,01001
70.0,2.4,8,MN,01001
70.9,2.4,8,MN,01001
71.0,2.5,8,MN,01001
71.2,2.4,8,MN,01001
69.3,2.6,8,MN,01001
70.6,1.7,8,MN,01001
71.2,2.4,8,MN,01001
68.4,2.3,8,MN,01001
70.9,1.8,8,MN,01001
71.4,2.0,8,MN,01001
71.6,1.8,8,MN,01001
70.1,1.5,8,MN,01001
70.9,2.3,8,MN,01001
70.8,2.3,8,MN,01001
72.0,2.2,8,MN,01001
86.8,5.7,8,MS,01001
78.4,-0.0,8,MS,01001
86.8,6.5,8,MS,01001
83.6,4.0,8,MS,01001
79.1,0.5,8,MS,01001
83.2,2.4,8,MS,01001
81.7,1.8,8,MS,01001
84.1,4.2,8,MS,01001
81.7,1.7,8,MS,01001
82.5,3.3,8,MS,01001
85.8,4.8,8,MS,01001
85.5,5.4,8,MS,01001
82.7,2.5,8,MS,01001
82.4,1.9,8,MS,01001
86.4,5.8,8,MS,01001
87.4,7.0,8,MS,01001
80.9,0.9,8,MS,01001
87.7,7.0,8,MS,01001
86.3,5.8,8,MS,01001
87.2,6.6,8,MS,01001
87.1,6.5,8,MS,01001
83.4,3.3,8,MS,01001
87.7,7.2,8,MS,01001
87.4,6.9,8,MS,01001
86.6,5.8,8,MS,01001
85.1,4.6,8,MS,01001
85.6,4.5,8,MS,01001
85.8,4.8,8,MS,01001
80.5,1.0,8,MS,01001
87.4,6.7,8,MS,01001
85.7,5.7,8,MS,01001
85.9,5.1,8,MS,01001
87.4,7.1,8,MS,01001
87.3,6.6,8,MS,01001
83.8,3.8,8,MS,01001
80.8,1.0,8,MS,01001
87.7,7.1,8,MS,01001
84.6,4.7,8,MS,01001
87.5,7.0,8,MS,01001
85.0,5.2,8,MS,01001
81.0,1.1,8,MS,01001
85.0,4.3,8,MS,01001
86.7,6.4,8,MS,01001
83.1,2.7,8,MS,01001
86.4,5.7,8,MS,01001
88.0,7.2,8,MS,01001
80.0,0.8,8,MS,01001
81.6,1.4,8,MS,01001
82.8,3.2,8,MS,01001
84.1,4.7,8,MS,01001
85.0,5.4,8,MS,01001
83.8,3.5,8,MS,01001
83.2,3.3,8,MS,01001
81.3,1.1,8,MS,01001
87.5,7.2,8,MS,01001
87.6,6.9,8,MS,01001
87.2,6.9,8,MS,01001
81.1,1.4,8,MS,01001
79.6,0.5,8,MS,01001
82.2,1.6,8,MS,01001
86.5,6.1,8,MS,01001
85.7,6.0,8,MS,01001
85.6,4.5,8,MS,01001
86.8,6.5,8,MS,01001
86.3,6.3,8,MS,01001
87.2,6.9,8,MS,01001
84.1,3.2,8,MS,01001
83.4,2.8,8,MS,01001
80.9,0.9,8,MS,01001
78.9,0.3,8,MS,01001
78.8,0.4,8,MS,01001
81.5,1.2,8,MS,01001
80.5,1.1,8,MS,01001
87.5,7.1,8,MS,01001
86.2,5.2,8,MS,01001
84.6,3.5,8,MS,01001
86.4,6.0,8,MS,01001
82.3,2.8,8,MS,01001
87.1,6.3,8,MS,01001
83.2,3.9,8,MS,01001
81.9,1.9,8,MS,01001
86.2,5.2,8,MS,01001
74.2,0.2,8,MO,01001
75.3,0.2,8,MO,01001
74.9,0.2,8,MO,01001
75.0,-0.5,8,MO,01001
78.4,1.9,8,MO,01001
79.4,1.2,8,MO,01001
79.1,1.4,8,MO,01001
76.8,0.0,8,MO,01001
76.0,-0.4,8,MO,01001
76.2,-0.1,8,MO,01001
76.0,0.3,8,MO,01001
77.3,-0.7,8,MO,01001
74.7,-0.2,8,MO,01001
76.3,0.1,8,MO,01001
78.1,1.4,8,MO,01001
76.6,0.3,8,MO,01001
75.6,-0.3,8,MO,01001
76.8,0.6,8,MO,01001
78.3,1.6,8,MO,01001
79.8,2.1,8,MO,01001
75.7,-0.2,8,MO,01001
77.2,1.3,8,MO,01001
74.4,-0.2,8,MO,01001
76.3,0.4,8,MO,01001
74.8,-0.1,8,MO,01001
77.4,0.7,8,MO,01001
76.6,0.4,8,MO,01001
74.7,-0.2,8,MO,01001
79.3,1.9,8,MO,01001
77.8,1.5,8,MO,01001
74.5,-0.2,8,MO,01001
74.8,0.1,8,MO,01001
75.1,0.1,8,MO,01001
76.5,0.7,8,MO,01001
78.6,-0.1,8,MO,01001
75.6,0.1,8,MO,01001
75.6,0.1,8,MO,01001
74.9,0.6,8,MO,01001
77.7,1.6,8,MO,01001
74.1,-0.7,8,MO,01001
74.3,0.3,8,MO,01001
77.9,0.5,8,MO,01001
78.1,1.2,8,MO,01001
75.8,0.5,8,MO,01001
76.1,0.0,8,MO,01001
77.7,2.2,8,MO,01001
74.7,0.1,8,MO,01001
77.5,1.1,8,MO,01001
80.0,2.0,8,MO,01001
76.9,0.8,8,MO,01001
77.2,0.9,8,MO,01001
74.4,0.1,8,MO,01001
77.7,1.7,8,MO,01001
76.6,0.5,8,MO,01001
78.3,1.6,8,MO,01001
74.6,-0.4,8,MO,01001
75.3,-0.0,8,MO,01001
74.8,-0.4,8,MO,01001
75.2,-0.3,8,MO,01001
79.8,2.1,8,MO,01001
74.9,0.2,8,MO,01001
75.4,-0.0,8,MO,01001
76.6,0.5,8,MO,01001
74.9,-0.4,8,MO,01001
73.2,-0.8,8,MO,01001
77.8,1.2,8,MO,01001
77.3,-0.3,8,MO,01001
76.9,0.6,8,MO,01001
74.7,-0.6,8,MO,01001
75.2,-0.2,8,MO,01001
76.8,0.6,8,MO,01001
77.8,-0.5,8,MO,01001
80.2,2.7,8,MO,01001
74.5,0.3,8,MO,01001
78.0,1.9,8,MO,01001
76.7,0.3,8,MO,01001
77.5,1.1,8,MO,01001
78.7,-0.1,8,MO,01001
76.1,0.3,8,MO,01001
76.8,0.5,8,MO,01001
76.4,0.6,8,MO,01001
74.6,-0.4,8,MO,01001
76.9,0.8,8,MO,01001
78.9,2.3,8,MO,01001
77.9,1.7,8,MO,01001
73.1,-0.9,8,MO,01001
74.9,-0.3,8,MO,01001
75.3,-0.1,8,MO,01001
75.7,-0.1,8,MO,01001
75.3,0.3,8,MO,01001
77.6,0.4,8,MO,01001
76.5,0.3,8,MO,01001
78.7,0.9,8,MO,01001
76.1,0.3,8,MO,01001
75.6,0.6,8,MO,01001
77.1,0.6,8,MO,01001
76.4,0.3,8,MO,01001
73.9,0.1,8,MO,01001
74.4,0.4,8,MO,01001
77.0,-0.2,8,MO,01001
77.0,1.5,8,MO,01001
74.3,-0.4,8,MO,01001
77.2,-0.7,8,MO,01001
78.5,1.8,8,MO,01001
73.6,-0.8,8,MO,01001
78.4,1.4,8,MO,01001
76.8,1.4,8,MO,01001
79.5,1.3,8,MO,01001
75.4,0.1,8,MO,01001
75.2,0.4,8,MO,01001
75.9,-0.6,8,MO,01001
76.1,0.8,8,MO,01001
74.5,0.9,8,MO,01001
76.2,0.8,8,MO,01001
77.5,0.7,8,MO,01001
59.5,1.9,8,MT,01001
69.0,1.6,8,MT,01001
68.6,3.1,8,MT,01001
65.5,2.3,8,MT,01001
66.1,2.9,8,MT,01001
70.0,1.9,8,MT,01001
66.6,2.8,8,MT,01001
69.1,3.0,8,MT,01001
71.8,2.1,8,MT,01001
67.8,3.2,8,MT,01001
70.5,2.3,8,MT,01001
59.1,2.5,8,MT,01001
69.7,1.2,8,MT,01001
68.3,2.6,8,MT,01001
62.7,4.3,8,MT,01001
61.8,2.0,8,MT,01001
71.6,3.3,8,MT,01001
62.9,4.5,8,MT,01001
67.4,1.6,8,MT,01001
60.7,3.0,8,MT,01001
68.3,3.3,8,MT,01001
63.1,2.7,8,MT,01001
64.2,2.4,8,MT,01001
66.5,3.7,8,MT,01001
63.0,2.7,8,MT,01001
67.1,2.8,8,MT,01001
64.4,4.4,8,MT,01001
71.4,3.4,8,MT,01001
60.8,1.3,8,MT,01001
62.0,2.5,8,MT,01001
63.9,2.9,8,MT,01001
63.6,3.0,8,MT,01001
70.3,2.4,8,MT,01001
60.9,2.3,8,MT,01001
72.0,2.9,8,MT,01001
70.6,3.2,8,MT,01001
65.6,3.6,8,MT,01001
71.2,2.1,8,MT,01001
61.6,3.0,8,MT,01001
71.1,2.1,8,MT,01001
61.8,2.9,8,MT,01001
70.4,2.7,8,MT,01001
70.1,3.2,8,MT,01001
71.0,2.3,8,MT,01001
65.6,3.5,8,MT,01001
69.1,3.6,8,MT,01001
61.4,2.6,8,MT,01001
66.3,2.1,8,MT,01001
64.6,2.1,8,MT,01001
64.4,3.2,8,MT,01001
67.0,3.2,8,MT,01001
71.4,2.5,8,MT,01001
69.9,3.4,8,MT,01001
64.6,1.6,8,MT,01001
69.4,1.2,8,MT,01001
71.2,2.6,8,MT,01001
75.6,1.4,8,NE,01001
73.1,0.7,8,NE,01001
72.9,2.0,8,NE,01001
70.3,1.4,8,NE,01001
73.9,1.7,8,NE,01001
73.7,1.4,8,NE,01001
71.0,1.5,8,NE,01001
73.9,0.9,8,NE,01001
73.6,1.5,8,NE,01001
74.8,1.4,8,NE,01001
73.9,1.4,8,NE,01001
75.0,1.7,8,NE,01001
75.0,0.7,8,NE,01001
73.6,1.5,8,NE,01001
75.2,1.8,8,NE,01001
72.8,1.9,8,NE,01001
71.7,1.3,8,NE,01001
75.6,1.2,8,NE,01001
75.0,2.2,8,NE,01001
73.9,1.5,8,NE,01001
73.8,1.8,8,NE,01001
74.3,2.1,8,NE,01001
71.6,1.0,8,NE,01001
74.2,1.0,8,NE,01001
73.2,1.3,8,NE,01001
73.6,1.5,8,NE,01001
74.9,1.8,8,NE,01001
74.9,1.2,8,NE,01001
75.5,1.5,8,NE,01001
75.7,0.9,8,NE,01001
76.3,1.4,8,NE,01001
74.9,1.2,8,NE,01001
75.8,0.9,8,NE,01001
76.0,0.7,8,NE,01001
72.8,2.4,8,NE,01001
73.0,1.2,8,NE,01001
75.0,1.0,8,NE,01001
72.3,2.3,8,NE,01001
74.0,1.6,8,NE,01001
75.5,1.7,8,NE,01001
75.8,1.7,8,NE,01001
76.4,1.3,8,NE,01001
74.9,1.3,8,NE,01001
75.5,0.9,8,NE,01001
73.0,1.0,8,NE,01001
72.7,1.5,8,NE,01001
75.1,1.9,8,NE,01001
77.5,2.1,8,NE,01001
75.1,0.2,8,NE,01001
74.9,0.8,8,NE,01001
74.1,1.6,8,NE,01001
73.7,1.5,8,NE,01001
69.2,0.9,8,NE,01001
73.5,0.9,8,NE,01001
75.8,1.2,8,NE,01001
73.9,1.2,8,NE,01001
73.2,1.3,8,NE,01001
73.1,1.3,8,NE,01001
72.8,1.3,8,NE,01001
74.0,1.5,8,NE,01001
75.9,2.1,8,NE,01001
72.2,1.9,8,NE,01001
75.2,2.0,8,NE,01001
75.3,0.3,8,NE,01001
76.4,1.4,8,NE,01001
75.1,0.3,8,NE,01001
75.3,0.2,8,NE,01001
74.4,1.7,8,NE,01001
75.0,1.0,8,NE,01001
73.6,1.4,8,NE,01001
74.8,2.0,8,NE,01001
75.8,2.1,8,NE,01001
76.1,1.5,8,NE,01001
75.9,0.7,8,NE,01001
73.0,1.3,8,NE,01001
75.8,0.8,8,NE,01001
75.0,0.9,8,NE,01001
75.4,1.7,8,NE,01001
71.9,1.9,8,NE,01001
75.5,1.4,8,NE,01001
71.6,1.7,8,NE,01001
74.3,1.6,8,NE,01001
70.3,1.6,8,NE,01001
74.5,2.0,8,NE,01001
77.0,1.8,8,NE,01001
73.6,1.5,8,NE,01001
73.8,1.7,8,NE,01001
73.7,1.5,8,NE,01001
74.6,1.3,8,NE,01001
73.9,1.8,8,NE,01001
76.6,1.7,8,NE,01001
73.6,1.6,8,NE,01001
75.7,1.4,8,NE,01001
72.3,1.2,8,NV,01001
83.8,0.3,8,NV,01001
67.3,1.0,8,NV,01001
66.3,0.8,8,NV,01001
72.6,1.3,8,NV,01001
67.0,1.0,8,NV,01001
70.9,1.7,8,NV,01001
68.6,0.8,8,NV,01001
74.7,0.5,8,NV,01001
70.9,1.2,8,NV,01001
70.4,1.4,8,NV,01001
71.7,0.9,8,NV,01001
72.2,1.2,8,NV,01001
70.7,1.6,8,NV,01001
69.8,1.6,8,NV,01001
66.2,-0.0,8,NV,01001
68.8,1.4,8,NV,01001
66.0,0.4,8,NH,01001
64.6,0.5,8,NH,01001
65.8,0.8,8,NH,01001
61.0,-0.0,8,NH,01001
63.3,0.5,8,NH,01001
67.0,0.7,8,NH,01001
66.2,0.7,8,NH,01001
67.7,0.4,8,NH,01001
66.2,-0.1,8,NH,01001
64.9,1.0,8,NH,01001
74.4,1.9,8,NJ,01001
73.1,1.5,8,NJ,01001
74.2,1.3,8,NJ,01001
74.8,1.4,8,NJ,01001
74.7,2.0,8,NJ,01001
74.8,1.9,8,NJ,01001
73.6,1.9,8,NJ,01001
75.1,1.5,8,NJ,01001
74.9,1.6,8,NJ,01001
71.0,1.2,8,NJ,01001
73.2,1.2,8,NJ,01001
74.0,1.9,8,NJ,01001
74.4,2.2,8,NJ,01001
70.7,1.5,8,NJ,01001
74.1,2.0,8,NJ,01001
71.1,1.6,8,NJ,01001
75.2,1.6,8,NJ,01001
72.4,1.4,8,NJ,01001
68.9,0.8,8,NJ,01001
74.2,2.0,8,NJ,01001
70.1,1.5,8,NJ,01001
75.2,4.1,8,NM,01001
66.8,2.5,8,NM,01001
82.0,6.6,8,NM,01001
69.1,2.6,8,NM,01001
67.7,2.7,8,NM,01001
80.0,5.7,8,NM,01001
80.4,5.4,8,NM,01001
82.5,5.2,8,NM,01001
83.2,5.5,8,NM,01001
75.9,4.7,8,NM,01001
77.0,4.4,8,NM,01001
76.4,3.7,8,NM,01001
80.2,4.8,8,NM,01001
83.2,6.3,8,NM,01001
75.1,5.0,8,NM,01001
68.1,3.6,8,NM,01001
81.9,4.9,8,NM,01001
70.4,2.8,8,NM,01001
68.7,4.0,8,NM,01001
77.6,4.7,8,NM,01001
79.8,4.1,8,NM,01001
67.2,3.1,8,NM,01001
80.9,6.0,8,NM,01001
72.1,3.8,8,NM,01001
74.4,3.3,8,NM,01001
74.3,4.0,8,NM,01001
70.7,3.7,8,NM,01001
78.1,4.8,8,NM,01001
75.2,4.7,8,NM,01001
63.7,3.1,8,NM,01001
71.9,4.4,8,NM,01001
73.8,2.6,8,NM,01001
76.8,3.9,8,NM,01001
67.8,-0.1,8,NY,01001
65.7,0.3,8,NY,01001
74.5,1.2,8,NY,01001
65.7,-1.0,8,NY,01001
65.5,0.4,8,NY,01001
66.2,-1.6,8,NY,01001
66.8,0.2,8,NY,01001
65.9,-0.9,8,NY,01001
64.2,-1.4,8,NY,01001
64.7,0.0,8,NY,01001
68.3,0.0,8,NY,01001
64.1,-1.4,8,NY,01001
63.9,-0.7,8,NY,01001
70.0,1.2,8,NY,01001
67.0,-0.3,8,NY,01001
62.4,-0.2,8,NY,01001
63.2,0.3,8,NY,01001
64.8,-0.8,8,NY,01001
66.4,-0.9,8,NY,01001
65.9,-0.0,8,NY,01001
61.2,-0.5,8,NY,01001
62.9,-0.9,8,NY,01001
66.1,-0.3,8,NY,01001
75.1,1.4,8,NY,01001
63.4,-0.2,8,NY,01001
67.2,-0.3,8,NY,01001
65.1,-0.7,8,NY,01001
67.7,-0.7,8,NY,01001
67.0,-0.8,8,NY,01001
73.5,1.1,8,NY,01001
75.0,1.4,8,NY,01001
67.4,-1.2,8,NY,01001
65.3,-0.8,8,NY,01001
67.0,-0.6,8,NY,01001
66.8,-0.9,8,NY,01001
69.3,0.7,8,NY,01001
66.9,-1.3,8,NY,01001
66.8,-0.2,8,NY,01001
63.7,-1.3,8,NY,01001
70.7,1.6,8,NY,01001
74.3,1.0,8,NY,01001
67.7,0.7,8,NY,01001
75.1,1.9,8,NY,01001
71.9,1.5,8,NY,01001
65.0,0.2,8,NY,01001
66.8,-0.0,8,NY,01001
67.7,-0.1,8,NY,01001
65.3,-0.4,8,NY,01001
65.6,-1.1,8,NY,01001
66.8,-1.8,8,NY,01001
65.7,-0.3,8,NY,01001
72.0,1.5,8,NY,01001
65.8,-0.0,8,NY,01001
65.6,-1.3,8,NY,01001
65.0,-1.8,8,NY,01001
67.2,0.4,8,NY,01001
64.2,-0.1,8,NY,01001
66.9,0.5,8,NY,01001
67.0,-1.4,8,NY,01001
72.2,1.5,8,NY,01001
65.3,-0.3,8,NY,01001
66.3,-1.2,8,NY,01001
77.1,1.2,8,NC,01001
75.4,1.0,8,NC,01001
69.3,1.5,8,NC,01001
80.3,2.2,8,NC,01001
68.0,1.3,8,NC,01001
67.0,1.4,8,NC,01001
79.4,1.6,8,NC,01001
79.1,2.4,8,NC,01001
80.2,2.2,8,NC,01001
80.1,1.7,8,NC,01001
70.9,1.1,8,NC,01001
75.4,1.3,8,NC,01001
78.2,1.3,8,NC,01001
74.9,1.1,8,NC,01001
78.3,1.7,8,NC,01001
80.4,1.7,8,NC,01001
76.4,0.7,8,NC,01001
76.9,1.6,8,NC,01001
78.7,2.0,8,NC,01001
72.8,0.1,8,NC,01001
79.1,2.1,8,NC,01001
71.7,1.2,8,NC,01001
77.2,1.2,8,NC,01001
80.2,2.0,8,NC,01001
79.7,1.9,8,NC,01001
80.5,2.5,8,NC,01001
78.7,1.9,8,NC,01001
80.4,2.2,8,NC,01001
76.7,0.9,8,NC,01001
76.5,1.3,8,NC,01001
79.4,1.8,8,NC,01001
78.7,2.6,8,NC,01001
78.9,1.9,8,NC,01001
75.7,0.7,8,NC,01001
78.1,2.0,8,NC,01001
78.4,2.1,8,NC,01001
78.3,1.9,8,NC,01001
70.2,0.2,8,NC,01001
77.9,2.6,8,NC,01001
79.6,2.0,8,NC,01001
76.5,0.9,8,NC,01001
78.3,1.9,8,NC,01001
79.7,2.2,8,NC,01001
67.1,0.7,8,NC,01001
71.6,0.6,8,NC,01001
78.6,2.2,8,NC,01001
80.7,3.2,8,NC,01001
80.2,1.7,8,NC,01001
76.7,1.7,8,NC,01001
68.7,0.9,8,NC,01001
79.5,2.1,8,NC,01001
79.5,2.0,8,NC,01001
79.3,2.3,8,NC,01001
79.6,1.9,8,NC,01001
77.5,1.8,8,NC,01001
74.1,1.2,8,NC,01001
70.2,1.2,8,NC,01001
71.3,0.6,8,NC,01001
79.2,2.2,8,NC,01001
78.9,2.2,8,NC,01001
68.1,0.8,8,NC,01001
79.9,2.7,8,NC,01001
80.3,3.3,8,NC,01001
78.6,2.2,8,NC,01001
80.2,1.8,8,NC,01001
78.4,2.1,8,NC,01001
79.5,1.7,8,NC,01001
77.5,1.9,8,NC,01001
80.1,1.6,8,NC,01001
78.4,1.7,8,NC,01001
79.8,1.9,8,NC,01001
78.7,1.9,8,NC,01001
77.1,2.1,8,NC,01001
79.2,1.6,8,NC,01001
76.0,0.6,8,NC,01001
78.0,1.6,8,NC,01001
80.8,3.0,8,NC,01001
81.0,2.7,8,NC,01001
76.2,0.7,8,NC,01001
77.1,1.1,8,NC,01001
76.6,1.0,8,NC,01001
79.7,2.0,8,NC,01001
81.4,3.6,8,NC,01001
79.2,1.7,8,NC,01001
74.9,0.5,8,NC,01001
74.2,0.9,8,NC,01001
68.0,0.2,8,NC,01001
70.5,1.2,8,NC,01001
79.8,2.1,8,NC,01001
79.3,2.2,8,NC,01001
77.8,2.4,8,NC,01001
79.1,2.4,8,NC,01001
77.9,2.1,8,NC,01001
79.4,2.2,8,NC,01001
68.1,1.5,8,NC,01001
79.8,2.2,8,NC,01001
74.4,1.2,8,NC,01001
79.6,2.4,8,NC,01001
75.2,0.9,8,NC,01001
67.6,0.6,8,NC,01001
68.6,0.9,8,ND,01001
68.1,0.9,8,ND,01001
67.3,1.6,8,ND,01001
69.1,1.4,8,ND,01001
67.3,1.8,8,ND,01001
68.9,1.1,8,ND,01001
66.2,1.5,8,ND,01001
67.3,-0.3,8,ND,01001
69.3,1.0,8,ND,01001
65.8,1.5,8,ND,01001
68.1,-0.1,8,ND,01001
68.4,3.4,8,ND,01001
69.0,1.7,8,ND,01001
67.2,0.8,8,ND,01001
68.3,-0.5,8,ND,01001
67.0,0.4,8,ND,01001
69.2,1.3,8,ND,01001
67.9,0.8,8,ND,01001
68.4,0.1,8,ND,01001
67.0,0.6,8,ND,01001
68.0,0.6,8,ND,01001
66.8,-0.2,8,ND,01001
68.1,0.4,8,ND,01001
67.6,0.3,8,ND,01001
67.9,1.2,8,ND,01001
67.5,0.0,8,ND,01001
69.3,1.9,8,ND,01001
68.1,0.9,8,ND,01001
68.7,0.9,8,ND,01001
68.2,0.2,8,ND,01001
67.2,1.5,8,ND,01001
66.9,1.1,8,ND,01001
68.1,0.1,8,ND,01001
67.1,1.2,8,ND,01001
67.0,1.6,8,ND,01001
67.1,1.4,8,ND,01001
69.2,0.8,8,ND,01001
67.2,1.3,8,ND,01001
70.2,1.5,8,ND,01001
66.4,2.6,8,ND,01001
69.2,0.5,8,ND,01001
65.7,-1.0,8,ND,01001
68.8,-0.2,8,ND,01001
68.7,0.7,8,ND,01001
68.2,0.7,8,ND,01001
66.7,-0.5,8,ND,01001
67.7,0.7,8,ND,01001
66.8,2.5,8,ND,01001
67.8,-0.3,8,ND,01001
67.3,1.3,8,ND,01001
67.6,1.2,8,ND,01001
65.7,-0.7,8,ND,01001
68.9,2.9,8,ND,01001
72.4,0.0,8,OH,01001
70.7,-0.4,8,OH,01001
69.0,-0.3,8,OH,01001
68.0,0.0,8,OH,01001
71.2,-0.3,8,OH,01001
70.4,-0.7,8,OH,01001
69.9,-0.8,8,OH,01001
72.4,0.2,8,OH,01001
72.9,0.0,8,OH,01001
69.4,-0.1,8,OH,01001
69.8,-1.2,8,OH,01001
71.0,-0.4,8,OH,01001
73.6,0.6,8,OH,01001
72.4,0.9,8,OH,01001
68.8,-0.2,8,OH,01001
69.7,-0.6,8,OH,01001
69.9,0.1,8,OH,01001
69.7,-0.4,8,OH,01001
70.1,-1.1,8,OH,01001
70.0,-0.9,8,OH,01001
70.8,-0.8,8,OH,01001
70.4,-0.9,8,OH,01001
70.2,-1.4,8,OH,01001
71.6,0.3,8,OH,01001
71.9,-0.4,8,OH,01001
70.1,-0.5,8,OH,01001
71.9,-1.0,8,OH,01001
67.8,0.0,8,OH,01001
72.3,0.5,8,OH,01001
70.6,-0.0,8,OH,01001
74.0,0.4,8,OH,01001
70.9,-0.1,8,OH,01001
70.4,-0.4,8,OH,01001
69.9,-0.2,8,OH,01001
70.6,-0.4,8,OH,01001
71.8,0.2,8,OH,01001
70.3,-1.0,8,OH,01001
69.1,-0.5,8,OH,01001
69.4,-0.7,8,OH,01001
71.8,-0.3,8,OH,01001
69.6,-0.8,8,OH,01001
68.7,-1.1,8,OH,01001
69.5,0.4,8,OH,01001
73.4,0.5,8,OH,01001
69.5,-1.2,8,OH,01001
69.4,-1.1,8,OH,01001
69.3,-1.3,8,OH,01001
71.7,0.3,8,OH,01001
71.3,-0.2,8,OH,01001
68.8,0.4,8,OH,01001
70.6,-0.3,8,OH,01001
68.9,-0.8,8,OH,01001
71.4,-0.9,8,OH,01001
70.0,-1.0,8,OH,01001
71.6,-0.3,8,OH,01001
70.3,-0.8,8,OH,01001
72.8,0.5,8,OH,01001
71.0,-0.3,8,OH,01001
69.3,-0.5,8,OH,01001
70.7,-0.2,8,OH,01001
70.7,-0.4,8,OH,01001
71.2,-0.4,8,OH,01001
70.5,-0.7,8,OH,01001
70.3,-0.6,8,OH,01001
71.8,-0.7,8,OH,01001
72.6,0.5,8,OH,01001
68.3,-0.1,8,OH,01001
70.5,-0.9,8,OH,01001
70.7,-0.5,8,OH,01001
69.1,0.1,8,OH,01001
72.2,0.1,8,OH,01001
70.7,-0.6,8,OH,01001
73.2,0.6,8,OH,01001
70.2,-0.4,8,OH,01001
70.1,-1.0,8,OH,01001
69.3,0.0,8,OH,01001
69.2,-0.4,8,OH,01001
68.5,0.3,8,OH,01001
70.0,-0.1,8,OH,01001
70.4,-0.9,8,OH,01001
70.6,-0.6,8,OH,01001
71.1,-0.5,8,OH,01001
73.5,0.8,8,OH,01001
71.7,-0.3,8,OH,01001
69.0,-0.6,8,OH,01001
69.1,-1.0,8,OH,01001
71.3,-0.0,8,OH,01001
70.8,-0.0,8,OH,01001
81.5,2.9,8,OK,01001
82.0,1.1,8,OK,01001
86.8,4.9,8,OK,01001
79.3,0.3,8,OK,01001
84.5,3.7,8,OK,01001
82.8,1.7,8,OK,01001
88.6,6.1,8,OK,01001
85.2,3.8,8,OK,01001
83.8,2.6,8,OK,01001
87.8,4.9,8,OK,01001
82.1,2.1,8,OK,01001
87.4,5.8,8,OK,01001
76.7,1.2,8,OK,01001
84.7,3.1,8,OK,01001
86.6,4.5,8,OK,01001
87.2,5.0,8,OK,01001
88.8,5.4,8,OK,01001
81.3,1.2,8,OK,01001
82.3,1.1,8,OK,01001
83.4,2.7,8,OK,01001
80.5,1.3,8,OK,01001
82.0,1.8,8,OK,01001
80.7,1.3,8,OK,01001
82.7,1.7,8,OK,01001
87.0,4.8,8,OK,01001
85.2,3.8,8,OK,01001
82.6,1.7,8,OK,01001
86.0,4.1,8,OK,01001
87.1,5.0,8,OK,01001
80.3,0.2,8,OK,01001
84.2,2.9,8,OK,01001
84.8,3.3,8,OK,01001
88.0,5.2,8,OK,01001
88.8,5.1,8,OK,01001
88.1,5.9,8,OK,01001
83.1,2.3,8,OK,01001
83.4,1.5,8,OK,01001
86.6,4.7,8,OK,01001
84.5,3.8,8,OK,01001
83.7,3.8,8,OK,01001
83.0,1.3,8,OK,01001
83.1,1.5,8,OK,01001
89.0,5.7,8,OK,01001
85.3,3.7,8,OK,01001
84.8,5.0,8,OK,01001
83.9,2.2,8,OK,01001
82.3,1.2,8,OK,01001
88.8,5.9,8,OK,01001
81.9,1.2,8,OK,01001
87.6,5.4,8,OK,01001
83.5,2.0,8,OK,01001
83.1,2.0,8,OK,01001
82.0,1.6,8,OK,01001
83.1,1.6,8,OK,01001
83.8,2.2,8,OK,01001
83.0,1.3,8,OK,01001
82.5,2.1,8,OK,01001
81.4,2.2,8,OK,01001
83.0,2.0,8,OK,01001
82.9,1.7,8,OK,01001
84.6,3.0,8,OK,01001
87.0,5.2,8,OK,01001
84.9,3.2,8,OK,01001
85.7,5.2,8,OK,01001
83.0,2.9,8,OK,01001
82.4,1.5,8,OK,01001
85.0,3.4,8,OK,01001
83.8,3.2,8,OK,01001
87.0,4.6,8,OK,01001
78.9,1.1,8,OK,01001
89.0,5.8,8,OK,01001
82.7,1.5,8,OK,01001
83.1,1.6,8,OK,01001
82.4,2.0,8,OK,01001
84.5,3.2,8,OK,01001
81.2,0.8,8,OK,01001
81.1,1.1,8,OK,01001
67.7,2.7,8,OR,01001
71.4,6.3,8,OR,01001
67.5,5.4,8,OR,01001
65.3,5.0,8,OR,01001
69.6,6.4,8,OR,01001
67.2,5.1,8,OR,01001
66.9,4.3,8,OR,01001
68.7,4.9,8,OR,01001
64.6,4.2,8,OR,01001
69.8,5.6,8,OR,01001
72.0,4.1,8,OR,01001
64.7,2.8,8,OR,01001
67.2,2.4,8,OR,01001
66.0,5.1,8,OR,01001
70.7,4.6,8,OR,01001
68.7,4.8,8,OR,01001
70.6,5.3,8,OR,01001
64.3,3.5,8,OR,01001
65.4,2.9,8,OR,01001
68.2,5.2,8,OR,01001
67.0,5.5,8,OR,01001
67.9,5.1,8,OR,01001
70.2,1.9,8,OR,01001
68.8,5.7,8,OR,01001
70.7,3.7,8,OR,01001
70.8,6.1,8,OR,01001
70.9,6.5,8,OR,01001
72.1,4.3,8,OR,01001
65.8,5.5,8,OR,01001
69.8,3.7,8,OR,01001
65.2,3.4,8,OR,01001
65.3,3.7,8,OR,01001
70.0,4.6,8,OR,01001
69.7,5.7,8,OR,01001
68.3,3.9,8,OR,01001
70.5,6.0,8,OR,01001
73.1,1.9,8,PA,01001
70.8,0.1,8,PA,01001
69.0,0.1,8,PA,01001
69.8,-0.3,8,PA,01001
70.2,0.7,8,PA,01001
71.9,0.9,8,PA,01001
69.0,0.4,8,PA,01001
66.1,-0.6,8,PA,01001
72.2,1.1,8,PA,01001
69.4,0.7,8,PA,01001
67.2,0.4,8,PA,01001
66.9,-0.2,8,PA,01001
67.0,-0.0,8,PA,01001
68.2,-0.2,8,PA,01001
73.1,1.4,8,PA,01001
67.8,0.5,8,PA,01001
67.4,0.4,8,PA,01001
67.7,-0.5,8,PA,01001
68.6,0.0,8,PA,01001
66.5,-0.1,8,PA,01001
73.3,1.9,8,PA,01001
72.7,2.0,8,PA,01001
74.7,1.3,8,PA,01001
66.9,1.2,8,PA,01001
66.5,-0.6,8,PA,01001
69.0,-0.1,8,PA,01001
66.6,0.4,8,PA,01001
72.8,1.8,8,PA,01001
71.9,1.4,8,PA,01001
70.0,-0.2,8,PA,01001
70.5,0.5,8,PA,01001
68.2,-0.0,8,PA,01001
67.5,1.0,8,PA,01001
71.3,0.5,8,PA,01001
66.6,0.3,8,PA,01001
73.4,1.8,8,PA,01001
69.6,0.7,8,PA,01001
72.3,1.7,8,PA,01001
71.0,0.7,8,PA,01001
67.0,-0.1,8,PA,01001
67.7,-0.1,8,PA,01001
66.3,1.6,8,PA,01001
68.1,0.7,8,PA,01001
70.5,0.3,8,PA,01001
66.6,0.2,8,PA,01001
73.4,1.4,8,PA,01001
69.8,0.3,8,PA,01001
70.4,1.1,8,PA,01001
69.8,0.2,8,PA,01001
72.3,1.5,8,PA,01001
75.0,1.5,8,PA,01001
66.6,0.4,8,PA,01001
65.2,-0.3,8,PA,01001
69.0,0.4,8,PA,01001
70.1,0.0,8,PA,01001
67.0,0.7,8,PA,01001
65.2,-0.0,8,PA,01001
66.3,-0.0,8,PA,01001
65.0,-0.9,8,PA,01001
69.4,0.0,8,PA,01001
67.5,0.4,8,PA,01001
66.1,0.4,8,PA,01001
69.9,-0.3,8,PA,01001
65.8,0.0,8,PA,01001
69.8,0.1,8,PA,01001
67.4,0.4,8,PA,01001
73.7,2.5,8,PA,01001
70.5,0.6,8,RI,01001
69.4,0.9,8,RI,01001
70.0,0.7,8,RI,01001
69.1,0.7,8,RI,01001
70.0,1.3,8,RI,01001
80.0,1.4,8,SC,01001
81.4,2.3,8,SC,01001
81.0,1.7,8,SC,01001
79.1,1.5,8,SC,01001
80.6,1.3,8,SC,01001
80.8,1.5,8,SC,01001
83.3,2.8,8,SC,01001
82.3,2.7,8,SC,01001
81.6,2.2,8,SC,01001
82.6,2.6,8,SC,01001
78.2,1.3,8,SC,01001
79.3,1.4,8,SC,01001
80.4,2.4,8,SC,01001
81.5,2.2,8,SC,01001
82.2,2.8,8,SC,01001
81.8,3.1,8,SC,01001
81.6,3.0,8,SC,01001
82.5,3.0,8,SC,01001
81.3,2.2,8,SC,01001
80.2,1.6,8,SC,01001
81.9,2.7,8,SC,01001
80.7,1.3,8,SC,01001
77.4,1.2,8,SC,01001
80.3,1.4,8,SC,01001
82.0,2.6,8,SC,01001
80.6,1.7,8,SC,01001
82.8,2.9,8,SC,01001
80.8,2.5,8,SC,01001
79.2,2.0,8,SC,01001
79.3,1.0,8,SC,01001
81.8,3.1,8,SC,01001
81.5,2.6,8,SC,01001
81.1,1.9,8,SC,01001
81.5,2.4,8,SC,01001
81.6,3.0,8,SC,01001
80.6,1.8,8,SC,01001
77.0,0.8,8,SC,01001
81.4,1.9,8,SC,01001
77.5,1.5,8,SC,01001
81.5,2.2,8,SC,01001
81.0,2.2,8,SC,01001
78.4,1.3,8,SC,01001
82.1,3.0,8,SC,01001
79.4,1.3,8,SC,01001
81.3,1.9,8,SC,01001
78.8,1.6,8,SC,01001
73.2,1.5,8,SD,01001
72.6,1.5,8,SD,01001
72.3,1.5,8,SD,01001
73.8,1.2,8,SD,01001
70.3,1.5,8,SD,01001
70.4,1.2,8,SD,01001
73.4,1.2,8,SD,01001
72.5,0.8,8,SD,01001
71.4,1.8,8,SD,01001
69.1,-0.6,8,SD,01001
74.1,1.0,8,SD,01001
71.3,2.5,8,SD,01001
73.7,1.6,8,SD,01001
70.5,2.8,8,SD,01001
70.1,0.1,8,SD,01001
69.4,1.1,8,SD,01001
73.7,1.7,8,SD,01001
70.1,2.0,8,SD,01001
70.4,2.4,8,SD,01001
71.2,0.1,8,SD,01001
73.7,1.3,8,SD,01001
69.8,0.3,8,SD,01001
71.8,0.8,8,SD,01001
70.4,0.5,8,SD,01001
71.0,2.4,8,SD,01001
73.9,1.4,8,SD,01001
72.2,0.1,8,SD,01001
70.7,2.5,8,SD,01001
71.3,0.6,8,SD,01001
73.8,2.0,8,SD,01001
70.7,2.3,8,SD,01001
72.9,0.7,8,SD,01001
73.8,1.7,8,SD,01001
71.1,0.6,8,SD,01001
73.5,1.0,8,SD,01001
72.0,0.8,8,SD,01001
73.8,1.0,8,SD,01001
71.3,1.8,8,SD,01001
71.5,1.7,8,SD,01001
65.6,0.9,8,SD,01001
72.7,1.6,8,SD,01001
73.8,0.9,8,SD,01001
73.0,2.1,8,SD,01001
68.4,-0.1,8,SD,01001
69.3,1.0,8,SD,01001
71.3,0.7,8,SD,01001
74.2,1.4,8,SD,01001
72.8,2.0,8,SD,01001
72.4,2.3,8,SD,01001
70.8,1.2,8,SD,01001
72.4,0.9,8,SD,01001
70.1,0.8,8,SD,01001
70.6,1.4,8,SD,01001
69.8,-0.3,8,SD,01001
70.5,1.9,8,SD,01001
73.2,1.5,8,SD,01001
72.0,1.7,8,SD,01001
72.7,0.1,8,SD,01001
71.6,0.2,8,SD,01001
72.8,1.2,8,SD,01001
74.0,1.4,8,SD,01001
73.2,1.8,8,SD,01001
73.6,1.8,8,SD,01001
69.5,-0.4,8,SD,01001
73.7,1.6,8,SD,01001
71.5,0.4,8,SD,01001
74.7,-0.1,8,TN,01001
77.3,0.7,8,TN,01001
77.3,0.1,8,TN,01001
74.3,0.4,8,TN,01001
75.4,0.3,8,TN,01001
77.3,0.3,8,TN,01001
72.5,-0.4,8,TN,01001
75.9,0.2,8,TN,01001
77.4,0.0,8,TN,01001
71.1,1.1,8,TN,01001
76.6,-0.1,8,TN,01001
78.0,0.4,8,TN,01001
73.4,-0.0,8,TN,01001
75.8,0.0,8,TN,01001
74.5,0.2,8,TN,01001
76.1,0.8,8,TN,01001
78.2,0.3,8,TN,01001
72.1,-0.3,8,TN,01001
77.4,0.3,8,TN,01001
78.0,0.4,8,TN,01001
75.9,-0.1,8,TN,01001
76.2,0.2,8,TN,01001
78.4,0.1,8,TN,01001
79.1,0.5,8,TN,01001
72.4,-0.1,8,TN,01001
76.5,0.9,8,TN,01001
77.9,0.1,8,TN,01001
76.3,-0.2,8,TN,01001
74.9,0.2,8,TN,01001
74.4,-0.1,8,TN,01001
73.7,0.6,8,TN,01001
75.2,-0.2,8,TN,01001
77.3,0.7,8,TN,01001
73.9,0.1,8,TN,01001
78.3,0.3,8,TN,01001
78.2,0.2,8,TN,01001
74.6,-0.0,8,TN,01001
78.5,0.4,8,TN,01001
77.6,0.3,8,TN,01001
77.2,-0.2,8,TN,01001
76.8,0.6,8,TN,01001
76.7,0.2,8,TN,01001
76.9,0.3,8,TN,01001
76.2,-0.0,8,TN,01001
76.2,0.5,8,TN,01001
69.8,1.4,8,TN,01001
76.6,0.6,8,TN,01001
78.2,-0.3,8,TN,01001
78.6,-0.1,8,TN,01001
76.5,0.4,8,TN,01001
76.7,0.8,8,TN,01001
77.2,0.3,8,TN,01001
76.7,0.2,8,TN,01001
76.8,0.3,8,TN,01001
78.2,0.2,8,TN,01001
75.4,-0.4,8,TN,01001
78.1,0.4,8,TN,01001
76.0,0.7,8,TN,01001
77.0,0.4,8,TN,01001
76.9,0.6,8,TN,01001
76.8,0.3,8,TN,01001
75.2,0.2,8,TN,01001
76.5,-0.1,8,TN,01001
77.0,0.8,8,TN,01001
73.0,-0.1,8,TN,01001
77.7,-0.3,8,TN,01001
74.5,0.1,8,TN,01001
77.8,0.8,8,TN,01001
74.5,0.3,8,TN,01001
75.6,-0.1,8,TN,01001
74.8,0.0,8,TN,01001
75.5,0.2,8,TN,01001
76.2,0.2,8,TN,01001
75.6,-0.9,8,TN,01001
77.3,0.4,8,TN,01001
72.3,-0.0,8,TN,01001
74.6,0.6,8,TN,01001
73.6,0.4,8,TN,01001
80.5,0.8,8,TN,01001
76.4,-0.4,8,TN,01001
77.0,0.1,8,TN,01001
74.1,0.8,8,TN,01001
76.0,-0.5,8,TN,01001
79.1,-0.0,8,TN,01001
76.4,-0.4,8,TN,01001
70.2,0.3,8,TN,01001
74.4,-0.1,8,TN,01001
73.8,0.1,8,TN,01001
75.4,0.2,8,TN,01001
74.2,0.4,8,TN,01001
77.7,0.9,8,TN,01001
77.6,-0.1,8,TN,01001
74.6,-0.2,8,TN,01001
76.9,0.5,8,TN,01001
76.8,-0.1,8,TN,01001
89.1,6.2,8,TX,01001
85.9,6.3,8,TX,01001
89.7,7.3,8,TX,01001
87.8,4.0,8,TX,01001
90.5,6.3,8,TX,01001
83.3,5.2,8,TX,01001
89.6,4.6,8,TX,01001
90.2,6.6,8,TX,01001
81.0,5.3,8,TX,01001
87.2,5.4,8,TX,01001
90.9,7.0,8,TX,01001
90.3,6.2,8,TX,01001
89.0,4.4,8,TX,01001
90.0,6.5,8,TX,01001
89.6,5.5,8,TX,01001
88.8,5.9,8,TX,01001
87.0,5.7,8,TX,01001
90.0,5.9,8,TX,01001
86.2,4.8,8,TX,01001
88.4,5.6,8,TX,01001
91.2,7.4,8,TX,01001
85.2,6.1,8,TX,01001
84.6,5.4,8,TX,01001
89.5,4.4,8,TX,01001
89.6,6.6,8,TX,01001
91.1,7.3,8,TX,01001
89.7,6.3,8,TX,01001
91.4,7.3,8,TX,01001
88.4,5.2,8,TX,01001
88.7,6.1,8,TX,01001
88.8,4.0,8,TX,01001
87.8,5.7,8,TX,01001
81.8,4.5,8,TX,01001
86.9,4.9,8,TX,01001
80.8,5.1,8,TX,01001
88.5,6.1,8,TX,01001
89.0,6.5,8,TX,01001
87.6,5.2,8,TX,01001
90.4,6.2,8,TX,01001
81.6,5.5,8,TX,01001
88.2,6.0,8,TX,01001
89.2,6.7,8,TX,01001
89.9,6.5,8,TX,01001
85.4,4.6,8,TX,01001
90.6,7.1,8,TX,01001
89.3,5.9,8,TX,01001
90.0,6.8,8,TX,01001
89.0,7.0,8,TX,01001
90.0,6.6,8,TX,01001
89.8,6.2,8,TX,01001
87.9,5.1,8,TX,01001
89.0,6.6,8,TX,01001
88.2,6.2,8,TX,01001
84.5,5.2,8,TX,01001
82.0,5.0,8,TX,01001
77.4,2.4,8,TX,01001
91.4,6.8,8,TX,01001
85.0,5.0,8,TX,01001
80.4,5.2,8,TX,01001
88.2,5.6,8,TX,01001
91.3,7.0,8,TX,01001
90.9,6.8,8,TX,01001
86.8,5.5,8,TX,01001
89.9,3.9,8,TX,01001
84.1,4.7,8,TX,01001
89.2,4.2,8,TX,01001
89.0,6.1,8,TX,01001
87.4,6.9,8,TX,01001
86.9,5.8,8,TX,01001
91.1,6.3,8,TX,01001
84.5,5.3,8,TX,01001
90.2,6.9,8,TX,01001
90.1,6.4,8,TX,01001
88.7,6.1,8,TX,01001
91.1,7.3,8,TX,01001
88.7,6.4,8,TX,01001
82.8,4.6,8,TX,01001
89.2,5.6,8,TX,01001
89.7,6.6,8,TX,01001
87.8,5.7,8,TX,01001
89.9,6.2,8,TX,01001
89.3,4.3,8,TX,01001
84.1,5.5,8,TX,01001
88.8,6.0,8,TX,01001
87.3,6.1,8,TX,01001
86.9,5.6,8,TX,01001
87.3,6.3,8,TX,01001
89.7,5.5,8,TX,01001
91.5,7.2,8,TX,01001
82.2,4.1,8,TX,01001
89.4,6.2,8,TX,01001
88.4,5.6,8,TX,01001
90.5,7.0,8,TX,01001
90.8,6.6,8,TX,01001
81.8,4.8,8,TX,01001
86.5,5.0,8,TX,01001
90.0,6.7,8,TX,01001
80.9,2.6,8,TX,01001
88.7,5.4,8,TX,01001
88.3,6.5,8,TX,01001
90.0,6.8,8,TX,01001
88.1,5.4,8,TX,01001
78.5,2.8,8,TX,01001
89.4,5.8,8,TX,01001
89.4,6.1,8,TX,01001
81.8,2.7,8,TX,01001
89.5,6.3,8,TX,01001
89.6,3.8,8,TX,01001
90.5,5.9,8,TX,01001
82.0,4.8,8,TX,01001
90.7,6.3,8,TX,01001
88.0,5.6,8,TX,01001
89.3,6.1,8,TX,01001
87.6,6.0,8,TX,01001
81.4,4.7,8,TX,01001
88.9,6.1,8,TX,01001
83.3,4.4,8,TX,01001
87.5,6.0,8,TX,01001
90.1,6.7,8,TX,01001
89.6,6.4,8,TX,01001
88.3,6.9,8,TX,01001
79.8,5.7,8,TX,01001
88.6,6.5,8,TX,01001
89.4,4.2,8,TX,01001
89.4,4.5,8,TX,01001
90.2,5.8,8,TX,01001
88.8,5.5,8,TX,01001
89.9,5.4,8,TX,01001
90.3,6.0,8,TX,01001
87.6,5.5,8,TX,01001
88.9,4.4,8,TX,01001
88.8,6.5,8,TX,01001
86.0,5.5,8,TX,01001
87.0,6.3,8,TX,01001
89.0,6.0,8,TX,01001
90.2,5.4,8,TX,01001
89.4,5.1,8,TX,01001
89.7,5.9,8,TX,01001
87.8,5.7,8,TX,01001
81.2,4.9,8,TX,01001
89.6,6.2,8,TX,01001
89.8,3.9,8,TX,01001
91.4,7.7,8,TX,01001
90.4,6.8,8,TX,01001
89.4,5.9,8,TX,01001
88.7,6.2,8,TX,01001
89.9,6.0,8,TX,01001
80.3,1.4,8,TX,01001
89.3,4.2,8,TX,01001
89.8,6.3,8,TX,01001
87.2,6.2,8,TX,01001
83.3,5.4,8,TX,01001
84.4,5.3,8,TX,01001
88.8,6.6,8,TX,01001
90.2,6.1,8,TX,01001
89.6,4.2,8,TX,01001
90.0,6.4,8,TX,01001
87.6,5.1,8,TX,01001
86.8,6.0,8,TX,01001
88.9,6.8,8,TX,01001
88.7,5.9,8,TX,01001
90.7,4.4,8,TX,01001
88.8,4.9,8,TX,01001
87.7,7.0,8,TX,01001
87.5,6.5,8,TX,01001
90.6,7.0,8,TX,01001
89.6,6.6,8,TX,01001
88.6,6.5,8,TX,01001
90.1,6.6,8,TX,01001
90.2,7.0,8,TX,01001
81.0,3.6,8,TX,01001
87.2,5.3,8,TX,01001
85.9,4.6,8,TX,01001
89.4,7.2,8,TX,01001
90.8,6.4,8,TX,01001
88.5,7.2,8,TX,01001
87.9,6.7,8,TX,01001
89.1,4.7,8,TX,01001
80.7,2.1,8,TX,01001
80.0,3.4,8,TX,01001
88.4,6.6,8,TX,01001
90.9,7.0,8,TX,01001
88.6,6.1,8,TX,01001
90.6,6.5,8,TX,01001
80.7,5.5,8,TX,01001
86.3,6.1,8,TX,01001
89.4,6.9,8,TX,01001
81.8,4.5,8,TX,01001
83.4,5.9,8,TX,01001
88.6,5.7,8,TX,01001
81.6,5.4,8,TX,01001
87.5,6.4,8,TX,01001
86.5,5.5,8,TX,01001
86.9,5.4,8,TX,01001
86.3,6.0,8,TX,01001
88.3,4.4,8,TX,01001
82.8,3.9,8,TX,01001
90.4,6.7,8,TX,01001
90.1,6.4,8,TX,01001
88.9,6.2,8,TX,01001
88.6,6.2,8,TX,01001
88.9,7.5,8,TX,01001
88.8,7.0,8,TX,01001
89.4,6.4,8,TX,01001
88.6,4.2,8,TX,01001
89.5,6.6,8,TX,01001
87.2,6.4,8,TX,01001
88.0,6.4,8,TX,01001
89.4,5.7,8,TX,01001
88.6,6.7,8,TX,01001
79.4,2.2,8,TX,01001
88.5,6.1,8,TX,01001
90.5,6.1,8,TX,01001
90.1,4.1,8,TX,01001
89.4,5.7,8,TX,01001
87.4,6.0,8,TX,01001
89.2,6.1,8,TX,01001
87.0,6.2,8,TX,01001
81.9,5.1,8,TX,01001
91.4,6.6,8,TX,01001
88.4,6.1,8,TX,01001
88.8,5.9,8,TX,01001
83.2,5.0,8,TX,01001
89.7,5.8,8,TX,01001
87.4,5.6,8,TX,01001
88.3,6.0,8,TX,01001
90.1,6.1,8,TX,01001
89.7,6.7,8,TX,01001
88.7,7.0,8,TX,01001
88.0,5.7,8,TX,01001
88.1,6.4,8,TX,01001
88.8,4.7,8,TX,01001
89.6,5.4,8,TX,01001
89.0,5.8,8,TX,01001
89.8,6.1,8,TX,01001
89.8,6.3,8,TX,01001
90.5,7.0,8,TX,01001
88.6,6.5,8,TX,01001
90.3,6.6,8,TX,01001
89.6,3.6,8,TX,01001
89.6,6.3,8,TX,01001
83.4,3.9,8,TX,01001
90.3,6.3,8,TX,01001
89.8,6.1,8,TX,01001
88.7,4.0,8,TX,01001
90.0,6.4,8,TX,01001
90.0,5.5,8,TX,01001
87.6,6.7,8,TX,01001
90.7,6.8,8,TX,01001
88.3,5.9,8,TX,01001
82.5,5.6,8,TX,01001
89.9,6.1,8,TX,01001
90.3,3.9,8,TX,01001
89.7,4.0,8,TX,01001
70.4,1.0,8,UT,01001
71.6,1.4,8,UT,01001
65.9,1.4,8,UT,01001
66.5,1.3,8,UT,01001
62.8,0.8,8,UT,01001
72.0,1.6,8,UT,01001
63.0,1.6,8,UT,01001
73.4,2.1,8,UT,01001
69.7,1.9,8,UT,01001
75.4,3.5,8,UT,01001
69.0,0.8,8,UT,01001
73.1,1.0,8,UT,01001
73.1,1.3,8,UT,01001
73.6,1.0,8,UT,01001
65.6,1.8,8,UT,01001
63.5,1.3,8,UT,01001
62.7,1.8,8,UT,01001
71.7,1.9,8,UT,01001
75.6,2.3,8,UT,01001
65.4,1.6,8,UT,01001
65.1,0.9,8,UT,01001
59.2,1.4,8,UT,01001
73.7,0.2,8,UT,01001
70.2,2.8,8,UT,01001
68.9,1.5,8,UT,01001
62.0,1.5,8,UT,01001
74.8,-0.2,8,UT,01001
74.1,3.0,8,UT,01001
68.3,1.5,8,UT,01001
65.0,0.0,8,VT,01001
63.6,1.3,8,VT,01001
63.4,0.6,8,VT,01001
66.0,0.7,8,VT,01001
61.8,-0.0,8,VT,01001
65.3,0.3,8,VT,01001
67.1,-0.2,8,VT,01001
63.4,0.8,8,VT,01001
63.7,0.3,8,VT,01001
62.6,0.1,8,VT,01001
63.9,0.3,8,VT,01001
63.3,0.5,8,VT,01001
64.8,1.0,8,VT,01001
64.4,0.9,8,VT,01001
77.6,2.2,8,VA,01001
75.3,2.1,8,VA,01001
70.4,-0.2,8,VA,01001
76.4,1.2,8,VA,01001
73.0,0.3,8,VA,01001
74.0,0.3,8,VA,01001
75.9,1.6,8,VA,01001
71.2,1.1,8,VA,01001
69.8,0.4,8,VA,01001
74.0,0.4,8,VA,01001
68.4,0.1,8,VA,01001
72.8,0.2,8,VA,01001
77.3,1.7,8,VA,01001
72.3,0.8,8,VA,01001
75.1,0.8,8,VA,01001
73.9,0.2,8,VA,01001
76.5,1.7,8,VA,01001
69.7,0.7,8,VA,01001
78.1,1.3,8,VA,01001
74.8,0.4,8,VA,01001
77.2,1.3,8,VA,01001
74.3,2.2,8,VA,01001
70.8,0.5,8,VA,01001
75.5,2.2,8,VA,01001
75.8,1.0,8,VA,01001
71.9,0.5,8,VA,01001
77.0,1.3,8,VA,01001
77.2,1.6,8,VA,01001
75.8,1.8,8,VA,01001
75.0,2.3,8,VA,01001
68.9,0.6,8,VA,01001
75.6,1.3,8,VA,01001
73.9,0.7,8,VA,01001
73.3,1.9,8,VA,01001
69.9,0.5,8,VA,01001
77.9,1.5,8,VA,01001
75.8,0.9,8,VA,01001
67.8,1.0,8,VA,01001
74.1,2.5,8,VA,01001
77.9,1.8,8,VA,01001
75.7,0.8,8,VA,01001
76.9,1.5,8,VA,01001
77.6,1.6,8,VA,01001
74.8,0.5,8,VA,01001
67.5,1.0,8,VA,01001
78.1,1.6,8,VA,01001
78.1,1.5,8,VA,01001
77.3,1.5,8,VA,01001
76.9,1.9,8,VA,01001
77.4,1.6,8,VA,01001
77.4,1.6,8,VA,01001
73.3,0.4,8,VA,01001
75.1,2.2,8,VA,01001
75.1,1.1,8,VA,01001
76.0,1.1,8,VA,01001
73.9,2.3,8,VA,01001
78.0,1.6,8,VA,01001
77.0,1.7,8,VA,01001
77.5,1.4,8,VA,01001
71.4,0.9,8,VA,01001
73.5,1.2,8,VA,01001
77.6,1.4,8,VA,01001
77.9,1.8,8,VA,01001
77.6,2.1,8,VA,01001
76.3,1.3,8,VA,01001
75.2,1.7,8,VA,01001
72.4,2.3,8,VA,01001
72.5,0.4,8,VA,01001
74.6,0.0,8,VA,01001
76.3,1.1,8,VA,01001
75.2,0.7,8,VA,01001
77.8,1.2,8,VA,01001
76.3,2.4,8,VA,01001
70.7,0.6,8,VA,01001
73.5,2.3,8,VA,01001
77.4,1.8,8,VA,01001
73.4,1.1,8,VA,01001
71.9,0.2,8,VA,01001
71.2,1.3,8,VA,01001
71.3,0.8,8,VA,01001
73.2,0.4,8,VA,01001
72.9,2.1,8,VA,01001
69.5,1.0,8,VA,01001
78.0,1.8,8,VA,01001
75.3,1.6,8,VA,01001
76.5,2.6,8,VA,01001
78.0,1.5,8,VA,01001
77.7,1.6,8,VA,01001
68.8,0.6,8,VA,01001
73.5,2.2,8,VA,01001
72.1,1.0,8,VA,01001
77.4,1.9,8,VA,01001
70.5,0.2,8,VA,01001
69.4,0.5,8,VA,01001
78.3,1.5,8,VA,01001
76.6,1.7,8,VA,01001
73.7,1.0,8,VA,01001
73.2,0.0,8,VA,01001
76.0,2.1,8,VA,01001
78.4,2.0,8,VA,01001
77.7,1.2,8,VA,01001
72.2,-0.3,8,VA,01001
75.7,-0.0,8,VA,01001
78.0,1.7,8,VA,01001
75.2,1.7,8,VA,01001
75.2,1.5,8,VA,01001
78.0,1.8,8,VA,01001
76.2,2.3,8,VA,01001
69.6,0.8,8,VA,01001
78.8,1.6,8,VA,01001
72.2,1.1,8,VA,01001
77.9,1.1,8,VA,01001
74.0,0.3,8,VA,01001
76.3,2.3,8,VA,01001
76.1,2.2,8,VA,01001
75.0,0.6,8,VA,01001
78.7,1.6,8,VA,01001
79.2,2.1,8,VA,01001
70.3,0.0,8,VA,01001
77.6,1.2,8,VA,01001
78.8,1.6,8,VA,01001
79.2,2.0,8,VA,01001
71.5,0.8,8,VA,01001
77.5,1.5,8,VA,01001
75.3,1.2,8,VA,01001
75.2,1.2,8,VA,01001
72.7,1.3,8,VA,01001
78.1,1.7,8,VA,01001
78.8,2.3,8,VA,01001
73.2,1.8,8,VA,01001
78.0,1.6,8,VA,01001
73.8,2.1,8,VA,01001
72.1,3.7,8,WA,01001
70.6,4.4,8,WA,01001
74.6,3.5,8,WA,01001
65.0,4.1,8,WA,01001
62.8,4.4,8,WA,01001
70.7,5.9,8,WA,01001
69.4,3.6,8,WA,01001
67.6,5.2,8,WA,01001
71.7,3.1,8,WA,01001
65.9,3.5,8,WA,01001
74.2,3.7,8,WA,01001
70.2,4.1,8,WA,01001
73.5,2.8,8,WA,01001
66.2,5.2,8,WA,01001
65.9,4.5,8,WA,01001
62.3,4.7,8,WA,01001
65.3,4.4,8,WA,01001
68.4,5.2,8,WA,01001
66.9,3.6,8,WA,01001
70.4,4.8,8,WA,01001
65.8,5.0,8,WA,01001
69.0,2.5,8,WA,01001
66.6,4.8,8,WA,01001
66.0,4.2,8,WA,01001
65.9,5.4,8,WA,01001
65.4,4.4,8,WA,01001
64.6,4.7,8,WA,01001
64.8,3.7,8,WA,01001
64.0,4.4,8,WA,01001
64.8,5.3,8,WA,01001
64.1,4.3,8,WA,01001
69.5,4.0,8,WA,01001
68.4,4.0,8,WA,01001
68.4,4.9,8,WA,01001
66.3,5.8,8,WA,01001
74.1,3.2,8,WA,01001
63.1,4.5,8,WA,01001
71.1,4.2,8,WA,01001
67.9,4.0,8,WA,01001
70.0,0.5,8,WV,01001
73.6,1.6,8,WV,01001
72.7,-0.0,8,WV,01001
71.6,-0.4,8,WV,01001
70.0,-0.7,8,WV,01001
74.0,0.3,8,WV,01001
71.8,-0.3,8,WV,01001
72.2,-0.1,8,WV,01001
71.2,-0.3,8,WV,01001
70.0,-0.1,8,WV,01001
71.7,-0.4,8,WV,01001
69.6,0.9,8,WV,01001
67.7,0.2,8,WV,01001
72.5,1.5,8,WV,01001
69.6,-0.9,8,WV,01001
71.2,1.4,8,WV,01001
71.2,0.1,8,WV,01001
72.8,0.0,8,WV,01001
74.2,1.8,8,WV,01001
73.3,0.1,8,WV,01001
71.4,0.1,8,WV,01001
74.2,0.3,8,WV,01001
73.3,0.1,8,WV,01001
71.4,0.2,8,WV,01001
70.4,-0.4,8,WV,01001
70.1,-0.7,8,WV,01001
72.3,-0.9,8,WV,01001
68.7,-0.5,8,WV,01001
72.3,1.0,8,WV,01001
73.9,0.1,8,WV,01001
70.2,-0.2,8,WV,01001
70.0,0.3,8,WV,01001
73.0,1.5,8,WV,01001
69.1,-0.1,8,WV,01001
69.9,-0.6,8,WV,01001
68.1,0.8,8,WV,01001
71.5,-0.3,8,WV,01001
65.6,0.7,8,WV,01001
68.2,0.4,8,WV,01001
73.4,-0.0,8,WV,01001
69.3,-0.1,8,WV,01001
66.4,1.1,8,WV,01001
71.5,-0.3,8,WV,01001
72.4,-0.0,8,WV,01001
70.4,0.0,8,WV,01001
70.4,-0.3,8,WV,01001
66.3,0.8,8,WV,01001
71.2,-0.5,8,WV,01001
69.8,0.6,8,WV,01001
74.4,0.7,8,WV,01001
67.8,-0.0,8,WV,01001
70.4,-0.6,8,WV,01001
72.0,-0.1,8,WV,01001
72.2,-0.2,8,WV,01001
70.9,-0.2,8,WV,01001
69.3,1.9,8,WI,01001
63.6,0.2,8,WI,01001
67.1,0.9,8,WI,01001
64.6,1.0,8,WI,01001
67.9,1.5,8,WI,01001
70.8,2.1,8,WI,01001
67.3,1.2,8,WI,01001
68.6,1.5,8,WI,01001
67.8,1.3,8,WI,01001
67.8,2.0,8,WI,01001
70.1,1.8,8,WI,01001
71.3,1.5,8,WI,01001
70.9,2.0,8,WI,01001
69.5,1.2,8,WI,01001
65.8,0.2,8,WI,01001
65.4,1.3,8,WI,01001
69.3,1.5,8,WI,01001
69.2,2.1,8,WI,01001
62.8,0.5,8,WI,01001
69.2,1.6,8,WI,01001
62.2,0.0,8,WI,01001
71.3,1.3,8,WI,01001
70.8,1.3,8,WI,01001
69.9,1.8,8,WI,01001
70.4,1.6,8,WI,01001
62.3,-0.3,8,WI,01001
69.8,2.8,8,WI,01001
70.3,1.0,8,WI,01001
69.6,2.2,8,WI,01001
71.5,1.3,8,WI,01001
67.2,1.3,8,WI,01001
71.2,2.4,8,WI,01001
70.2,1.1,8,WI,01001
64.1,1.0,8,WI,01001
65.0,1.0,8,WI,01001
68.1,1.6,8,WI,01001
67.2,1.9,8,WI,01001
65.1,0.4,8,WI,01001
69.9,1.8,8,WI,01001
65.9,1.2,8,WI,01001
71.2,1.6,8,WI,01001
69.7,2.3,8,WI,01001
65.7,0.3,8,WI,01001
62.7,-0.3,8,WI,01001
68.4,1.4,8,WI,01001
69.6,1.4,8,WI,01001
70.7,1.8,8,WI,01001
70.4,1.6,8,WI,01001
68.4,1.4,8,WI,01001
68.7,2.2,8,WI,01001
63.9,0.6,8,WI,01001
71.0,1.1,8,WI,01001
70.6,1.7,8,WI,01001
71.0,1.1,8,WI,01001
65.9,0.6,8,WI,01001
69.6,1.5,8,WI,01001
70.0,1.7,8,WI,01001
64.7,0.9,8,WI,01001
67.4,1.8,8,WI,01001
68.4,1.1,8,WI,01001
65.7,1.1,8,WI,01001
70.5,2.3,8,WI,01001
70.2,1.7,8,WI,01001
61.7,-0.4,8,WI,01001
69.7,0.1,8,WI,01001
65.9,0.8,8,WI,01001
69.0,1.2,8,WI,01001
70.0,1.1,8,WI,01001
68.9,1.9,8,WI,01001
69.2,1.8,8,WI,01001
69.5,1.6,8,WI,01001
68.7,2.1,8,WI,01001
62.2,1.6,8,WY,01001
67.2,2.2,8,WY,01001
70.0,2.2,8,WY,01001
63.6,1.0,8,WY,01001
67.6,0.7,8,WY,01001
68.6,1.6,8,WY,01001
63.2,0.6,8,WY,01001
71.0,2.6,8,WY,01001
66.5,1.2,8,WY,01001
66.7,1.1,8,WY,01001
67.7,2.1,8,WY,01001
60.9,2.1,8,WY,01001
66.4,0.0,8,WY,01001
71.2,2.2,8,WY,01001
60.6,2.1,8,WY,01001
69.7,2.2,8,WY,01001
66.0,0.9,8,WY,01001
57.6,1.3,8,WY,01001
65.2,1.3,8,WY,01001
56.3,0.9,8,WY,01001
61.4,0.9,8,WY,01001
68.9,1.6,8,WY,01001
70.9,2.6,8,WY,01001
76.8,1.4,9,AL,01001
79.6,2.3,9,AL,01001
76.8,0.9,9,AL,01001
75.4,0.7,9,AL,01001
73.8,1.2,9,AL,01001
76.0,0.5,9,AL,01001
76.9,1.2,9,AL,01001
73.7,0.9,9,AL,01001
73.2,0.1,9,AL,01001
72.9,0.1,9,AL,01001
75.4,1.0,9,AL,01001
77.9,2.3,9,AL,01001
77.8,2.0,9,AL,01001
73.0,0.9,9,AL,01001
72.3,0.7,9,AL,01001
77.2,0.8,9,AL,01001
73.6,1.3,9,AL,01001
77.4,1.0,9,AL,01001
75.0,1.2,9,AL,01001
77.5,0.9,9,AL,01001
76.5,0.9,9,AL,01001
73.4,1.0,9,AL,01001
77.2,0.6,9,AL,01001
77.6,1.9,9,AL,01001
70.7,-0.7,9,AL,01001
76.0,0.7,9,AL,01001
77.8,1.1,9,AL,01001
73.7,0.8,9,AL,01001
74.6,0.4,9,AL,01001
73.4,1.2,9,AL,01001
77.5,0.6,9,AL,01001
76.5,0.7,9,AL,01001
76.6,1.0,9,AL,01001
77.3,0.8,9,AL,01001
77.4,0.2,9,AL,01001
71.4,-0.3,9,AL,01001
75.1,1.3,9,AL,01001
75.1,0.8,9,AL,01001
73.0,1.1,9,AL,01001
73.2,0.9,9,AL,01001
74.4,-0.0,9,AL,01001
73.0,0.8,9,AL,01001
77.2,1.3,9,AL,01001
75.8,0.3,9,AL,01001
72.8,0.5,9,AL,01001
77.5,1.8,9,AL,01001
73.8,0.8,9,AL,01001
73.1,0.6,9,AL,01001
79.9,3.0,9,AL,01001
77.6,1.6,9,AL,01001
76.2,0.4,9,AL,01001
73.3,0.9,9,AL,01001
76.7,1.4,9,AL,01001
75.9,0.7,9,AL,01001
76.5,0.7,9,AL,01001
72.8,0.7,9,AL,01001
75.9,0.3,9,AL,01001
74.2,1.2,9,AL,01001
74.9,1.0,9,AL,01001
76.9,1.2,9,AL,01001
74.4,1.0,9,AL,01001
74.3,0.6,9,AL,01001
75.5,0.2,9,AL,01001
74.4,0.6,9,AL,01001
78.5,2.3,9,AL,01001
77.7,1.8,9,AL,01001
73.1,0.7,9,AL,01001
64.3,2.0,9,AZ,01001
75.0,3.3,9,AZ,01001
65.4,0.9,9,AZ,01001
73.0,2.0,9,AZ,01001
75.2,2.8,9,AZ,01001
70.7,3.2,9,AZ,01001
84.6,1.0,9,AZ,01001
84.2,1.9,9,AZ,01001
74.1,-0.2,9,AZ,01001
66.0,1.8,9,AZ,01001
82.0,3.0,9,AZ,01001
82.8,2.2,9,AZ,01001
74.2,3.1,9,AZ,01001
71.5,0.9,9,AZ,01001
85.7,1.5,9,AZ,01001
76.9,2.5,9,AR,01001
77.6,2.7,9,AR,01001
71.3,1.4,9,AR,01001
72.0,1.9,9,AR,01001
70.9,1.3,9,AR,01001
76.6,1.9,9,AR,01001
76.2,1.4,9,AR,01001
70.9,1.1,9,AR,01001
77.6,2.4,9,AR,01001
75.4,0.9,9,AR,01001
73.6,2.1,9,AR,01001
73.7,2.3,9,AR,01001
76.4,2.0,9,AR,01001
76.3,1.0,9,AR,01001
75.6,2.8,9,AR,01001
74.4,2.3,9,AR,01001
75.2,3.1,9,AR,01001
75.3,1.6,9,AR,01001
74.2,0.9,9,AR,01001
75.6,1.2,9,AR,01001
76.8,2.1,9,AR,01001
76.8,2.2,9,AR,01001
75.8,2.8,9,AR,01001
74.7,2.6,9,AR,01001
71.5,2.1,9,AR,01001
75.6,2.5,9,AR,01001
76.3,2.1,9,AR,01001
74.0,2.3,9,AR,01001
75.2,0.3,9,AR,01001
76.0,2.0,9,AR,01001
75.0,1.3,9,AR,01001
72.8,1.4,9,AR,01001
71.7,1.5,9,AR,01001
73.2,1.0,9,AR,01001
76.9,2.6,9,AR,01001
73.9,2.5,9,AR,01001
77.1,1.6,9,AR,01001
73.0,1.5,9,AR,01001
75.8,2.0,9,AR,01001
77.1,2.5,9,AR,01001
77.2,2.4,9,AR,01001
75.6,2.5,9,AR,01001
76.6,2.7,9,AR,01001
71.0,1.9,9,AR,01001
71.2,1.3,9,AR,01001
77.9,2.2,9,AR,01001
74.4,1.8,9,AR,01001
76.3,2.3,9,AR,01001
74.6,2.0,9,AR,01001
75.2,0.2,9,AR,01001
70.4,1.4,9,AR,01001
75.8,0.6,9,AR,01001
75.9,2.6,9,AR,01001
76.3,2.1,9,AR,01001
74.6,1.0,9,AR,01001
74.3,1.6,9,AR,01001
73.6,1.9,9,AR,01001
74.3,2.6,9,AR,01001
76.3,2.4,9,AR,01001
76.6,2.8,9,AR,01001
72.6,1.7,9,AR,01001
75.1,1.4,9,AR,01001
76.1,2.6,9,AR,01001
74.7,2.4,9,AR,01001
70.7,1.1,9,AR,01001
76.3,3.2,9,AR,01001
76.1,2.0,9,AR,01001
71.8,1.6,9,AR,01001
71.8,1.5,9,AR,01001
76.8,1.7,9,AR,01001
72.6,1.9,9,AR,01001
72.3,2.3,9,AR,01001
75.1,2.2,9,AR,01001
74.6,1.3,9,AR,01001
75.7,2.4,9,AR,01001
66.5,-0.7,9,CA,01001
54.1,-0.1,9,CA,01001
66.5,-1.8,9,CA,01001
69.2,-0.6,9,CA,01001
66.9,-2.1,9,CA,01001
70.3,-1.0,9,CA,01001
66.9,-1.6,9,CA,01001
60.9,-0.5,9,CA,01001
63.2,-1.3,9,CA,01001
65.1,-0.3,9,CA,01001
70.1,-0.6,9,CA,01001
63.2,0.3,9,CA,01001
86.3,1.2,9,CA,01001
71.6,-0.3,9,CA,01001
71.1,-0.9,9,CA,01001
74.1,0.5,9,CA,01001
65.8,-1.7,9,CA,01001
56.9,-0.8,9,CA,01001
69.4,-0.5,9,CA,01001
66.0,-0.2,9,CA,01001
61.6,0.0,9,CA,01001
64.7,-0.9,9,CA,01001
63.8,-1.0,9,CA,01001
71.4,-0.1,9,CA,01001
56.4,-0.5,9,CA,01001
54.5,0.2,9,CA,01001
65.6,-0.4,9,CA,01001
67.8,-0.6,9,CA,01001
61.5,-1.1,9,CA,01001
70.2,-0.2,9,CA,01001
62.9,-1.2,9,CA,01001
57.5,-0.5,9,CA,01001
78.8,-0.0,9,CA,01001
71.3,-0.2,9,CA,01001
67.0,-0.7,9,CA,01001
77.6,0.1,9,CA,01001
70.6,-0.7,9,CA,01001
62.6,0.7,9,CA,01001
71.0,-0.0,9,CA,01001
66.4,-0.9,9,CA,01001
63.5,1.2,9,CA,01001
65.5,0.4,9,CA,01001
65.9,-0.5,9,CA,01001
64.3,1.1,9,CA,01001
65.2,-0.7,9,CA,01001
57.2,-0.3,9,CA,01001
58.9,-0.5,9,CA,01001
68.9,-0.5,9,CA,01001
64.0,-0.5,9,CA,01001
70.5,-0.4,9,CA,01001
72.4,0.1,9,CA,01001
68.1,-1.6,9,CA,01001
63.2,-0.2,9,CA,01001
64.0,-0.3,9,CA,01001
59.7,-1.0,9,CA,01001
64.9,-0.6,9,CA,01001
70.7,-0.7,9,CA,01001
69.7,-0.7,9,CA,01001
65.1,3.5,9,CO,01001
57.5,2.7,9,CO,01001
64.4,3.2,9,CO,01001
56.9,1.8,9,CO,01001
70.1,3.6,9,CO,01001
69.6,3.3,9,CO,01001
57.6,1.9,9,CO,01001
64.9,3.1,9,CO,01001
51.6,2.1,9,CO,01001
68.2,4.1,9,CO,01001
49.9,1.9,9,CO,01001
54.0,2.3,9,CO,01001
55.0,1.9,9,CO,01001
68.3,4.1,9,CO,01001
55.0,2.7,9,CO,01001
61.4,3.7,9,CO,01001
65.8,3.7,9,CO,01001
55.9,2.2,9,CO,01001
61.0,2.6,9,CO,01001
53.2,2.1,9,CO,01001
63.1,3.6,9,CO,01001
63.3,4.1,9,CO,01001
59.7,2.9,9,CO,01001
57.8,3.2,9,CO,01001
51.8,1.6,9,CO,01001
51.1,2.1,9,CO,01001
52.4,2.5,9,CO,01001
48.5,2.6,9,CO,01001
61.0,3.2,9,CO,01001
50.1,2.3,9,CO,01001
59.7,2.4,9,CO,01001
68.9,3.6,9,CO,01001
67.9,4.3,9,CO,01001
47.6,1.6,9,CO,01001
58.1,2.5,9,CO,01001
56.0,3.2,9,CO,01001
65.4,2.8,9,CO,01001
66.0,3.9,9,CO,01001
66.2,3.9,9,CO,01001
62.4,3.9,9,CO,01001
49.2,2.0,9,CO,01001
59.0,3.3,9,CO,01001
62.6,2.7,9,CO,01001
62.2,3.7,9,CO,01001
65.7,4.3,9,CO,01001
69.1,3.5,9,CO,01001
55.4,3.6,9,CO,01001
51.3,1.7,9,CO,01001
67.1,4.3,9,CO,01001
51.4,2.4,9,CO,01001
70.0,3.1,9,CO,01001
68.0,4.1,9,CO,01001
58.8,3.2,9,CO,01001
54.2,3.2,9,CO,01001
54.1,2.9,9,CO,01001
53.4,2.4,9,CO,01001
46.6,2.6,9,CO,01001
58.3,2.9,9,CO,01001
66.5,3.8,9,CO,01001
48.6,1.6,9,CO,01001
53.6,2.2,9,CO,01001
65.7,3.4,9,CO,01001
64.4,4.0,9,CO,01001
68.0,4.5,9,CO,01001
66.3,3.5,9,CT,01001
65.8,4.0,9,CT,01001
63.2,3.6,9,CT,01001
65.8,3.5,9,CT,01001
65.7,3.3,9,CT,01001
65.9,3.8,9,CT,01001
64.2,3.5,9,CT,01001
64.5,3.7,9,CT,01001
69.4,2.2,9,DE,01001
68.8,2.0,9,DE,01001
69.9,2.1,9,DE,01001
79.0,0.7,9,FL,01001
77.5,0.2,9,FL,01001
78.9,0.9,9,FL,01001
78.3,0.5,9,FL,01001
81.1,1.3,9,FL,01001
83.0,2.2,9,FL,01001
78.2,0.8,9,FL,01001
81.8,1.2,9,FL,01001
81.0,2.1,9,FL,01001
79.1,1.2,9,FL,01001
83.7,2.4,9,FL,01001
77.5,-0.1,9,FL,01001
81.4,1.4,9,FL,01001
80.1,1.8,9,FL,01001
79.0,1.2,9,FL,01001
79.6,2.0,9,FL,01001
80.1,1.6,9,FL,01001
78.7,0.5,9,FL,01001
77.8,0.5,9,FL,01001
79.3,1.2,9,FL,01001
81.5,1.3,9,FL,01001
78.6,1.0,9,FL,01001
76.8,-0.5,9,FL,01001
81.5,1.8,9,FL,01001
82.2,1.6,9,FL,01001
81.2,2.2,9,FL,01001
81.5,1.7,9,FL,01001
82.1,2.3,9,FL,01001
77.7,0.4,9,FL,01001
80.8,1.3,9,FL,01001
77.8,0.1,9,FL,01001
78.2,0.7,9,FL,01001
78.8,1.0,9,FL,01001
80.9,1.7,9,FL,01001
82.5,1.5,9,FL,01001
78.3,0.7,9,FL,01001
80.4,1.9,9,FL,01001
78.3,0.8,9,FL,01001
77.7,0.5,9,FL,01001
81.7,1.8,9,FL,01001
80.0,1.4,9,FL,01001
81.9,1.9,9,FL,01001
83.2,2.4,9,FL,01001
84.0,2.4,9,FL,01001
78.2,0.8,9,FL,01001
78.7,1.2,9,FL,01001
81.2,1.5,9,FL,01001
81.5,1.6,9,FL,01001
81.8,1.9,9,FL,01001
82.2,1.8,9,FL,01001
81.4,2.1,9,FL,01001
82.8,2.2,9,FL,01001
82.0,2.2,9,FL,01001
79.9,1.5,9,FL,01001
79.9,1.6,9,FL,01001
81.2,1.4,9,FL,01001
79.2,1.6,9,FL,01001
81.6,1.2,9,FL,01001
80.9,1.1,9,FL,01001
80.9,2.0,9,FL,01001
77.7,0.0,9,FL,01001
79.2,1.1,9,FL,01001
78.0,0.3,9,FL,01001
80.3,1.2,9,FL,01001
78.9,0.8,9,FL,01001
78.2,0.9,9,FL,01001
78.0,0.5,9,FL,01001
76.7,0.3,9,GA,01001
76.6,-0.0,9,GA,01001
77.0,0.5,9,GA,01001
76.8,-0.3,9,GA,01001
74.5,-0.3,9,GA,01001
72.7,0.6,9,GA,01001
72.6,0.4,9,GA,01001
72.1,-0.3,9,GA,01001
75.9,-0.0,9,GA,01001
76.1,-0.3,9,GA,01001
74.8,-0.0,9,GA,01001
75.2,-0.4,9,GA,01001
77.4,1.0,9,GA,01001
76.6,-0.1,9,GA,01001
76.4,-0.1,9,GA,01001
75.3,-0.3,9,GA,01001
73.7,-0.7,9,GA,01001
74.0,0.6,9,GA,01001
76.6,-0.0,9,GA,01001
77.9,0.7,9,GA,01001
75.2,-0.4,9,GA,01001
72.3,0.9,9,GA,01001
72.8,1.0,9,GA,01001
77.6,0.7,9,GA,01001
76.9,0.2,9,GA,01001
75.5,0.1,9,GA,01001
71.5,-0.8,9,GA,01001
71.3,-0.3,9,GA,01001
72.8,0.2,9,GA,01001
77.1,0.8,9,GA,01001
73.3,0.5,9,GA,01001
77.0,0.1,9,GA,01001
72.4,0.3,9,GA,01001
76.3,-0.0,9,GA,01001
76.2,-0.0,9,GA,01001
73.8,-0.4,9,GA,01001
76.2,-0.2,9,GA,01001
73.3,0.8,9,GA,01001
74.6,0.1,9,GA,01001
76.5,1.0,9,GA,01001
70.8,-0.1,9,GA,01001
69.8,-0.2,9,GA,01001
77.3,-0.1,9,GA,01001
73.0,0.7,9,GA,01001
75.3,-0.6,9,GA,01001
76.0,0.6,9,GA,01001
76.9,0.1,9,GA,01001
72.7,0.9,9,GA,01001
77.0,0.1,9,GA,01001
76.5,-0.5,9,GA,01001
75.8,0.1,9,GA,01001
74.1,1.3,9,GA,01001
74.6,-0.7,9,GA,01001
75.7,-0.4,9,GA,01001
67.3,-0.5,9,GA,01001
73.4,0.5,9,GA,01001
72.5,-0.2,9,GA,01001
71.2,0.1,9,GA,01001
72.7,0.5,9,GA,01001
72.9,0.8,9,GA,01001
68.4,-0.4,9,GA,01001
73.3,-0.7,9,GA,01001
77.3,-0.0,9,GA,01001
72.1,-0.4,9,GA,01001
77.0,0.0,9,GA,01001
73.6,0.2,9,GA,01001
72.3,0.5,9,GA,01001
70.4,0.7,9,GA,01001
71.6,0.4,9,GA,01001
73.6,-0.5,9,GA,01001
71.8,0.8,9,GA,01001
73.8,-0.1,9,GA,01001
73.0,0.8,9,GA,01001
73.4,0.9,9,GA,01001
73.4,0.3,9,GA,01001
75.3,-0.0,9,GA,01001
75.8,-0.2,9,GA,01001
72.8,0.5,9,GA,01001
74.3,0.9,9,GA,01001
76.2,-0.0,9,GA,01001
73.6,-0.7,9,GA,01001
74.3,-0.4,9,GA,01001
74.3,-0.8,9,GA,01001
74.5,0.2,9,GA,01001
73.8,0.4,9,GA,01001
76.4,-0.2,9,GA,01001
75.0,-0.7,9,GA,01001
76.8,0.6,9,GA,01001
76.6,-0.2,9,GA,01001
73.8,-0.0,9,GA,01001
76.5,-0.2,9,GA,01001
76.5,-0.2,9,GA,01001
68.9,-0.0,9,GA,01001
73.2,-0.5,9,GA,01001
76.8,-0.5,9,GA,01001
75.5,0.3,9,GA,01001
73.1,0.9,9,GA,01001
74.9,0.1,9,GA,01001
73.4,0.3,9,GA,01001
77.0,-0.2,9,GA,01001
76.6,-0.3,9,GA,01001
74.2,0.3,9,GA,01001
75.8,-0.2,9,GA,01001
73.7,0.6,9,GA,01001
71.6,0.1,9,GA,01001
75.1,-0.1,9,GA,01001
73.5,0.6,9,GA,01001
73.0,0.2,9,GA,01001
73.5,0.7,9,GA,01001
72.2,0.5,9,GA,01001
74.8,0.0,9,GA,01001
69.9,-0.5,9,GA,01001
77.6,1.0,9,GA,01001
73.6,0.3,9,GA,01001
72.9,0.9,9,GA,01001
75.6,-0.3,9,GA,01001
74.4,0.5,9,GA,01001
76.8,0.9,9,GA,01001
68.0,0.8,9,GA,01001
76.3,0.5,9,GA,01001
74.0,-0.6,9,GA,01001
73.2,0.5,9,GA,01001
75.3,0.3,9,GA,01001
74.5,-0.4,9,GA,01001
77.5,-0.1,9,GA,01001
73.6,0.2,9,GA,01001
72.0,0.2,9,GA,01001
75.8,0.4,9,GA,01001
76.1,0.5,9,GA,01001
74.0,-0.0,9,GA,01001
73.4,0.0,9,GA,01001
76.0,-0.3,9,GA,01001
74.6,0.0,9,GA,01001
75.9,-0.3,9,GA,01001
76.4,0.3,9,GA,01001
76.8,0.0,9,GA,01001
75.7,-0.3,9,GA,01001
76.0,-0.2,9,GA,01001
67.0,0.6,9,GA,01001
75.1,-0.6,9,GA,01001
73.6,0.4,9,GA,01001
75.9,0.3,9,GA,01001
74.9,-0.3,9,GA,01001
66.8,-0.0,9,GA,01001
74.0,0.2,9,GA,01001
71.4,-0.1,9,GA,01001
72.9,0.5,9,GA,01001
77.6,0.9,9,GA,01001
73.0,-0.6,9,GA,01001
74.0,-0.7,9,GA,01001
76.9,0.4,9,GA,01001
75.6,0.3,9,GA,01001
75.9,-0.3,9,GA,01001
69.5,0.6,9,GA,01001
72.5,0.6,9,GA,01001
75.9,0.1,9,GA,01001
73.9,0.6,9,GA,01001
74.8,-0.4,9,GA,01001
76.2,0.2,9,GA,01001
65.0,2.2,9,ID,01001
56.2,0.9,9,ID,01001
59.0,2.2,9,ID,01001
54.7,2.7,9,ID,01001
57.9,2.5,9,ID,01001
59.4,3.1,9,ID,01001
55.8,1.8,9,ID,01001
56.5,1.2,9,ID,01001
56.0,2.4,9,ID,01001
56.8,3.1,9,ID,01001
53.9,2.5,9,ID,01001
55.5,1.5,9,ID,01001
55.1,2.2,9,ID,01001
64.9,2.6,9,ID,01001
55.9,2.4,9,ID,01001
59.1,1.6,9,ID,01001
54.4,2.1,9,ID,01001
55.4,1.3,9,ID,01001
51.4,2.0,9,ID,01001
60.4,2.1,9,ID,01001
58.4,2.5,9,ID,01001
54.3,2.7,9,ID,01001
62.2,1.4,9,ID,01001
62.9,2.9,9,ID,01001
53.2,1.2,9,ID,01001
58.9,3.3,9,ID,01001
62.4,3.0,9,ID,01001
57.9,2.3,9,ID,01001
58.6,2.5,9,ID,01001
52.8,2.3,9,ID,01001
57.4,1.3,9,ID,01001
61.0,3.0,9,ID,01001
58.4,3.8,9,ID,01001
60.3,2.4,9,ID,01001
61.0,1.8,9,ID,01001
59.3,1.3,9,ID,01001
59.9,1.2,9,ID,01001
64.6,2.3,9,ID,01001
59.5,2.0,9,ID,01001
54.6,1.5,9,ID,01001
54.4,2.9,9,ID,01001
60.3,1.7,9,ID,01001
51.6,1.6,9,ID,01001
60.8,0.8,9,ID,01001
69.3,2.2,9,IL,01001
71.3,1.3,9,IL,01001
69.7,1.6,9,IL,01001
66.0,3.4,9,IL,01001
68.7,2.1,9,IL,01001
67.0,2.8,9,IL,01001
70.1,2.1,9,IL,01001
66.4,3.9,9,IL,01001
68.3,1.5,9,IL,01001
67.7,2.1,9,IL,01001
69.4,2.3,9,IL,01001
68.8,1.6,9,IL,01001
69.8,1.8,9,IL,01001
70.6,2.0,9,IL,01001
68.2,1.4,9,IL,01001
67.1,3.0,9,IL,01001
69.2,1.3,9,IL,01001
68.9,1.6,9,IL,01001
66.0,2.8,9,IL,01001
68.1,2.5,9,IL,01001
68.2,1.9,9,IL,01001
66.8,3.0,9,IL,01001
67.8,1.4,9,IL,01001
70.0,1.3,9,IL,01001
69.4,2.0,9,IL,01001
69.6,1.9,9,IL,01001
66.9,1.9,9,IL,01001
69.9,1.0,9,IL,01001
68.8,2.7,9,IL,01001
70.4,0.6,9,IL,01001
69.3,1.6,9,IL,01001
66.7,2.3,9,IL,01001
69.9,1.0,9,IL,01001
68.7,2.2,9,IL,01001
70.3,0.4,9,IL,01001
68.2,2.6,9,IL,01001
67.3,2.9,9,IL,01001
66.5,1.6,9,IL,01001
70.1,1.3,9,IL,01001
69.5,1.8,9,IL,01001
70.0,1.3,9,IL,01001
70.0,1.9,9,IL,01001
66.1,4.1,9,IL,01001
69.8,0.4,9,IL,01001
66.0,2.7,9,IL,01001
66.2,1.7,9,IL,01001
66.3,2.2,9,IL,01001
67.3,2.3,9,IL,01001
66.8,3.7,9,IL,01001
66.4,2.1,9,IL,01001
69.2,0.8,9,IL,01001
66.7,3.3,9,IL,01001
67.1,2.5,9,IL,01001
68.3,2.0,9,IL,01001
68.2,2.3,9,IL,01001
65.4,2.9,9,IL,01001
67.4,2.5,9,IL,01001
69.0,2.5,9,IL,01001
69.2,1.8,9,IL,01001
70.6,1.9,9,IL,01001
70.1,1.9,9,IL,01001
67.3,2.4,9,IL,01001
68.8,2.2,9,IL,01001
71.0,0.7,9,IL,01001
68.3,1.6,9,IL,01001
68.0,3.1,9,IL,01001
70.9,1.8,9,IL,01001
69.0,1.6,9,IL,01001
68.4,1.6,9,IL,01001
68.6,1.9,9,IL,01001
66.3,3.5,9,IL,01001
68.8,3.5,9,IL,01001
70.0,1.2,9,IL,01001
68.4,2.5,9,IL,01001
69.1,1.9,9,IL,01001
70.0,0.2,9,IL,01001
71.2,1.1,9,IL,01001
67.2,2.3,9,IL,01001
69.5,0.7,9,IL,01001
69.4,1.2,9,IL,01001
68.2,3.7,9,IL,01001
70.7,1.7,9,IL,01001
69.8,0.4,9,IL,01001
68.8,1.9,9,IL,01001
68.7,2.2,9,IL,01001
68.7,1.5,9,IL,01001
69.0,1.8,9,IL,01001
67.0,2.4,9,IL,01001
66.0,4.1,9,IL,01001
68.5,2.9,9,IL,01001
70.0,0.9,9,IL,01001
66.8,1.1,9,IL,01001
69.9,1.2,9,IL,01001
67.6,2.5,9,IL,01001
70.2,1.5,9,IL,01001
70.0,1.5,9,IL,01001
70.6,1.3,9,IL,01001
67.5,3.8,9,IL,01001
66.3,1.9,9,IL,01001
69.6,0.7,9,IL,01001
66.4,3.8,9,IL,01001
67.4,2.7,9,IL,01001
65.5,1.2,9,IN,01001
65.5,1.3,9,IN,01001
68.8,1.8,9,IN,01001
66.2,1.5,9,IN,01001
66.2,1.3,9,IN,01001
66.1,1.5,9,IN,01001
67.8,1.5,9,IN,01001
66.2,1.3,9,IN,01001
65.8,1.3,9,IN,01001
69.8,1.8,9,IN,01001
68.2,1.6,9,IN,01001
66.0,1.3,9,IN,01001
68.3,0.3,9,IN,01001
69.1,1.3,9,IN,01001
68.5,1.8,9,IN,01001
67.7,1.3,9,IN,01001
64.4,1.0,9,IN,01001
66.8,1.8,9,IN,01001
68.6,0.5,9,IN,01001
65.0,2.0,9,IN,01001
66.4,1.1,9,IN,01001
70.0,2.0,9,IN,01001
66.4,0.8,9,IN,01001
67.1,1.2,9,IN,01001
65.2,1.5,9,IN,01001
70.4,1.6,9,IN,01001
66.4,1.5,9,IN,01001
68.4,1.5,9,IN,01001
66.4,1.2,9,IN,01001
67.0,1.3,9,IN,01001
69.8,1.7,9,IN,01001
66.6,1.3,9,IN,01001
65.9,1.2,9,IN,01001
65.5,0.7,9,IN,01001
65.8,1.3,9,IN,01001
69.1,1.9,9,IN,01001
65.7,1.5,9,IN,01001
65.8,1.3,9,IN,01001
69.6,2.2,9,IN,01001
68.9,1.7,9,IN,01001
67.7,1.5,9,IN,01001
69.5,1.3,9,IN,01001
65.0,1.5,9,IN,01001
64.7,1.7,9,IN,01001
65.8,1.6,9,IN,01001
65.4,1.7,9,IN,01001
67.7,0.9,9,IN,01001
66.6,1.3,9,IN,01001
67.5,1.5,9,IN,01001
65.0,1.8,9,IN,01001
68.3,1.0,9,IN,01001
65.9,1.3,9,IN,01001
67.2,1.1,9,IN,01001
66.1,1.1,9,IN,01001
67.3,1.2,9,IN,01001
66.0,1.5,9,IN,01001
64.4,1.1,9,IN,01001
69.9,2.8,9,IN,01001
68.0,0.6,9,IN,01001
67.7,1.4,9,IN,01001
66.7,0.7,9,IN,01001
68.6,-0.2,9,IN,01001
69.6,1.3,9,IN,01001
65.5,1.6,9,IN,01001
71.0,1.3,9,IN,01001
65.5,1.7,9,IN,01001
66.5,0.9,9,IN,01001
65.8,1.6,9,IN,01001
68.0,1.7,9,IN,01001
66.8,1.2,9,IN,01001
65.4,2.3,9,IN,01001
69.6,1.9,9,IN,01001
67.9,1.4,9,IN,01001
69.6,0.5,9,IN,01001
65.4,1.8,9,IN,01001
64.2,1.5,9,IN,01001
69.2,1.7,9,IN,01001
70.4,3.1,9,IN,01001
66.6,1.5,9,IN,01001
65.6,0.8,9,IN,01001
66.1,0.9,9,IN,01001
71.3,1.9,9,IN,01001
67.2,0.9,9,IN,01001
68.7,1.8,9,IN,01001
65.9,1.3,9,IN,01001
66.4,1.1,9,IN,01001
70.2,1.3,9,IN,01001
68.6,1.6,9,IN,01001
65.4,0.9,9,IN,01001
65.7,1.3,9,IN,01001
66.1,1.6,9,IN,01001
65.0,1.2,9,IN,01001
67.0,3.3,9,IA,01001
67.2,3.0,9,IA,01001
65.4,4.4,9,IA,01001
68.7,3.3,9,IA,01001
66.5,3.5,9,IA,01001
67.2,4.4,9,IA,01001
67.8,5.7,9,IA,01001
67.6,4.3,9,IA,01001
66.7,5.3,9,IA,01001
66.5,4.8,9,IA,01001
66.4,4.5,9,IA,01001
66.7,4.9,9,IA,01001
66.5,3.9,9,IA,01001
66.8,4.2,9,IA,01001
67.3,3.4,9,IA,01001
67.6,4.1,9,IA,01001
66.3,5.4,9,IA,01001
66.8,4.9,9,IA,01001
65.4,4.8,9,IA,01001
68.5,3.8,9,IA,01001
66.2,5.2,9,IA,01001
65.7,4.1,9,IA,01001
68.1,4.5,9,IA,01001
67.6,4.9,9,IA,01001
68.1,3.9,9,IA,01001
68.4,3.0,9,IA,01001
68.5,3.6,9,IA,01001
65.6,4.1,9,IA,01001
67.9,2.4,9,IA,01001
65.4,4.9,9,IA,01001
65.6,3.5,9,IA,01001
65.8,5.2,9,IA,01001
65.2,4.4,9,IA,01001
66.5,5.3,9,IA,01001
66.2,4.8,9,IA,01001
69.1,3.1,9,IA,01001
67.2,4.1,9,IA,01001
67.0,4.8,9,IA,01001
67.1,3.6,9,IA,01001
66.3,3.9,9,IA,01001
66.2,5.1,9,IA,01001
66.7,4.7,9,IA,01001
68.6,4.5,9,IA,01001
67.6,2.4,9,IA,01001
64.7,5.2,9,IA,01001
66.3,4.1,9,IA,01001
67.4,5.0,9,IA,01001
67.8,4.3,9,IA,01001
67.0,4.2,9,IA,01001
68.0,4.0,9,IA,01001
67.7,2.7,9,IA,01001
68.0,4.2,9,IA,01001
66.7,4.2,9,IA,01001
68.1,3.9,9,IA,01001
66.5,5.3,9,IA,01001
68.4,2.2,9,IA,01001
67.4,4.7,9,IA,01001
68.2,3.3,9,IA,01001
68.6,3.7,9,IA,01001
66.3,5.1,9,IA,01001
68.4,3.9,9,IA,01001
68.0,3.5,9,IA,01001
68.6,3.6,9,IA,01001
67.5,4.6,9,IA,01001
69.0,3.6,9,IA,01001
65.8,5.5,9,IA,01001
68.5,5.1,9,IA,01001
68.5,3.2,9,IA,01001
68.1,3.3,9,IA,01001
67.5,3.0,9,IA,01001
66.2,4.9,9,IA,01001
65.2,4.6,9,IA,01001
68.5,3.1,9,IA,01001
66.2,5.0,9,IA,01001
67.7,5.4,9,IA,01001
66.1,3.9,9,IA,01001
68.5,4.0,9,IA,01001
68.4,3.9,9,IA,01001
67.5,4.1,9,IA,01001
68.2,3.7,9,IA,01001
67.1,4.7,9,IA,01001
68.6,4.5,9,IA,01001
67.4,4.1,9,IA,01001
66.7,4.9,9,IA,01001
67.6,4.4,9,IA,01001
67.2,4.5,9,IA,01001
67.9,3.3,9,IA,01001
67.4,3.3,9,IA,01001
67.9,2.2,9,IA,01001
68.4,3.3,9,IA,01001
68.9,3.7,9,IA,01001
68.1,3.8,9,IA,01001
68.2,3.2,9,IA,01001
66.3,3.7,9,IA,01001
65.8,5.1,9,IA,01001
65.2,5.2,9,IA,01001
68.4,5.5,9,IA,01001
65.9,5.3,9,IA,01001
65.8,4.1,9,IA,01001
72.6,2.5,9,KS,01001
72.5,3.1,9,KS,01001
71.2,3.9,9,KS,01001
74.7,3.6,9,KS,01001
72.3,3.2,9,KS,01001
72.0,1.8,9,KS,01001
70.8,4.0,9,KS,01001
74.8,4.8,9,KS,01001
72.9,3.8,9,KS,01001
75.0,3.6,9,KS,01001
73.0,1.9,9,KS,01001
68.8,4.2,9,KS,01001
74.2,3.2,9,KS,01001
72.8,4.4,9,KS,01001
72.9,4.8,9,KS,01001
74.1,4.9,9,KS,01001
74.4,3.5,9,KS,01001
75.9,4.8,9,KS,01001
72.8,2.3,9,KS,01001
69.6,3.9,9,KS,01001
73.7,4.6,9,KS,01001
71.0,3.6,9,KS,01001
72.8,4.1,9,KS,01001
73.2,3.9,9,KS,01001
74.0,3.5,9,KS,01001
72.2,4.0,9,KS,01001
73.6,4.2,9,KS,01001
71.6,3.8,9,KS,01001
73.0,3.9,9,KS,01001
72.6,3.7,9,KS,01001
73.3,4.7,9,KS,01001
71.4,4.2,9,KS,01001
71.3,4.2,9,KS,01001
72.0,3.3,9,KS,01001
72.1,3.6,9,KS,01001
68.9,3.1,9,KS,01001
73.7,3.9,9,KS,01001
71.0,3.4,9,KS,01001
75.1,3.5,9,KS,01001
74.1,4.1,9,KS,01001
71.9,3.3,9,KS,01001
72.9,4.0,9,KS,01001
71.2,3.8,9,KS,01001
72.0,4.0,9,KS,01001
70.9,3.9,9,KS,01001
72.8,4.3,9,KS,01001
71.3,3.7,9,KS,01001
74.1,3.4,9,KS,01001
73.6,3.8,9,KS,01001
73.3,1.9,9,KS,01001
71.8,4.4,9,KS,01001
72.4,4.2,9,KS,01001
73.2,4.4,9,KS,01001
72.2,2.6,9,KS,01001
70.3,3.7,9,KS,01001
73.3,4.5,9,KS,01001
73.7,4.3,9,KS,01001
73.3,4.1,9,KS,01001
69.6,2.4,9,KS,01001
73.5,3.3,9,KS,01001
72.8,3.9,9,KS,01001
71.8,3.7,9,KS,01001
74.1,2.4,9,KS,01001
72.3,3.9,9,KS,01001
72.3,3.5,9,KS,01001
69.8,3.1,9,KS,01001
73.1,2.4,9,KS,01001
72.4,3.9,9,KS,01001
69.8,3.8,9,KS,01001
73.1,4.6,9,KS,01001
71.9,3.9,9,KS,01001
73.6,4.9,9,KS,01001
72.5,3.5,9,KS,01001
70.4,3.8,9,KS,01001
71.7,3.7,9,KS,01001
73.9,3.9,9,KS,01001
68.9,3.7,9,KS,01001
73.6,3.5,9,KS,01001
71.6,4.6,9,KS,01001
73.0,3.5,9,KS,01001
72.6,4.3,9,KS,01001
71.8,4.2,9,KS,01001
72.1,3.4,9,KS,01001
73.1,4.3,9,KS,01001
74.2,4.8,9,KS,01001
71.0,4.0,9,KS,01001
75.2,4.4,9,KS,01001
72.8,3.2,9,KS,01001
72.9,4.5,9,KS,01001
70.2,3.9,9,KS,01001
68.7,4.2,9,KS,01001
70.6,3.7,9,KS,01001
72.9,3.5,9,KS,01001
71.9,3.5,9,KS,01001
72.4,3.3,9,KS,01001
76.0,4.4,9,KS,01001
69.2,3.8,9,KS,01001
71.9,4.1,9,KS,01001
72.7,4.5,9,KS,01001
69.0,3.6,9,KS,01001
70.8,3.6,9,KS,01001
69.8,3.2,9,KS,01001
73.4,2.5,9,KS,01001
73.4,3.4,9,KS,01001
72.6,4.2,9,KS,01001
70.0,1.3,9,KY,01001
70.2,-0.0,9,KY,01001
70.3,2.1,9,KY,01001
71.8,1.3,9,KY,01001
70.2,0.3,9,KY,01001
67.8,0.2,9,KY,01001
67.9,0.8,9,KY,01001
69.8,2.6,9,KY,01001
68.6,1.2,9,KY,01001
68.8,1.7,9,KY,01001
69.9,1.9,9,KY,01001
67.1,0.0,9,KY,01001
69.1,0.7,9,KY,01001
69.4,0.8,9,KY,01001
71.0,2.1,9,KY,01001
70.6,0.7,9,KY,01001
71.3,0.9,9,KY,01001
71.7,0.9,9,KY,01001
69.5,2.0,9,KY,01001
72.0,1.4,9,KY,01001
70.8,2.9,9,KY,01001
67.7,1.1,9,KY,01001
69.4,1.6,9,KY,01001
71.0,0.7,9,KY,01001
69.0,1.2,9,KY,01001
69.0,1.0,9,KY,01001
69.8,1.2,9,KY,01001
70.9,0.6,9,KY,01001
70.5,1.0,9,KY,01001
70.3,0.7,9,KY,01001
70.8,1.1,9,KY,01001
67.8,0.8,9,KY,01001
69.3,0.8,9,KY,01001
69.7,2.1,9,KY,01001
66.8,-0.3,9,KY,01001
69.3,1.0,9,KY,01001
70.2,2.1,9,KY,01001
72.0,0.7,9,KY,01001
70.9,3.2,9,KY,01001
70.1,1.9,9,KY,01001
69.7,2.3,9,KY,01001
71.8,1.1,9,KY,01001
70.2,1.3,9,KY,01001
70.2,0.9,9,KY,01001
68.2,1.6,9,KY,01001
69.2,0.0,9,KY,01001
70.2,1.7,9,KY,01001
67.1,1.0,9,KY,01001
68.7,1.2,9,KY,01001
70.3,1.0,9,KY,01001
71.3,1.4,9,KY,01001
69.9,2.1,9,KY,01001
71.8,0.9,9,KY,01001
71.5,1.2,9,KY,01001
68.6,1.1,9,KY,01001
70.7,1.8,9,KY,01001
70.3,2.3,9,KY,01001
69.1,1.4,9,KY,01001
69.5,2.3,9,KY,01001
68.3,0.6,9,KY,01001
68.6,0.8,9,KY,01001
70.1,1.4,9,KY,01001
68.8,1.2,9,KY,01001
68.9,1.6,9,KY,01001
69.2,0.6,9,KY,01001
68.6,0.9,9,KY,01001
67.3,0.5,9,KY,01001
66.4,-0.2,9,KY,01001
69.4,1.7,9,KY,01001
71.0,0.4,9,KY,01001
69.5,-0.8,9,KY,01001
71.5,0.8,9,KY,01001
71.8,1.2,9,KY,01001
68.0,0.4,9,KY,01001
71.1,1.1,9,KY,01001
69.8,1.5,9,KY,01001
68.7,0.9,9,KY,01001
70.2,1.7,9,KY,01001
71.8,0.8,9,KY,01001
69.2,1.1,9,KY,01001
65.9,-0.9,9,KY,01001
69.6,1.2,9,KY,01001
67.7,0.2,9,KY,01001
70.4,2.3,9,KY,01001
69.8,0.7,9,KY,01001
69.8,0.2,9,KY,01001
68.1,0.6,9,KY,01001
68.0,0.4,9,KY,01001
70.7,0.6,9,KY,01001
70.6,1.8,9,KY,01001
67.6,0.4,9,KY,01001
70.4,0.9,9,KY,01001
69.6,1.6,9,KY,01001
70.1,2.4,9,KY,01001
69.3,0.8,9,KY,01001
68.9,1.4,9,KY,01001
68.8,0.7,9,KY,01001
68.9,0.8,9,KY,01001
68.7,0.5,9,KY,01001
69.2,1.2,9,KY,01001
67.3,0.2,9,KY,01001
69.0,1.5,9,KY,01001
66.9,-0.2,9,KY,01001
69.9,1.4,9,KY,01001
69.6,2.0,9,KY,01001
69.6,1.6,9,KY,01001
70.0,-0.3,9,KY,01001
70.2,1.7,9,KY,01001
70.0,1.3,9,KY,01001
69.9,-0.3,9,KY,01001
71.5,0.9,9,KY,01001
70.0,2.2,9,KY,01001
71.1,0.9,9,KY,01001
70.8,0.5,9,KY,01001
70.3,2.0,9,KY,01001
69.2,1.1,9,KY,01001
71.3,1.1,9,KY,01001
68.1,0.2,9,KY,01001
68.4,0.4,9,KY,01001
70.4,2.4,9,KY,01001
81.8,3.5,9,LA,01001
81.2,3.5,9,LA,01001
82.0,4.1,9,LA,01001
82.1,4.0,9,LA,01001
80.5,3.2,9,LA,01001
81.7,4.3,9,LA,01001
78.6,2.9,9,LA,01001
79.3,3.1,9,LA,01001
79.8,3.4,9,LA,01001
82.4,4.2,9,LA,01001
79.4,3.4,9,LA,01001
82.9,4.1,9,LA,01001
80.1,3.2,9,LA,01001
77.4,2.1,9,LA,01001
80.0,2.9,9,LA,01001
79.6,3.3,9,LA,01001
81.8,4.3,9,LA,01001
78.7,3.1,9,LA,01001
80.9,4.0,9,LA,01001
80.8,3.1,9,LA,01001
79.6,3.3,9,LA,01001
79.7,3.1,9,LA,01001
82.4,4.1,9,LA,01001
82.1,4.2,9,LA,01001
78.4,3.1,9,LA,01001
82.3,3.4,9,LA,01001
81.9,3.4,9,LA,01001
82.1,4.0,9,LA,01001
82.2,3.4,9,LA,01001
80.1,3.5,9,LA,01001
77.9,2.7,9,LA,01001
81.5,4.0,9,LA,01001
79.4,3.4,9,LA,01001
78.3,3.0,9,LA,01001
79.7,3.2,9,LA,01001
82.0,3.5,9,LA,01001
78.6,3.1,9,LA,01001
82.7,3.4,9,LA,01001
81.5,4.0,9,LA,01001
80.3,3.2,9,LA,01001
79.5,3.2,9,LA,01001
79.1,3.3,9,LA,01001
80.0,3.8,9,LA,01001
82.2,3.5,9,LA,01001
82.0,3.5,9,LA,01001
80.7,4.1,9,LA,01001
81.9,3.8,9,LA,01001
81.8,3.7,9,LA,01001
81.2,3.5,9,LA,01001
82.1,4.1,9,LA,01001
82.3,4.0,9,LA,01001
80.8,3.5,9,LA,01001
80.8,3.8,9,LA,01001
79.4,2.9,9,LA,01001
82.3,3.6,9,LA,01001
77.7,2.5,9,LA,01001
82.5,4.0,9,LA,01001
80.7,4.1,9,LA,01001
80.2,3.7,9,LA,01001
78.5,2.6,9,LA,01001
82.0,4.2,9,LA,01001
78.6,3.1,9,LA,01001
81.0,3.8,9,LA,01001
79.2,3.2,9,LA,01001
63.7,6.2,9,ME,01001
59.5,6.5,9,ME,01001
63.5,5.6,9,ME,01001
59.3,5.8,9,ME,01001
62.8,5.8,9,ME,01001
63.5,6.0,9,ME,01001
63.0,5.7,9,ME,01001
63.6,5.9,9,ME,01001
61.1,5.9,9,ME,01001
61.7,5.9,9,ME,01001
60.0,6.5,9,ME,01001
64.2,6.2,9,ME,01001
59.8,6.0,9,ME,01001
62.8,5.9,9,ME,01001
61.8,5.6,9,ME,01001
62.9,4.5,9,ME,01001
65.2,0.8,9,MD,01001
71.4,2.7,9,MD,01001
69.3,3.0,9,MD,01001
71.4,2.7,9,MD,01001
69.4,1.7,9,MD,01001
67.3,2.4,9,MD,01001
69.0,2.0,9,MD,01001
71.2,2.5,9,MD,01001
71.5,2.7,9,MD,01001
67.7,2.1,9,MD,01001
61.4,1.3,9,MD,01001
69.2,2.3,9,MD,01001
68.7,2.7,9,MD,01001
70.4,2.3,9,MD,01001
68.8,2.3,9,MD,01001
70.4,2.4,9,MD,01001
70.1,2.1,9,MD,01001
72.2,3.1,9,MD,01001
72.8,3.4,9,MD,01001
70.2,1.5,9,MD,01001
67.0,1.7,9,MD,01001
71.6,3.2,9,MD,01001
72.0,3.1,9,MD,01001
72.0,3.8,9,MD,01001
70.5,2.4,9,MD,01001
66.6,4.6,9,MA,01001
61.6,3.8,9,MA,01001
66.7,4.6,9,MA,01001
67.1,4.5,9,MA,01001
64.4,3.4,9,MA,01001
63.5,4.3,9,MA,01001
64.2,3.8,9,MA,01001
63.8,3.7,9,MA,01001
65.0,3.9,9,MA,01001
65.8,4.0,9,MA,01001
65.8,4.4,9,MA,01001
67.1,5.2,9,MA,01001
66.2,4.2,9,MA,01001
64.1,4.5,9,MA,01001
60.9,3.6,9,MI,01001
59.9,4.5,9,MI,01001
64.6,2.3,9,MI,01001
61.7,4.5,9,MI,01001
62.0,4.3,9,MI,01001
62.9,3.7,9,MI,01001
59.7,5.9,9,MI,01001
63.9,2.3,9,MI,01001
63.9,3.5,9,MI,01001
62.5,4.9,9,MI,01001
65.5,2.1,9,MI,01001
64.4,2.0,9,MI,01001
64.4,2.5,9,MI,01001
65.0,2.4,9,MI,01001
61.9,4.0,9,MI,01001
60.7,3.6,9,MI,01001
59.2,4.1,9,MI,01001
61.3,3.4,9,MI,01001
63.6,2.4,9,MI,01001
60.4,3.7,9,MI,01001
60.2,4.0,9,MI,01001
60.0,5.2,9,MI,01001
63.8,2.4,9,MI,01001
60.9,3.7,9,MI,01001
63.9,2.9,9,MI,01001
62.6,3.7,9,MI,01001
59.1,5.0,9,MI,01001
62.2,4.7,9,MI,01001
63.1,2.4,9,MI,01001
63.8,2.0,9,MI,01001
61.2,6.3,9,MI,01001
63.6,3.6,9,MI,01001
63.5,2.4,9,MI,01001
63.2,2.2,9,MI,01001
61.8,3.5,9,MI,01001
58.7,5.3,9,MI,01001
62.1,2.7,9,MI,01001
63.5,2.2,9,MI,01001
65.0,2.7,9,MI,01001
61.0,4.0,9,MI,01001
63.2,2.3,9,MI,01001
60.3,5.7,9,MI,01001
61.3,2.8,9,MI,01001
63.9,3.0,9,MI,01001
62.6,4.7,9,MI,01001
65.0,2.5,9,MI,01001
63.4,2.7,9,MI,01001
58.6,4.0,9,MI,01001
59.5,3.9,9,MI,01001
65.8,3.3,9,MI,01001
62.1,3.8,9,MI,01001
59.7,5.4,9,MI,01001
62.3,3.2,9,MI,01001
61.1,2.4,9,MI,01001
61.1,4.5,9,MI,01001
63.5,3.2,9,MI,01001
60.5,3.6,9,MI,01001
66.2,2.7,9,MI,01001
62.2,2.4,9,MI,01001
60.9,4.1,9,MI,01001
63.8,3.3,9,MI,01001
62.0,2.7,9,MI,01001
64.2,2.9,9,MI,01001
62.8,3.4,9,MI,01001
61.1,3.7,9,MI,01001
60.5,5.7,9,MI,01001
60.5,3.0,9,MI,01001
60.6,3.9,9,MI,01001
60.7,4.3,9,MI,01001
64.4,2.8,9,MI,01001
61.0,3.8,9,MI,01001
60.8,3.8,9,MI,01001
63.8,2.8,9,MI,01001
65.1,3.1,9,MI,01001
65.0,2.2,9,MI,01001
63.8,3.0,9,MI,01001
59.4,3.6,9,MI,01001
63.3,2.2,9,MI,01001
63.6,2.9,9,MI,01001
64.9,2.3,9,MI,01001
64.0,2.6,9,MI,01001
66.1,3.1,9,MI,01001
60.8,3.8,9,MI,01001
62.3,7.3,9,MN,01001
66.2,6.7,9,MN,01001
62.5,6.6,9,MN,01001
61.3,6.9,9,MN,01001
64.8,7.1,9,MN,01001
65.3,6.1,9,MN,01001
66.3,5.3,9,MN,01001
66.5,5.6,9,MN,01001
61.8,7.1,9,MN,01001
66.6,6.4,9,MN,01001
62.8,7.4,9,MN,01001
66.0,6.3,9,MN,01001
65.0,6.3,9,MN,01001
64.3,6.7,9,MN,01001
62.0,7.1,9,MN,01001
57.8,6.3,9,MN,01001
66.2,6.0,9,MN,01001
63.8,7.7,9,MN,01001
67.0,6.3,9,MN,01001
65.7,6.5,9,MN,01001
64.6,7.5,9,MN,01001
66.2,5.2,9,MN,01001
65.1,5.7,9,MN,01001
66.0,5.8,9,MN,01001
66.1,6.1,9,MN,01001
64.8,6.6,9,MN,01001
66.9,6.8,9,MN,01001
65.8,5.2,9,MN,01001
63.1,7.8,9,MN,01001
65.3,6.8,9,MN,01001
61.1,7.2,9,MN,01001
65.6,5.4,9,MN,01001
63.9,6.9,9,MN,01001
65.1,6.1,9,MN,01001
62.4,7.5,9,MN,01001
60.3,6.9,9,MN,01001
65.8,6.0,9,MN,01001
58.9,6.5,9,MN,01001
61.2,7.8,9,MN,01001
66.5,5.9,9,MN,01001
65.1,5.8,9,MN,01001
66.4,6.2,9,MN,01001
66.2,6.4,9,MN,01001
62.0,6.4,9,MN,01001
61.6,6.4,9,MN,01001
65.9,5.3,9,MN,01001
64.9,6.0,9,MN,01001
64.2,7.2,9,MN,01001
64.7,7.7,9,MN,01001
65.5,6.2,9,MN,01001
65.4,5.8,9,MN,01001
66.8,5.8,9,MN,01001
65.0,4.9,9,MN,01001
63.6,6.4,9,MN,01001
65.6,6.4,9,MN,01001
64.1,7.2,9,MN,01001
61.6,6.1,9,MN,01001
63.1,7.0,9,MN,01001
65.0,5.6,9,MN,01001
63.1,6.6,9,MN,01001
65.1,7.2,9,MN,01001
67.0,6.6,9,MN,01001
62.3,6.2,9,MN,01001
66.8,6.2,9,MN,01001
66.5,6.3,9,MN,01001
66.3,6.1,9,MN,01001
66.0,5.6,9,MN,01001
60.8,7.0,9,MN,01001
60.4,7.4,9,MN,01001
67.0,6.2,9,MN,01001
65.4,6.8,9,MN,01001
67.0,6.5,9,MN,01001
64.7,6.8,9,MN,01001
66.1,6.4,9,MN,01001
65.1,6.5,9,MN,01001
65.6,6.5,9,MN,01001
64.8,7.9,9,MN,01001
64.8,5.9,9,MN,01001
65.9,5.9,9,MN,01001
64.2,8.0,9,MN,01001
66.2,5.9,9,MN,01001
66.6,6.5,9,MN,01001
66.0,5.1,9,MN,01001
65.2,6.9,9,MN,01001
65.6,5.7,9,MN,01001
65.8,6.7,9,MN,01001
66.3,6.1,9,MN,01001
79.2,2.5,9,MS,01001
72.9,0.4,9,MS,01001
79.8,3.7,9,MS,01001
77.1,2.7,9,MS,01001
73.6,0.9,9,MS,01001
76.6,1.8,9,MS,01001
75.5,1.1,9,MS,01001
77.8,3.3,9,MS,01001
75.5,1.0,9,MS,01001
75.9,2.0,9,MS,01001
79.2,3.0,9,MS,01001
78.0,2.8,9,MS,01001
76.2,1.4,9,MS,01001
76.4,1.9,9,MS,01001
79.6,3.6,9,MS,01001
79.5,3.7,9,MS,01001
75.3,1.4,9,MS,01001
79.6,3.4,9,MS,01001
79.0,2.9,9,MS,01001
79.7,3.3,9,MS,01001
79.3,3.1,9,MS,01001
77.0,2.4,9,MS,01001
80.4,3.5,9,MS,01001
80.1,3.3,9,MS,01001
79.9,3.9,9,MS,01001
78.8,3.7,9,MS,01001
78.8,3.3,9,MS,01001
78.8,3.1,9,MS,01001
74.9,1.1,9,MS,01001
80.1,3.2,9,MS,01001
78.3,3.2,9,MS,01001
78.8,2.6,9,MS,01001
79.6,3.9,9,MS,01001
79.3,3.3,9,MS,01001
76.4,1.5,9,MS,01001
74.9,0.8,9,MS,01001
79.6,3.5,9,MS,01001
77.2,2.3,9,MS,01001
80.0,4.0,9,MS,01001
78.0,3.3,9,MS,01001
75.6,1.4,9,MS,01001
78.7,3.7,9,MS,01001
79.5,3.7,9,MS,01001
76.3,1.2,9,MS,01001
79.6,3.9,9,MS,01001
80.1,3.8,9,MS,01001
74.4,1.1,9,MS,01001
75.4,0.8,9,MS,01001
76.2,2.0,9,MS,01001
76.7,2.4,9,MS,01001
77.5,2.9,9,MS,01001
76.7,1.7,9,MS,01001
76.6,2.0,9,MS,01001
75.4,1.1,9,MS,01001
79.8,3.5,9,MS,01001
79.6,3.4,9,MS,01001
80.1,4.1,9,MS,01001
75.2,1.1,9,MS,01001
74.2,1.0,9,MS,01001
76.2,1.6,9,MS,01001
79.5,4.0,9,MS,01001
78.5,3.8,9,MS,01001
78.7,3.0,9,MS,01001
79.5,3.9,9,MS,01001
79.0,3.8,9,MS,01001
79.5,3.3,9,MS,01001
77.6,2.5,9,MS,01001
77.3,2.5,9,MS,01001
75.1,1.0,9,MS,01001
73.5,0.8,9,MS,01001
73.4,0.9,9,MS,01001
75.8,1.5,9,MS,01001
74.9,1.2,9,MS,01001
80.0,3.9,9,MS,01001
79.7,3.6,9,MS,01001
77.4,2.0,9,MS,01001
78.5,2.8,9,MS,01001
75.7,1.6,9,MS,01001
79.9,3.2,9,MS,01001
76.3,2.2,9,MS,01001
75.8,1.5,9,MS,01001
79.7,3.8,9,MS,01001
68.5,2.7,9,MO,01001
70.2,3.3,9,MO,01001
69.7,3.3,9,MO,01001
69.6,2.1,9,MO,01001
70.8,1.4,9,MO,01001
72.1,1.7,9,MO,01001
72.6,3.0,9,MO,01001
70.3,1.5,9,MO,01001
69.7,0.5,9,MO,01001
70.5,2.3,9,MO,01001
71.0,3.6,9,MO,01001
72.0,1.2,9,MO,01001
69.7,2.9,9,MO,01001
70.7,2.4,9,MO,01001
71.5,2.6,9,MO,01001
70.7,1.4,9,MO,01001
70.0,2.3,9,MO,01001
69.8,0.9,9,MO,01001
72.3,3.9,9,MO,01001
72.8,2.9,9,MO,01001
70.0,2.3,9,MO,01001
69.7,1.1,9,MO,01001
68.7,2.1,9,MO,01001
71.5,3.7,9,MO,01001
70.4,3.5,9,MO,01001
71.3,2.5,9,MO,01001
70.7,2.5,9,MO,01001
68.7,1.4,9,MO,01001
71.8,2.1,9,MO,01001
70.7,2.1,9,MO,01001
69.4,2.9,9,MO,01001
69.8,3.2,9,MO,01001
68.0,0.6,9,MO,01001
69.4,1.0,9,MO,01001
74.0,2.2,9,MO,01001
70.1,2.2,9,MO,01001
70.3,2.5,9,MO,01001
69.6,3.6,9,MO,01001
70.6,2.0,9,MO,01001
68.8,2.4,9,MO,01001
69.0,3.4,9,MO,01001
71.6,2.2,9,MO,01001
71.0,1.9,9,MO,01001
70.6,3.5,9,MO,01001
70.4,2.5,9,MO,01001
71.1,2.8,9,MO,01001
67.6,0.4,9,MO,01001
72.0,3.8,9,MO,01001
72.4,2.1,9,MO,01001
70.9,2.3,9,MO,01001
71.1,2.9,9,MO,01001
68.5,2.2,9,MO,01001
70.8,2.5,9,MO,01001
70.8,2.9,9,MO,01001
70.6,1.4,9,MO,01001
68.8,1.7,9,MO,01001
70.1,2.4,9,MO,01001
69.3,2.4,9,MO,01001
69.8,2.6,9,MO,01001
72.5,2.2,9,MO,01001
69.2,2.5,9,MO,01001
68.6,0.5,9,MO,01001
71.0,2.6,9,MO,01001
69.3,1.9,9,MO,01001
68.0,2.3,9,MO,01001
71.5,2.7,9,MO,01001
72.0,1.1,9,MO,01001
70.8,2.4,9,MO,01001
69.0,1.7,9,MO,01001
70.0,2.4,9,MO,01001
70.5,2.2,9,MO,01001
72.9,1.4,9,MO,01001
72.6,2.5,9,MO,01001
69.4,3.5,9,MO,01001
71.4,2.5,9,MO,01001
71.2,2.6,9,MO,01001
70.4,1.2,9,MO,01001
74.2,2.1,9,MO,01001
69.7,1.0,9,MO,01001
70.6,2.3,9,MO,01001
70.0,1.9,9,MO,01001
69.6,2.4,9,MO,01001
71.8,3.9,9,MO,01001
71.6,2.7,9,MO,01001
71.1,2.6,9,MO,01001
68.3,2.6,9,MO,01001
69.6,2.3,9,MO,01001
69.6,2.2,9,MO,01001
70.3,2.8,9,MO,01001
67.8,0.2,9,MO,01001
71.6,1.6,9,MO,01001
71.0,2.4,9,MO,01001
72.1,2.3,9,MO,01001
69.5,1.0,9,MO,01001
69.0,1.3,9,MO,01001
71.5,2.4,9,MO,01001
70.7,2.7,9,MO,01001
68.4,2.8,9,MO,01001
68.5,2.6,9,MO,01001
71.7,1.3,9,MO,01001
69.9,1.8,9,MO,01001
68.3,1.5,9,MO,01001
71.9,1.0,9,MO,01001
70.5,1.0,9,MO,01001
68.3,2.2,9,MO,01001
70.7,1.0,9,MO,01001
69.6,1.8,9,MO,01001
72.5,2.2,9,MO,01001
70.1,2.4,9,MO,01001
69.0,1.6,9,MO,01001
69.3,0.1,9,MO,01001
69.2,1.5,9,MO,01001
69.1,3.9,9,MO,01001
69.3,1.4,9,MO,01001
71.9,2.5,9,MO,01001
51.3,2.6,9,MT,01001
61.7,5.1,9,MT,01001
60.1,5.4,9,MT,01001
57.0,3.7,9,MT,01001
58.4,5.2,9,MT,01001
62.4,5.6,9,MT,01001
58.2,4.1,9,MT,01001
60.5,5.1,9,MT,01001
64.2,6.1,9,MT,01001
59.9,6.5,9,MT,01001
63.2,6.4,9,MT,01001
50.3,2.2,9,MT,01001
62.2,5.1,9,MT,01001
60.0,4.7,9,MT,01001
52.8,3.3,9,MT,01001
54.1,3.7,9,MT,01001
63.5,6.5,9,MT,01001
53.6,4.2,9,MT,01001
59.9,4.5,9,MT,01001
51.9,2.8,9,MT,01001
59.4,5.4,9,MT,01001
54.4,3.5,9,MT,01001
56.0,3.8,9,MT,01001
56.7,3.3,9,MT,01001
54.3,3.3,9,MT,01001
58.7,5.0,9,MT,01001
54.3,2.8,9,MT,01001
63.0,6.6,9,MT,01001
53.2,3.1,9,MT,01001
54.3,4.4,9,MT,01001
54.2,1.7,9,MT,01001
54.3,2.7,9,MT,01001
61.8,4.8,9,MT,01001
53.5,4.1,9,MT,01001
63.1,5.2,9,MT,01001
62.2,6.0,9,MT,01001
56.7,4.4,9,MT,01001
63.4,5.6,9,MT,01001
52.6,3.0,9,MT,01001
63.6,6.2,9,MT,01001
52.7,2.3,9,MT,01001
63.3,6.9,9,MT,01001
62.7,7.2,9,MT,01001
63.1,5.6,9,MT,01001
55.6,2.2,9,MT,01001
61.2,6.7,9,MT,01001
52.6,2.8,9,MT,01001
58.4,4.0,9,MT,01001
56.9,3.9,9,MT,01001
55.7,3.8,9,MT,01001
58.4,5.0,9,MT,01001
63.5,5.7,9,MT,01001
61.8,6.8,9,MT,01001
57.3,4.1,9,MT,01001
62.4,5.5,9,MT,01001
63.0,5.3,9,MT,01001
69.5,4.6,9,NE,01001
67.2,4.3,9,NE,01001
66.1,4.9,9,NE,01001
63.6,4.3,9,NE,01001
66.3,3.7,9,NE,01001
67.6,4.5,9,NE,01001
63.9,4.5,9,NE,01001
67.5,4.2,9,NE,01001
65.8,3.5,9,NE,01001
68.2,4.1,9,NE,01001
68.7,4.8,9,NE,01001
69.4,5.1,9,NE,01001
69.5,3.7,9,NE,01001
67.5,4.7,9,NE,01001
68.2,4.4,9,NE,01001
66.2,5.4,9,NE,01001
65.0,4.3,9,NE,01001
69.6,4.4,9,NE,01001
69.5,5.6,9,NE,01001
68.4,4.9,9,NE,01001
67.1,4.6,9,NE,01001
68.2,5.1,9,NE,01001
64.9,4.7,9,NE,01001
67.4,3.5,9,NE,01001
66.3,4.0,9,NE,01001
67.5,4.5,9,NE,01001
69.6,5.3,9,NE,01001
70.1,4.9,9,NE,01001
68.7,4.2,9,NE,01001
69.6,3.9,9,NE,01001
69.4,3.7,9,NE,01001
68.2,3.9,9,NE,01001
68.9,3.4,9,NE,01001
69.8,3.5,9,NE,01001
65.6,4.9,9,NE,01001
65.3,3.1,9,NE,01001
67.9,3.3,9,NE,01001
65.3,5.2,9,NE,01001
67.1,4.0,9,NE,01001
69.4,5.0,9,NE,01001
70.0,5.2,9,NE,01001
69.3,3.7,9,NE,01001
68.0,3.9,9,NE,01001
68.5,3.3,9,NE,01001
66.3,3.8,9,NE,01001
65.8,4.6,9,NE,01001
68.6,4.7,9,NE,01001
70.6,4.4,9,NE,01001
69.5,3.3,9,NE,01001
68.3,3.6,9,NE,01001
67.4,4.5,9,NE,01001
66.9,4.5,9,NE,01001
63.1,4.1,9,NE,01001
67.5,4.3,9,NE,01001
70.2,4.5,9,NE,01001
67.2,4.1,9,NE,01001
66.3,4.1,9,NE,01001
65.3,3.1,9,NE,01001
66.0,4.2,9,NE,01001
68.0,4.7,9,NE,01001
70.0,5.5,9,NE,01001
65.2,4.7,9,NE,01001
69.1,5.2,9,NE,01001
69.9,3.4,9,NE,01001
69.8,4.0,9,NE,01001
69.4,3.2,9,NE,01001
69.6,3.1,9,NE,01001
67.4,4.3,9,NE,01001
67.9,3.3,9,NE,01001
67.5,4.6,9,NE,01001
69.0,5.3,9,NE,01001
70.2,5.6,9,NE,01001
69.3,4.1,9,NE,01001
70.6,3.8,9,NE,01001
65.4,3.4,9,NE,01001
69.9,4.1,9,NE,01001
70.0,4.5,9,NE,01001
70.2,5.3,9,NE,01001
64.7,4.5,9,NE,01001
69.8,4.7,9,NE,01001
65.0,5.3,9,NE,01001
67.7,4.3,9,NE,01001
62.9,4.4,9,NE,01001
68.6,5.2,9,NE,01001
70.2,4.1,9,NE,01001
66.3,3.9,9,NE,01001
68.0,4.9,9,NE,01001
66.2,3.4,9,NE,01001
69.6,4.8,9,NE,01001
67.8,4.9,9,NE,01001
70.0,4.2,9,NE,01001
66.8,4.2,9,NE,01001
70.0,4.8,9,NE,01001
63.3,1.0,9,NV,01001
75.7,-0.4,9,NV,01001
59.4,0.4,9,NV,01001
57.0,0.6,9,NV,01001
64.3,1.1,9,NV,01001
58.2,0.9,9,NV,01001
60.3,0.1,9,NV,01001
59.4,0.4,9,NV,01001
66.0,-0.5,9,NV,01001
62.1,0.7,9,NV,01001
61.7,1.1,9,NV,01001
63.3,0.4,9,NV,01001
62.4,0.4,9,NV,01001
62.6,1.5,9,NV,01001
59.6,-0.6,9,NV,01001
57.7,0.3,9,NV,01001
60.8,0.8,9,NV,01001
63.1,5.2,9,NH,01001
62.1,5.8,9,NH,01001
61.9,4.2,9,NH,01001
58.9,5.4,9,NH,01001
61.0,5.7,9,NH,01001
63.5,4.7,9,NH,01001
63.1,5.1,9,NH,01001
64.2,4.4,9,NH,01001
62.8,4.1,9,NH,01001
61.8,5.3,9,NH,01001
69.7,3.5,9,NJ,01001
67.6,3.0,9,NJ,01001
69.5,3.2,9,NJ,01001
69.7,3.0,9,NJ,01001
70.0,3.2,9,NJ,01001
69.6,3.0,9,NJ,01001
68.2,3.4,9,NJ,01001
69.6,2.6,9,NJ,01001
69.6,3.1,9,NJ,01001
65.9,2.8,9,NJ,01001
68.0,2.7,9,NJ,01001
68.8,3.4,9,NJ,01001
69.2,3.6,9,NJ,01001
65.5,3.1,9,NJ,01001
69.2,3.3,9,NJ,01001
65.8,3.2,9,NJ,01001
69.3,2.2,9,NJ,01001
67.1,2.8,9,NJ,01001
64.0,2.9,9,NJ,01001
68.9,3.5,9,NJ,01001
65.0,3.2,9,NJ,01001
67.9,3.7,9,NM,01001
62.0,3.1,9,NM,01001
75.8,7.1,9,NM,01001
62.9,2.6,9,NM,01001
60.8,2.4,9,NM,01001
72.8,5.5,9,NM,01001
73.4,5.3,9,NM,01001
77.3,5.6,9,NM,01001
78.0,6.9,9,NM,01001
71.1,5.0,9,NM,01001
70.4,4.7,9,NM,01001
70.2,4.7,9,NM,01001
75.2,4.7,9,NM,01001
76.9,6.6,9,NM,01001
69.0,4.9,9,NM,01001
61.0,2.8,9,NM,01001
77.1,5.7,9,NM,01001
63.3,2.4,9,NM,01001
61.6,3.3,9,NM,01001
72.5,5.3,9,NM,01001
73.1,4.5,9,NM,01001
59.4,2.3,9,NM,01001
73.7,5.8,9,NM,01001
64.6,3.2,9,NM,01001
66.6,3.1,9,NM,01001
67.8,4.2,9,NM,01001
63.5,3.1,9,NM,01001
72.8,5.1,9,NM,01001
68.7,4.2,9,NM,01001
56.5,2.3,9,NM,01001
65.6,4.5,9,NM,01001
67.9,4.1,9,NM,01001
69.4,3.4,9,NM,01001
63.6,3.1,9,NY,01001
61.0,2.2,9,NY,01001
69.3,2.7,9,NY,01001
61.8,2.1,9,NY,01001
61.1,2.3,9,NY,01001
61.8,1.1,9,NY,01001
62.8,2.4,9,NY,01001
61.4,1.6,9,NY,01001
60.2,1.7,9,NY,01001
61.3,4.3,9,NY,01001
63.7,2.8,9,NY,01001
60.0,1.6,9,NY,01001
60.1,2.4,9,NY,01001
64.6,3.1,9,NY,01001
63.4,2.6,9,NY,01001
58.8,3.6,9,NY,01001
59.6,4.1,9,NY,01001
61.4,3.1,9,NY,01001
62.2,1.7,9,NY,01001
61.4,2.5,9,NY,01001
58.1,3.6,9,NY,01001
59.6,2.9,9,NY,01001
61.6,2.7,9,NY,01001
69.9,2.8,9,NY,01001
59.6,3.1,9,NY,01001
62.5,1.9,9,NY,01001
61.2,2.6,9,NY,01001
63.3,1.9,9,NY,01001
63.2,2.8,9,NY,01001
68.6,2.8,9,NY,01001
69.6,2.8,9,NY,01001
63.5,1.7,9,NY,01001
61.6,2.8,9,NY,01001
62.7,2.4,9,NY,01001
62.0,1.3,9,NY,01001
64.2,2.6,9,NY,01001
62.7,1.4,9,NY,01001
62.4,2.6,9,NY,01001
60.0,1.9,9,NY,01001
65.4,3.4,9,NY,01001
69.2,2.6,9,NY,01001
63.6,4.0,9,NY,01001
70.0,3.4,9,NY,01001
66.5,3.1,9,NY,01001
61.0,3.8,9,NY,01001
63.2,4.0,9,NY,01001
63.8,3.6,9,NY,01001
61.3,2.7,9,NY,01001
61.2,1.4,9,NY,01001
62.3,0.7,9,NY,01001
60.9,1.7,9,NY,01001
67.9,3.8,9,NY,01001
61.3,2.5,9,NY,01001
61.4,1.6,9,NY,01001
60.8,0.9,9,NY,01001
62.5,2.7,9,NY,01001
60.6,3.8,9,NY,01001
62.7,3.9,9,NY,01001
62.3,0.9,9,NY,01001
67.1,3.5,9,NY,01001
61.4,2.4,9,NY,01001
61.6,1.1,9,NY,01001
70.0,0.2,9,NC,01001
69.8,1.0,9,NC,01001
64.4,2.0,9,NC,01001
72.2,-0.4,9,NC,01001
63.1,1.8,9,NC,01001
61.7,1.2,9,NC,01001
72.4,-0.4,9,NC,01001
71.9,0.6,9,NC,01001
73.3,0.2,9,NC,01001
73.8,-0.2,9,NC,01001
66.0,1.5,9,NC,01001
69.9,1.4,9,NC,01001
71.0,-0.2,9,NC,01001
69.3,1.2,9,NC,01001
73.7,2.1,9,NC,01001
73.8,-0.6,9,NC,01001
69.8,0.3,9,NC,01001
70.8,1.1,9,NC,01001
71.1,0.2,9,NC,01001
67.0,-0.6,9,NC,01001
73.1,1.2,9,NC,01001
66.0,0.5,9,NC,01001
71.1,0.7,9,NC,01001
73.4,-0.1,9,NC,01001
72.9,-0.1,9,NC,01001
72.9,0.2,9,NC,01001
74.2,2.2,9,NC,01001
74.9,1.2,9,NC,01001
70.2,0.3,9,NC,01001
70.1,0.7,9,NC,01001
72.4,-0.2,9,NC,01001
71.2,1.1,9,NC,01001
71.3,-0.2,9,NC,01001
69.7,0.6,9,NC,01001
71.1,0.8,9,NC,01001
71.7,1.0,9,NC,01001
72.5,1.4,9,NC,01001
65.4,0.2,9,NC,01001
70.5,1.2,9,NC,01001
72.0,-0.3,9,NC,01001
69.9,0.4,9,NC,01001
71.2,0.6,9,NC,01001
72.2,0.2,9,NC,01001
62.6,1.1,9,NC,01001
66.4,0.6,9,NC,01001
72.1,1.2,9,NC,01001
72.7,0.5,9,NC,01001
74.0,0.3,9,NC,01001
70.3,0.9,9,NC,01001
64.0,1.1,9,NC,01001
72.2,0.3,9,NC,01001
72.6,-0.0,9,NC,01001
71.6,0.2,9,NC,01001
72.0,-0.5,9,NC,01001
71.2,1.1,9,NC,01001
68.6,1.3,9,NC,01001
65.2,1.1,9,NC,01001
67.0,1.5,9,NC,01001
71.8,0.1,9,NC,01001
71.6,0.4,9,NC,01001
63.6,1.5,9,NC,01001
72.0,0.4,9,NC,01001
71.9,0.5,9,NC,01001
71.2,0.3,9,NC,01001
74.1,0.0,9,NC,01001
71.5,0.9,9,NC,01001
73.2,-0.0,9,NC,01001
70.1,0.5,9,NC,01001
73.2,-0.7,9,NC,01001
73.7,2.0,9,NC,01001
73.7,0.4,9,NC,01001
73.3,1.6,9,NC,01001
69.8,0.9,9,NC,01001
72.1,-0.2,9,NC,01001
70.3,0.5,9,NC,01001
71.0,0.5,9,NC,01001
72.4,-0.0,9,NC,01001
73.3,0.2,9,NC,01001
69.8,0.5,9,NC,01001
70.4,0.2,9,NC,01001
70.6,0.7,9,NC,01001
72.5,-0.1,9,NC,01001
73.1,0.6,9,NC,01001
71.9,0.0,9,NC,01001
69.1,0.6,9,NC,01001
68.7,1.2,9,NC,01001
63.5,0.5,9,NC,01001
65.8,1.5,9,NC,01001
73.9,1.0,9,NC,01001
71.5,-0.2,9,NC,01001
70.6,1.1,9,NC,01001
71.9,1.0,9,NC,01001
70.9,1.0,9,NC,01001
72.7,0.6,9,NC,01001
62.8,1.4,9,NC,01001
72.2,-0.0,9,NC,01001
69.2,1.7,9,NC,01001
71.9,0.2,9,NC,01001
69.6,1.0,9,NC,01001
63.5,1.6,9,NC,01001
61.4,4.8,9,ND,01001
62.6,6.0,9,ND,01001
61.8,6.6,9,ND,01001
61.7,5.1,9,ND,01001
61.2,6.3,9,ND,01001
61.6,5.0,9,ND,01001
59.5,5.4,9,ND,01001
62.0,5.0,9,ND,01001
63.9,6.2,9,ND,01001
60.5,6.6,9,ND,01001
62.2,4.4,9,ND,01001
60.5,6.4,9,ND,01001
61.9,5.4,9,ND,01001
62.6,6.7,9,ND,01001
62.4,4.3,9,ND,01001
62.4,6.3,9,ND,01001
61.9,5.2,9,ND,01001
63.4,6.6,9,ND,01001
61.8,4.3,9,ND,01001
62.7,6.8,9,ND,01001
61.0,4.6,9,ND,01001
61.5,5.1,9,ND,01001
62.4,5.2,9,ND,01001
61.4,4.7,9,ND,01001
61.7,5.6,9,ND,01001
61.4,4.4,9,ND,01001
62.3,6.0,9,ND,01001
62.2,5.6,9,ND,01001
62.1,5.1,9,ND,01001
61.9,4.5,9,ND,01001
60.6,5.6,9,ND,01001
62.3,7.0,9,ND,01001
62.1,4.8,9,ND,01001
62.5,6.9,9,ND,01001
61.2,6.3,9,ND,01001
61.7,6.5,9,ND,01001
63.2,5.4,9,ND,01001
60.7,5.3,9,ND,01001
64.3,5.9,9,ND,01001
60.3,7.0,9,ND,01001
62.9,4.6,9,ND,01001
61.9,5.9,9,ND,01001
62.4,4.1,9,ND,01001
61.4,4.6,9,ND,01001
61.2,4.7,9,ND,01001
62.3,5.6,9,ND,01001
62.2,5.7,9,ND,01001
60.7,6.8,9,ND,01001
63.3,5.5,9,ND,01001
62.7,7.0,9,ND,01001
61.1,5.2,9,ND,01001
61.3,5.6,9,ND,01001
61.8,6.8,9,ND,01001
66.1,-0.1,9,OH,01001
66.5,1.9,9,OH,01001
64.0,1.0,9,OH,01001
64.0,2.1,9,OH,01001
66.1,0.8,9,OH,01001
66.1,1.5,9,OH,01001
65.2,0.8,9,OH,01001
66.0,0.0,9,OH,01001
67.5,1.1,9,OH,01001
64.5,1.3,9,OH,01001
65.4,0.9,9,OH,01001
66.6,1.6,9,OH,01001
68.2,1.6,9,OH,01001
67.3,2.0,9,OH,01001
63.9,1.0,9,OH,01001
65.1,1.1,9,OH,01001
65.1,1.7,9,OH,01001
65.9,2.1,9,OH,01001
66.0,1.4,9,OH,01001
65.7,1.6,9,OH,01001
65.9,0.8,9,OH,01001
66.3,1.2,9,OH,01001
66.0,1.0,9,OH,01001
66.6,1.5,9,OH,01001
67.3,1.5,9,OH,01001
65.6,2.1,9,OH,01001
66.6,0.1,9,OH,01001
64.0,2.4,9,OH,01001
67.6,2.2,9,OH,01001
66.0,1.6,9,OH,01001
68.8,1.7,9,OH,01001
66.6,2.2,9,OH,01001
66.0,1.7,9,OH,01001
65.1,1.3,9,OH,01001
66.2,2.1,9,OH,01001
66.3,0.9,9,OH,01001
66.0,1.1,9,OH,01001
64.3,1.0,9,OH,01001
64.9,1.0,9,OH,01001
66.6,0.9,9,OH,01001
64.9,0.8,9,OH,01001
63.6,0.2,9,OH,01001
65.6,2.5,9,OH,01001
67.9,1.2,9,OH,01001
64.7,0.5,9,OH,01001
65.0,0.8,9,OH,01001
65.2,0.7,9,OH,01001
67.1,2.6,9,OH,01001
66.8,1.7,9,OH,01001
64.2,2.0,9,OH,01001
65.9,1.5,9,OH,01001
64.6,1.2,9,OH,01001
66.1,0.1,9,OH,01001
65.6,1.0,9,OH,01001
67.3,2.0,9,OH,01001
65.5,0.5,9,OH,01001
68.0,2.2,9,OH,01001
66.1,1.0,9,OH,01001
64.2,0.8,9,OH,01001
66.1,1.6,9,OH,01001
66.0,1.1,9,OH,01001
66.7,1.6,9,OH,01001
66.0,1.4,9,OH,01001
65.7,1.3,9,OH,01001
66.9,0.9,9,OH,01001
67.2,1.3,9,OH,01001
64.3,2.1,9,OH,01001
65.8,1.0,9,OH,01001
66.5,1.9,9,OH,01001
64.0,1.3,9,OH,01001
66.9,1.1,9,OH,01001
66.3,1.4,9,OH,01001
67.6,1.3,9,OH,01001
65.8,1.6,9,OH,01001
66.0,1.4,9,OH,01001
64.6,1.7,9,OH,01001
65.1,1.9,9,OH,01001
64.3,2.3,9,OH,01001
65.3,1.6,9,OH,01001
65.9,1.0,9,OH,01001
66.2,1.5,9,OH,01001
66.1,0.8,9,OH,01001
68.4,2.1,9,OH,01001
66.8,1.0,9,OH,01001
64.3,1.1,9,OH,01001
64.8,1.6,9,OH,01001
66.8,2.2,9,OH,01001
66.4,2.1,9,OH,01001
73.9,2.4,9,OK,01001
75.8,3.4,9,OK,01001
78.4,3.6,9,OK,01001
74.3,3.5,9,OK,01001
78.2,5.4,9,OK,01001
76.0,3.1,9,OK,01001
80.1,4.7,9,OK,01001
77.8,4.3,9,OK,01001
77.1,3.8,9,OK,01001
79.4,3.9,9,OK,01001
75.0,2.4,9,OK,01001
78.8,4.0,9,OK,01001
71.4,3.8,9,OK,01001
77.4,3.6,9,OK,01001
78.2,3.4,9,OK,01001
79.4,4.9,9,OK,01001
81.0,5.4,9,OK,01001
73.9,1.7,9,OK,01001
76.0,2.6,9,OK,01001
76.8,4.2,9,OK,01001
73.3,1.7,9,OK,01001
75.6,3.6,9,OK,01001
75.3,4.1,9,OK,01001
76.3,3.6,9,OK,01001
78.4,3.7,9,OK,01001
78.0,4.3,9,OK,01001
76.1,3.6,9,OK,01001
79.2,5.3,9,OK,01001
79.6,5.5,9,OK,01001
75.0,3.4,9,OK,01001
77.1,3.2,9,OK,01001
76.8,2.8,9,OK,01001
80.5,5.7,9,OK,01001
80.7,4.7,9,OK,01001
79.2,4.1,9,OK,01001
76.6,4.2,9,OK,01001
77.0,3.2,9,OK,01001
79.0,5.1,9,OK,01001
76.6,3.1,9,OK,01001
76.1,3.3,9,OK,01001
76.8,2.9,9,OK,01001
77.0,3.4,9,OK,01001
80.5,4.5,9,OK,01001
77.7,3.8,9,OK,01001
76.7,3.3,9,OK,01001
76.9,2.7,9,OK,01001
75.8,3.1,9,OK,01001
80.1,4.4,9,OK,01001
74.7,1.7,9,OK,01001
78.7,3.8,9,OK,01001
76.8,2.7,9,OK,01001
76.7,3.8,9,OK,01001
74.5,2.1,9,OK,01001
76.4,2.5,9,OK,01001
77.4,3.7,9,OK,01001
76.4,2.2,9,OK,01001
75.4,3.1,9,OK,01001
73.7,2.0,9,OK,01001
76.2,3.3,9,OK,01001
76.7,3.5,9,OK,01001
76.8,2.6,9,OK,01001
78.0,3.7,9,OK,01001
77.4,3.4,9,OK,01001
77.2,3.5,9,OK,01001
77.0,5.0,9,OK,01001
75.4,2.3,9,OK,01001
77.2,3.3,9,OK,01001
76.6,3.2,9,OK,01001
79.1,4.2,9,OK,01001
73.3,3.5,9,OK,01001
81.2,5.9,9,OK,01001
76.0,2.5,9,OK,01001
76.3,2.4,9,OK,01001
74.9,2.5,9,OK,01001
77.7,4.5,9,OK,01001
75.2,3.3,9,OK,01001
75.1,3.5,9,OK,01001
57.7,1.0,9,OR,01001
62.0,0.8,9,OR,01001
57.8,0.3,9,OR,01001
58.3,0.5,9,OR,01001
60.4,1.2,9,OR,01001
61.3,1.4,9,OR,01001
55.6,0.1,9,OR,01001
61.5,0.3,9,OR,01001
53.7,-0.1,9,OR,01001
60.4,0.4,9,OR,01001
61.5,1.4,9,OR,01001
54.7,0.1,9,OR,01001
56.8,0.6,9,OR,01001
55.5,-0.0,9,OR,01001
60.3,-0.2,9,OR,01001
57.9,0.9,9,OR,01001
61.1,0.3,9,OR,01001
53.4,-0.8,9,OR,01001
54.6,-0.3,9,OR,01001
59.2,0.3,9,OR,01001
59.4,0.0,9,OR,01001
58.6,0.4,9,OR,01001
59.9,1.0,9,OR,01001
59.4,0.9,9,OR,01001
60.9,1.6,9,OR,01001
61.5,1.4,9,OR,01001
61.4,0.8,9,OR,01001
61.6,1.3,9,OR,01001
57.3,-0.6,9,OR,01001
60.0,1.6,9,OR,01001
55.2,0.6,9,OR,01001
54.7,0.5,9,OR,01001
59.0,0.4,9,OR,01001
60.1,0.3,9,OR,01001
57.4,0.0,9,OR,01001
61.0,0.4,9,OR,01001
67.1,2.7,9,PA,01001
65.8,1.5,9,PA,01001
64.1,1.6,9,PA,01001
64.4,0.6,9,PA,01001
63.9,1.0,9,PA,01001
66.2,2.2,9,PA,01001
62.8,0.9,9,PA,01001
61.5,1.8,9,PA,01001
67.3,3.0,9,PA,01001
63.8,1.3,9,PA,01001
61.3,1.0,9,PA,01001
61.9,1.6,9,PA,01001
62.2,2.2,9,PA,01001
62.4,0.8,9,PA,01001
67.0,1.9,9,PA,01001
62.6,1.7,9,PA,01001
61.8,1.5,9,PA,01001
62.6,1.3,9,PA,01001
63.6,2.1,9,PA,01001
62.3,1.8,9,PA,01001
67.0,2.4,9,PA,01001
66.6,2.9,9,PA,01001
68.9,2.3,9,PA,01001
61.8,2.8,9,PA,01001
62.8,1.9,9,PA,01001
63.9,0.8,9,PA,01001
61.7,2.0,9,PA,01001
66.1,1.8,9,PA,01001
65.3,1.5,9,PA,01001
64.8,0.6,9,PA,01001
64.2,1.0,9,PA,01001
63.0,1.2,9,PA,01001
62.6,2.6,9,PA,01001
65.3,1.3,9,PA,01001
62.0,2.9,9,PA,01001
67.3,2.5,9,PA,01001
64.1,1.3,9,PA,01001
66.3,2.7,9,PA,01001
65.8,2.6,9,PA,01001
62.2,2.2,9,PA,01001
62.8,2.0,9,PA,01001
61.4,3.2,9,PA,01001
63.2,1.9,9,PA,01001
64.4,1.0,9,PA,01001
61.9,2.6,9,PA,01001
68.0,2.8,9,PA,01001
64.6,2.1,9,PA,01001
65.2,2.8,9,PA,01001
64.6,2.1,9,PA,01001
66.0,2.0,9,PA,01001
69.6,2.9,9,PA,01001
62.0,2.9,9,PA,01001
60.4,1.6,9,PA,01001
63.7,2.1,9,PA,01001
64.8,1.7,9,PA,01001
61.3,1.2,9,PA,01001
60.5,2.2,9,PA,01001
62.2,2.9,9,PA,01001
60.4,1.4,9,PA,01001
64.2,1.7,9,PA,01001
62.5,1.7,9,PA,01001
61.5,2.2,9,PA,01001
65.0,1.0,9,PA,01001
61.7,3.0,9,PA,01001
65.0,1.6,9,PA,01001
62.6,2.7,9,PA,01001
67.6,3.1,9,PA,01001
67.1,3.9,9,RI,01001
65.5,3.7,9,RI,01001
66.8,3.8,9,RI,01001
65.1,3.7,9,RI,01001
66.4,4.1,9,RI,01001
73.8,0.6,9,SC,01001
73.8,-0.5,9,SC,01001
73.4,-1.3,9,SC,01001
72.7,0.5,9,SC,01001
72.8,-1.9,9,SC,01001
73.1,-1.5,9,SC,01001
76.5,0.1,9,SC,01001
74.6,-0.5,9,SC,01001
74.0,-0.6,9,SC,01001
75.5,-0.2,9,SC,01001
71.8,0.5,9,SC,01001
72.0,-0.5,9,SC,01001
72.3,-0.4,9,SC,01001
74.1,-0.4,9,SC,01001
74.7,-0.3,9,SC,01001
73.4,-0.2,9,SC,01001
73.6,0.1,9,SC,01001
74.8,-0.3,9,SC,01001
73.7,-0.4,9,SC,01001
72.8,-0.6,9,SC,01001
73.8,-0.3,9,SC,01001
73.5,-1.2,9,SC,01001
71.4,0.6,9,SC,01001
73.3,-0.1,9,SC,01001
74.6,-0.3,9,SC,01001
73.5,-0.6,9,SC,01001
75.8,0.1,9,SC,01001
72.9,-0.3,9,SC,01001
71.6,-0.4,9,SC,01001
72.6,-0.1,9,SC,01001
73.6,0.0,9,SC,01001
73.8,-0.0,9,SC,01001
73.8,-0.1,9,SC,01001
73.7,-0.4,9,SC,01001
73.4,-0.0,9,SC,01001
73.2,-0.1,9,SC,01001
70.9,-0.2,9,SC,01001
73.6,-1.1,9,SC,01001
71.6,0.8,9,SC,01001
73.7,-0.5,9,SC,01001
73.5,0.0,9,SC,01001
72.1,0.6,9,SC,01001
74.4,0.3,9,SC,01001
72.6,0.0,9,SC,01001
73.6,-0.9,9,SC,01001
71.5,-0.2,9,SC,01001
66.4,4.6,9,SD,01001
65.8,4.9,9,SD,01001
65.7,5.0,9,SD,01001
67.6,4.5,9,SD,01001
64.9,5.6,9,SD,01001
64.1,5.2,9,SD,01001
66.6,4.4,9,SD,01001
65.4,3.8,9,SD,01001
63.4,4.6,9,SD,01001
63.2,4.1,9,SD,01001
67.6,4.3,9,SD,01001
64.9,5.9,9,SD,01001
67.9,5.1,9,SD,01001
64.3,6.4,9,SD,01001
63.3,4.2,9,SD,01001
62.9,4.8,9,SD,01001
67.1,4.9,9,SD,01001
63.5,5.5,9,SD,01001
64.7,6.1,9,SD,01001
64.6,4.4,9,SD,01001
67.0,4.5,9,SD,01001
63.5,4.4,9,SD,01001
65.3,4.9,9,SD,01001
63.7,4.1,9,SD,01001
64.9,6.1,9,SD,01001
67.5,4.7,9,SD,01001
64.8,3.3,9,SD,01001
64.8,6.3,9,SD,01001
64.3,3.7,9,SD,01001
67.5,5.5,9,SD,01001
62.6,5.4,9,SD,01001
65.5,3.8,9,SD,01001
67.5,5.1,9,SD,01001
64.0,3.8,9,SD,01001
66.3,4.2,9,SD,01001
65.4,4.1,9,SD,01001
66.7,4.2,9,SD,01001
65.5,5.7,9,SD,01001
66.2,6.0,9,SD,01001
58.5,3.6,9,SD,01001
67.0,5.2,9,SD,01001
66.6,4.0,9,SD,01001
67.1,5.8,9,SD,01001
62.5,4.4,9,SD,01001
62.5,4.4,9,SD,01001
64.0,4.1,9,SD,01001
67.2,4.5,9,SD,01001
67.3,6.3,9,SD,01001
66.7,6.0,9,SD,01001
65.6,5.6,9,SD,01001
65.6,4.6,9,SD,01001
63.4,4.4,9,SD,01001
62.6,4.6,9,SD,01001
63.6,4.0,9,SD,01001
64.0,5.3,9,SD,01001
66.8,5.0,9,SD,01001
65.1,4.9,9,SD,01001
65.4,3.4,9,SD,01001
64.6,3.8,9,SD,01001
66.2,4.6,9,SD,01001
67.6,5.0,9,SD,01001
67.4,5.5,9,SD,01001
67.8,5.1,9,SD,01001
63.7,4.4,9,SD,01001
67.8,5.2,9,SD,01001
64.5,4.4,9,SD,01001
70.2,0.9,9,TN,01001
71.6,0.7,9,TN,01001
72.2,1.3,9,TN,01001
69.0,0.3,9,TN,01001
71.2,1.3,9,TN,01001
72.2,0.7,9,TN,01001
67.5,0.0,9,TN,01001
70.2,0.2,9,TN,01001
71.7,0.7,9,TN,01001
66.2,1.5,9,TN,01001
71.0,0.4,9,TN,01001
72.3,0.9,9,TN,01001
68.6,0.6,9,TN,01001
70.1,0.2,9,TN,01001
70.2,1.2,9,TN,01001
70.2,0.5,9,TN,01001
72.9,1.4,9,TN,01001
66.7,-0.3,9,TN,01001
71.8,0.7,9,TN,01001
72.4,0.9,9,TN,01001
70.3,0.1,9,TN,01001
70.5,0.6,9,TN,01001
73.5,1.7,9,TN,01001
73.9,1.5,9,TN,01001
67.0,0.1,9,TN,01001
70.5,0.3,9,TN,01001
72.2,0.9,9,TN,01001
71.2,0.4,9,TN,01001
70.3,1.0,9,TN,01001
69.8,0.6,9,TN,01001
68.0,0.1,9,TN,01001
70.8,0.8,9,TN,01001
72.1,0.9,9,TN,01001
69.2,0.8,9,TN,01001
72.8,0.9,9,TN,01001
72.7,0.8,9,TN,01001
69.9,0.7,9,TN,01001
73.3,1.5,9,TN,01001
72.0,0.9,9,TN,01001
71.7,0.8,9,TN,01001
71.1,0.9,9,TN,01001
71.4,1.1,9,TN,01001
71.7,1.3,9,TN,01001
70.4,0.1,9,TN,01001
71.6,1.3,9,TN,01001
64.5,1.5,9,TN,01001
72.1,1.5,9,TN,01001
73.3,1.5,9,TN,01001
74.0,1.8,9,TN,01001
71.1,0.7,9,TN,01001
70.8,0.7,9,TN,01001
71.5,0.2,9,TN,01001
72.0,1.0,9,TN,01001
71.6,0.6,9,TN,01001
72.5,0.6,9,TN,01001
69.8,-0.1,9,TN,01001
72.4,1.0,9,TN,01001
70.3,0.2,9,TN,01001
71.3,0.5,9,TN,01001
71.2,0.8,9,TN,01001
71.6,0.6,9,TN,01001
70.2,0.4,9,TN,01001
71.3,0.9,9,TN,01001
71.2,0.5,9,TN,01001
68.0,0.4,9,TN,01001
72.0,0.6,9,TN,01001
68.7,0.0,9,TN,01001
72.1,1.2,9,TN,01001
69.0,0.5,9,TN,01001
70.4,0.0,9,TN,01001
69.2,0.1,9,TN,01001
70.3,0.3,9,TN,01001
71.2,0.8,9,TN,01001
70.2,-0.2,9,TN,01001
71.7,0.7,9,TN,01001
67.2,0.4,9,TN,01001
69.2,0.4,9,TN,01001
69.0,1.0,9,TN,01001
75.2,1.7,9,TN,01001
70.6,-0.3,9,TN,01001
71.5,0.9,9,TN,01001
69.6,1.8,9,TN,01001
70.6,0.0,9,TN,01001
74.2,1.5,9,TN,01001
70.8,-0.1,9,TN,01001
65.7,0.9,9,TN,01001
69.8,0.7,9,TN,01001
68.4,0.1,9,TN,01001
69.7,0.1,9,TN,01001
69.6,1.2,9,TN,01001
71.7,0.9,9,TN,01001
71.9,0.7,9,TN,01001
69.1,-0.1,9,TN,01001
71.1,0.7,9,TN,01001
71.2,0.2,9,TN,01001
81.2,4.1,9,TX,01001
80.0,7.1,9,TX,01001
80.9,3.7,9,TX,01001
86.0,5.6,9,TX,01001
82.3,5.9,9,TX,01001
76.5,5.7,9,TX,01001
85.4,5.2,9,TX,01001
85.5,6.9,9,TX,01001
74.2,5.4,9,TX,01001
82.6,6.0,9,TX,01001
86.2,7.7,9,TX,01001
82.3,6.1,9,TX,01001
85.9,5.7,9,TX,01001
83.9,6.3,9,TX,01001
85.8,6.6,9,TX,01001
83.7,6.5,9,TX,01001
80.6,6.2,9,TX,01001
83.2,5.7,9,TX,01001
78.4,3.1,9,TX,01001
84.4,5.4,9,TX,01001
85.2,6.9,9,TX,01001
82.0,7.9,9,TX,01001
77.4,5.5,9,TX,01001
87.1,6.0,9,TX,01001
82.3,6.1,9,TX,01001
85.6,7.3,9,TX,01001
83.7,6.3,9,TX,01001
87.3,8.5,9,TX,01001
85.6,5.9,9,TX,01001
81.7,6.2,9,TX,01001
87.1,5.3,9,TX,01001
79.8,4.0,9,TX,01001
75.3,5.4,9,TX,01001
78.7,2.8,9,TX,01001
74.3,5.5,9,TX,01001
83.9,5.3,9,TX,01001
80.5,3.7,9,TX,01001
79.9,5.5,9,TX,01001
82.2,5.7,9,TX,01001
74.9,5.5,9,TX,01001
81.4,6.2,9,TX,01001
82.0,6.3,9,TX,01001
81.7,5.1,9,TX,01001
78.1,5.1,9,TX,01001
86.2,7.5,9,TX,01001
85.4,7.3,9,TX,01001
83.0,6.7,9,TX,01001
82.0,6.5,9,TX,01001
81.5,5.3,9,TX,01001
83.3,6.0,9,TX,01001
80.4,5.5,9,TX,01001
84.0,8.3,9,TX,01001
83.1,7.5,9,TX,01001
77.5,5.4,9,TX,01001
78.6,7.4,9,TX,01001
71.7,4.3,9,TX,01001
83.1,5.3,9,TX,01001
78.8,5.6,9,TX,01001
73.9,5.8,9,TX,01001
80.0,4.1,9,TX,01001
83.0,5.8,9,TX,01001
87.1,7.6,9,TX,01001
79.5,5.6,9,TX,01001
86.5,5.4,9,TX,01001
77.0,5.2,9,TX,01001
86.0,5.6,9,TX,01001
82.0,6.2,9,TX,01001
81.7,7.9,9,TX,01001
81.9,6.1,9,TX,01001
83.0,4.9,9,TX,01001
80.6,7.1,9,TX,01001
83.5,7.2,9,TX,01001
83.8,5.9,9,TX,01001
80.6,4.9,9,TX,01001
86.4,7.7,9,TX,01001
81.8,6.8,9,TX,01001
75.9,4.9,9,TX,01001
81.5,5.8,9,TX,01001
85.0,6.1,9,TX,01001
80.2,4.4,9,TX,01001
82.2,4.5,9,TX,01001
85.3,5.2,9,TX,01001
77.9,5.9,9,TX,01001
84.8,5.7,9,TX,01001
80.2,6.2,9,TX,01001
81.7,6.1,9,TX,01001
82.1,8.0,9,TX,01001
86.5,6.5,9,TX,01001
87.7,8.3,9,TX,01001
75.3,4.7,9,TX,01001
80.9,4.8,9,TX,01001
79.4,2.8,9,TX,01001
84.4,6.3,9,TX,01001
87.2,8.1,9,TX,01001
75.2,5.1,9,TX,01001
79.1,5.3,9,TX,01001
83.2,6.4,9,TX,01001
75.1,4.6,9,TX,01001
80.9,5.6,9,TX,01001
82.1,4.5,9,TX,01001
84.9,6.1,9,TX,01001
78.9,2.2,9,TX,01001
72.7,4.5,9,TX,01001
82.4,6.4,9,TX,01001
85.0,7.1,9,TX,01001
75.9,4.6,9,TX,01001
81.6,4.5,9,TX,01001
87.8,5.7,9,TX,01001
83.2,5.1,9,TX,01001
75.5,5.2,9,TX,01001
83.2,5.8,9,TX,01001
80.0,4.1,9,TX,01001
81.3,3.7,9,TX,01001
81.6,7.0,9,TX,01001
78.4,7.2,9,TX,01001
80.7,4.6,9,TX,01001
76.6,5.3,9,TX,01001
81.8,7.1,9,TX,01001
82.0,6.0,9,TX,01001
85.8,6.7,9,TX,01001
80.7,3.8,9,TX,01001
77.0,7.7,9,TX,01001
83.5,5.1,9,TX,01001
87.2,6.3,9,TX,01001
86.0,5.3,9,TX,01001
82.5,5.0,9,TX,01001
82.2,6.3,9,TX,01001
86.4,6.6,9,TX,01001
82.0,4.4,9,TX,01001
83.3,6.5,9,TX,01001
86.8,5.7,9,TX,01001
81.5,6.6,9,TX,01001
81.0,6.0,9,TX,01001
81.2,6.4,9,TX,01001
81.6,6.3,9,TX,01001
86.2,6.5,9,TX,01001
86.6,5.9,9,TX,01001
82.2,6.2,9,TX,01001
79.4,3.9,9,TX,01001
74.6,5.1,9,TX,01001
83.2,6.2,9,TX,01001
86.3,5.3,9,TX,01001
87.1,8.2,9,TX,01001
85.3,7.0,9,TX,01001
81.7,4.0,9,TX,01001
83.3,5.1,9,TX,01001
82.7,4.9,9,TX,01001
75.2,4.4,9,TX,01001
85.9,5.4,9,TX,01001
83.8,6.4,9,TX,01001
82.0,7.6,9,TX,01001
76.8,5.8,9,TX,01001
78.0,5.8,9,TX,01001
82.1,6.3,9,TX,01001
83.6,5.7,9,TX,01001
86.0,5.3,9,TX,01001
83.1,5.2,9,TX,01001
78.8,2.3,9,TX,01001
80.7,6.7,9,TX,01001
82.6,6.6,9,TX,01001
84.6,5.6,9,TX,01001
87.2,6.0,9,TX,01001
84.8,5.9,9,TX,01001
81.1,6.6,9,TX,01001
81.9,7.7,9,TX,01001
84.9,6.9,9,TX,01001
82.8,6.4,9,TX,01001
81.8,6.8,9,TX,01001
81.9,5.9,9,TX,01001
84.5,6.2,9,TX,01001
74.9,5.0,9,TX,01001
79.3,3.5,9,TX,01001
78.6,4.9,9,TX,01001
80.4,3.7,9,TX,01001
83.1,5.1,9,TX,01001
81.0,4.2,9,TX,01001
81.0,6.8,9,TX,01001
86.2,5.5,9,TX,01001
75.1,4.5,9,TX,01001
74.1,4.8,9,TX,01001
82.8,4.8,9,TX,01001
83.3,6.7,9,TX,01001
79.2,2.4,9,TX,01001
82.7,5.8,9,TX,01001
74.1,6.0,9,TX,01001
82.3,8.2,9,TX,01001
81.6,4.0,9,TX,01001
75.6,5.6,9,TX,01001
80.8,7.8,9,TX,01001
80.3,3.9,9,TX,01001
75.0,5.8,9,TX,01001
82.6,8.3,9,TX,01001
81.6,5.8,9,TX,01001
78.9,3.8,9,TX,01001
82.2,8.0,9,TX,01001
85.7,5.5,9,TX,01001
76.0,4.7,9,TX,01001
83.8,5.8,9,TX,01001
81.8,4.8,9,TX,01001
81.9,6.1,9,TX,01001
79.6,3.0,9,TX,01001
80.1,3.7,9,TX,01001
79.8,3.2,9,TX,01001
82.9,4.9,9,TX,01001
85.8,5.3,9,TX,01001
83.1,6.5,9,TX,01001
80.7,6.3,9,TX,01001
81.0,6.6,9,TX,01001
82.4,6.2,9,TX,01001
79.4,2.9,9,TX,01001
73.8,4.4,9,TX,01001
79.8,3.5,9,TX,01001
83.4,5.9,9,TX,01001
88.2,6.3,9,TX,01001
82.3,6.1,9,TX,01001
81.6,7.1,9,TX,01001
82.2,6.6,9,TX,01001
81.1,6.1,9,TX,01001
75.0,5.2,9,TX,01001
83.2,5.4,9,TX,01001
81.6,6.4,9,TX,01001
84.5,7.6,9,TX,01001
76.9,5.4,9,TX,01001
82.3,6.2,9,TX,01001
80.0,4.4,9,TX,01001
81.5,6.1,9,TX,01001
85.1,6.8,9,TX,01001
81.6,3.9,9,TX,01001
80.6,3.5,9,TX,01001
79.3,3.1,9,TX,01001
83.2,8.2,9,TX,01001
84.8,5.9,9,TX,01001
85.1,6.5,9,TX,01001
80.8,4.1,9,TX,01001
86.3,6.7,9,TX,01001
82.9,4.9,9,TX,01001
85.5,7.0,9,TX,01001
83.7,8.2,9,TX,01001
85.1,6.7,9,TX,01001
86.8,5.6,9,TX,01001
85.5,6.5,9,TX,01001
76.8,5.0,9,TX,01001
82.2,6.1,9,TX,01001
81.9,6.1,9,TX,01001
87.0,5.5,9,TX,01001
84.4,6.6,9,TX,01001
86.4,6.7,9,TX,01001
82.2,8.0,9,TX,01001
82.6,6.0,9,TX,01001
80.0,3.9,9,TX,01001
76.3,6.0,9,TX,01001
82.1,6.0,9,TX,01001
88.1,6.1,9,TX,01001
86.2,5.6,9,TX,01001
61.9,1.1,9,UT,01001
61.6,1.4,9,UT,01001
57.6,2.5,9,UT,01001
58.6,2.0,9,UT,01001
54.8,1.7,9,UT,01001
63.5,2.9,9,UT,01001
54.9,1.8,9,UT,01001
65.0,2.4,9,UT,01001
61.7,1.7,9,UT,01001
66.5,3.4,9,UT,01001
60.9,0.6,9,UT,01001
64.6,2.3,9,UT,01001
64.8,0.6,9,UT,01001
65.3,2.3,9,UT,01001
57.5,2.7,9,UT,01001
56.0,1.5,9,UT,01001
54.4,2.5,9,UT,01001
63.7,3.3,9,UT,01001
67.3,2.3,9,UT,01001
57.7,2.1,9,UT,01001
57.8,1.7,9,UT,01001
51.6,2.2,9,UT,01001
64.4,1.4,9,UT,01001
61.0,2.6,9,UT,01001
60.9,2.4,9,UT,01001
54.2,2.1,9,UT,01001
66.8,-0.9,9,UT,01001
66.1,3.3,9,UT,01001
59.9,2.5,9,UT,01001
61.5,4.1,9,VT,01001
60.0,4.5,9,VT,01001
60.9,5.7,9,VT,01001
62.8,5.2,9,VT,01001
59.5,5.2,9,VT,01001
62.4,5.1,9,VT,01001
63.8,4.4,9,VT,01001
60.8,5.6,9,VT,01001
61.1,5.2,9,VT,01001
60.3,5.4,9,VT,01001
60.6,4.3,9,VT,01001
60.5,5.1,9,VT,01001
61.1,4.5,9,VT,01001
61.4,5.2,9,VT,01001
72.5,2.5,9,VA,01001
69.6,2.7,9,VA,01001
64.9,0.4,9,VA,01001
69.2,0.3,9,VA,01001
67.2,0.7,9,VA,01001
68.0,0.6,9,VA,01001
70.3,2.4,9,VA,01001
66.1,2.1,9,VA,01001
64.4,1.0,9,VA,01001
68.1,0.8,9,VA,01001
63.4,0.8,9,VA,01001
66.9,0.5,9,VA,01001
70.6,1.1,9,VA,01001
67.1,1.1,9,VA,01001
68.8,0.9,9,VA,01001
68.1,0.6,9,VA,01001
70.0,1.4,9,VA,01001
64.5,1.1,9,VA,01001
72.0,1.1,9,VA,01001
68.4,0.2,9,VA,01001
70.4,0.7,9,VA,01001
67.4,1.8,9,VA,01001
64.9,0.6,9,VA,01001
68.8,1.8,9,VA,01001
68.9,0.5,9,VA,01001
66.6,0.7,9,VA,01001
70.4,0.7,9,VA,01001
71.4,1.9,9,VA,01001
70.2,2.6,9,VA,01001
68.5,2.1,9,VA,01001
63.6,0.8,9,VA,01001
69.5,1.6,9,VA,01001
68.1,1.0,9,VA,01001
66.3,1.4,9,VA,01001
64.8,1.1,9,VA,01001
72.3,1.5,9,VA,01001
69.2,0.8,9,VA,01001
63.0,1.7,9,VA,01001
68.5,3.0,9,VA,01001
71.2,1.0,9,VA,01001
69.3,0.6,9,VA,01001
70.2,1.1,9,VA,01001
71.1,1.2,9,VA,01001
68.9,0.7,9,VA,01001
62.0,1.3,9,VA,01001
72.4,1.3,9,VA,01001
72.4,1.5,9,VA,01001
71.3,1.6,9,VA,01001
70.9,2.1,9,VA,01001
71.2,1.5,9,VA,01001
71.8,1.7,9,VA,01001
68.5,1.0,9,VA,01001
69.0,2.5,9,VA,01001
68.7,1.1,9,VA,01001
69.2,0.5,9,VA,01001
67.8,2.4,9,VA,01001
72.4,1.5,9,VA,01001
69.9,0.7,9,VA,01001
71.9,1.5,9,VA,01001
65.7,1.1,9,VA,01001
67.8,1.7,9,VA,01001
71.6,1.3,9,VA,01001
72.4,1.5,9,VA,01001
72.2,2.5,9,VA,01001
69.4,0.6,9,VA,01001
68.8,1.6,9,VA,01001
66.2,2.2,9,VA,01001
66.9,0.6,9,VA,01001
69.0,0.6,9,VA,01001
69.3,0.5,9,VA,01001
68.6,0.4,9,VA,01001
71.5,0.8,9,VA,01001
70.4,2.9,9,VA,01001
65.4,1.1,9,VA,01001
67.0,1.8,9,VA,01001
71.8,2.2,9,VA,01001
67.3,1.0,9,VA,01001
66.2,0.7,9,VA,01001
66.3,2.5,9,VA,01001
66.2,1.1,9,VA,01001
68.6,1.2,9,VA,01001
66.1,1.5,9,VA,01001
64.3,1.4,9,VA,01001
71.8,1.2,9,VA,01001
68.4,1.0,9,VA,01001
69.7,2.0,9,VA,01001
72.1,1.3,9,VA,01001
71.5,1.2,9,VA,01001
63.7,1.0,9,VA,01001
66.5,1.5,9,VA,01001
67.0,1.4,9,VA,01001
71.9,2.5,9,VA,01001
65.5,0.4,9,VA,01001
64.4,1.2,9,VA,01001
72.8,1.6,9,VA,01001
71.0,2.5,9,VA,01001
69.1,1.8,9,VA,01001
67.4,0.6,9,VA,01001
70.0,2.5,9,VA,01001
73.2,1.9,9,VA,01001
71.0,0.5,9,VA,01001
66.4,0.2,9,VA,01001
69.7,0.2,9,VA,01001
71.3,0.9,9,VA,01001
69.7,2.5,9,VA,01001
69.6,2.3,9,VA,01001
71.9,1.2,9,VA,01001
68.9,1.3,9,VA,01001
64.4,1.3,9,VA,01001
73.3,1.5,9,VA,01001
67.8,2.9,9,VA,01001
71.2,0.3,9,VA,01001
68.0,0.7,9,VA,01001
70.3,2.8,9,VA,01001
70.2,2.7,9,VA,01001
69.0,0.8,9,VA,01001
73.1,1.5,9,VA,01001
74.0,1.9,9,VA,01001
65.3,0.3,9,VA,01001
71.0,0.6,9,VA,01001
73.3,1.6,9,VA,01001
73.8,1.6,9,VA,01001
66.1,1.2,9,VA,01001
71.0,1.2,9,VA,01001
69.1,1.3,9,VA,01001
68.9,1.2,9,VA,01001
67.6,2.6,9,VA,01001
72.4,1.3,9,VA,01001
74.0,2.3,9,VA,01001
67.9,2.7,9,VA,01001
72.4,1.7,9,VA,01001
66.7,1.4,9,VA,01001
61.9,1.8,9,WA,01001
60.1,1.7,9,WA,01001
64.9,2.0,9,WA,01001
54.9,1.0,9,WA,01001
56.0,0.8,9,WA,01001
61.6,1.3,9,WA,01001
59.2,1.0,9,WA,01001
58.8,0.6,9,WA,01001
61.3,1.3,9,WA,01001
55.9,1.5,9,WA,01001
64.4,2.2,9,WA,01001
60.0,1.6,9,WA,01001
63.0,1.0,9,WA,01001
58.8,1.1,9,WA,01001
59.0,1.4,9,WA,01001
54.4,0.4,9,WA,01001
56.9,0.7,9,WA,01001
60.5,1.6,9,WA,01001
56.8,0.7,9,WA,01001
60.3,1.6,9,WA,01001
56.5,0.3,9,WA,01001
59.2,0.9,9,WA,01001
58.5,1.2,9,WA,01001
56.0,2.0,9,WA,01001
59.0,1.1,9,WA,01001
55.3,2.5,9,WA,01001
56.0,0.8,9,WA,01001
58.4,1.2,9,WA,01001
56.3,1.7,9,WA,01001
55.4,0.4,9,WA,01001
56.3,1.2,9,WA,01001
59.5,2.4,9,WA,01001
58.2,2.0,9,WA,01001
60.3,1.4,9,WA,01001
58.6,0.9,9,WA,01001
64.3,1.8,9,WA,01001
55.2,2.0,9,WA,01001
61.7,2.8,9,WA,01001
57.6,0.8,9,WA,01001
64.9,1.3,9,WV,01001
66.8,1.5,9,WV,01001
68.0,1.1,9,WV,01001
66.8,0.7,9,WV,01001
65.2,0.8,9,WV,01001
68.8,1.3,9,WV,01001
67.5,1.4,9,WV,01001
67.4,0.9,9,WV,01001
66.6,1.2,9,WV,01001
64.9,0.5,9,WV,01001
67.1,1.1,9,WV,01001
63.8,1.2,9,WV,01001
62.7,0.8,9,WV,01001
65.6,1.0,9,WV,01001
64.6,0.4,9,WV,01001
64.6,1.0,9,WV,01001
66.1,1.0,9,WV,01001
67.9,1.3,9,WV,01001
67.5,1.7,9,WV,01001
68.4,1.1,9,WV,01001
66.5,1.2,9,WV,01001
69.2,1.5,9,WV,01001
68.5,1.1,9,WV,01001
66.3,0.7,9,WV,01001
65.1,0.3,9,WV,01001
65.2,0.6,9,WV,01001
67.2,0.3,9,WV,01001
63.7,0.3,9,WV,01001
65.6,0.7,9,WV,01001
68.9,1.0,9,WV,01001
64.9,0.5,9,WV,01001
64.6,0.7,9,WV,01001
66.4,1.6,9,WV,01001
64.2,0.6,9,WV,01001
65.2,0.9,9,WV,01001
63.0,1.7,9,WV,01001
66.8,1.0,9,WV,01001
60.5,1.2,9,WV,01001
63.2,1.3,9,WV,01001
68.5,1.2,9,WV,01001
64.2,0.4,9,WV,01001
61.7,2.0,9,WV,01001
66.9,1.2,9,WV,01001
67.9,1.5,9,WV,01001
65.2,0.6,9,WV,01001
65.1,0.3,9,WV,01001
61.4,1.8,9,WV,01001
66.5,0.8,9,WV,01001
64.9,1.5,9,WV,01001
69.1,1.5,9,WV,01001
62.9,0.7,9,WV,01001
65.4,0.5,9,WV,01001
67.5,1.5,9,WV,01001
67.4,1.2,9,WV,01001
66.1,0.7,9,WV,01001
64.4,5.4,9,WI,01001
60.4,5.5,9,WI,01001
63.0,5.8,9,WI,01001
61.4,6.6,9,WI,01001
63.6,5.1,9,WI,01001
65.5,5.5,9,WI,01001
63.1,6.1,9,WI,01001
64.3,5.2,9,WI,01001
63.4,5.6,9,WI,01001
63.3,6.0,9,WI,01001
65.5,5.3,9,WI,01001
65.8,4.4,9,WI,01001
66.0,5.1,9,WI,01001
64.9,4.5,9,WI,01001
62.0,3.8,9,WI,01001
62.2,7.0,9,WI,01001
64.7,5.9,9,WI,01001
64.6,6.2,9,WI,01001
59.4,5.1,9,WI,01001
64.7,5.0,9,WI,01001
59.0,4.9,9,WI,01001
65.6,3.8,9,WI,01001
66.0,4.5,9,WI,01001
65.1,5.2,9,WI,01001
65.1,4.4,9,WI,01001
59.2,4.9,9,WI,01001
64.6,6.1,9,WI,01001
65.6,4.2,9,WI,01001
64.0,5.1,9,WI,01001
66.5,3.9,9,WI,01001
62.7,4.4,9,WI,01001
65.6,5.2,9,WI,01001
64.8,3.7,9,WI,01001
60.1,5.3,9,WI,01001
60.6,5.1,9,WI,01001
63.6,4.8,9,WI,01001
62.6,5.9,9,WI,01001
61.4,4.8,9,WI,01001
65.0,5.2,9,WI,01001
61.3,4.8,9,WI,01001
65.9,4.1,9,WI,01001
64.0,5.0,9,WI,01001
62.0,4.7,9,WI,01001
59.1,4.4,9,WI,01001
64.2,5.4,9,WI,01001
64.4,3.8,9,WI,01001
65.6,5.6,9,WI,01001
65.3,5.6,9,WI,01001
63.7,5.9,9,WI,01001
64.0,5.9,9,WI,01001
59.9,5.0,9,WI,01001
65.8,3.6,9,WI,01001
65.5,4.9,9,WI,01001
66.1,4.1,9,WI,01001
61.7,5.1,9,WI,01001
65.0,6.1,9,WI,01001
65.1,5.0,9,WI,01001
61.1,6.1,9,WI,01001
62.6,5.3,9,WI,01001
64.1,4.5,9,WI,01001
61.2,5.2,9,WI,01001
65.0,5.5,9,WI,01001
64.7,4.6,9,WI,01001
58.4,4.4,9,WI,01001
64.6,2.8,9,WI,01001
62.3,6.3,9,WI,01001
64.0,4.0,9,WI,01001
65.0,4.0,9,WI,01001
64.4,5.8,9,WI,01001
64.6,5.5,9,WI,01001
65.1,5.4,9,WI,01001
63.9,5.9,9,WI,01001
55.4,3.7,9,WY,01001
59.5,5.3,9,WY,01001
62.7,5.7,9,WY,01001
55.9,2.8,9,WY,01001
61.1,4.6,9,WY,01001
61.2,4.9,9,WY,01001
56.0,3.3,9,WY,01001
63.6,5.2,9,WY,01001
59.2,4.1,9,WY,01001
60.6,5.5,9,WY,01001
61.8,5.3,9,WY,01001
52.7,2.8,9,WY,01001
60.1,4.3,9,WY,01001
63.8,5.6,9,WY,01001
53.3,4.0,9,WY,01001
62.5,4.9,9,WY,01001
58.8,4.4,9,WY,01001
49.9,2.4,9,WY,01001
56.5,2.4,9,WY,01001
48.8,1.9,9,WY,01001
53.3,1.7,9,WY,01001
61.3,4.8,9,WY,01001
63.2,5.9,9,WY,01001
65.8,1.2,10,AL,01001
68.4,0.4,10,AL,01001
66.2,0.6,10,AL,01001
65.0,1.4,10,AL,01001
63.7,2.2,10,AL,01001
65.3,0.3,10,AL,01001
65.7,0.4,10,AL,01001
63.6,2.0,10,AL,01001
62.9,0.5,10,AL,01001
63.0,1.6,10,AL,01001
64.6,1.2,10,AL,01001
66.9,2.0,10,AL,01001
66.8,1.3,10,AL,01001
62.9,1.5,10,AL,01001
62.6,2.0,10,AL,01001
66.7,0.4,10,AL,01001
63.7,3.0,10,AL,01001
66.2,0.1,10,AL,01001
64.1,1.0,10,AL,01001
66.6,0.2,10,AL,01001
65.5,0.2,10,AL,01001
63.0,1.8,10,AL,01001
67.0,0.5,10,AL,01001
66.8,1.8,10,AL,01001
61.5,1.2,10,AL,01001
65.0,0.4,10,AL,01001
67.0,0.3,10,AL,01001
63.8,2.1,10,AL,01001
65.0,2.3,10,AL,01001
63.7,2.9,10,AL,01001
67.2,0.3,10,AL,01001
66.1,1.4,10,AL,01001
66.3,1.7,10,AL,01001
67.1,0.6,10,AL,01001
67.6,0.2,10,AL,01001
62.0,1.5,10,AL,01001
64.8,2.3,10,AL,01001
65.2,2.4,10,AL,01001
63.1,2.8,10,AL,01001
63.0,2.1,10,AL,01001
64.1,-0.0,10,AL,01001
63.1,2.3,10,AL,01001
66.1,0.8,10,AL,01001
65.0,-0.0,10,AL,01001
62.9,2.0,10,AL,01001
67.0,2.0,10,AL,01001
64.3,2.7,10,AL,01001
63.4,2.0,10,AL,01001
68.4,0.9,10,AL,01001
66.4,0.6,10,AL,01001
65.2,0.0,10,AL,01001
63.1,1.9,10,AL,01001
66.2,1.8,10,AL,01001
65.7,1.8,10,AL,01001
65.9,0.4,10,AL,01001
62.8,1.6,10,AL,01001
65.3,0.1,10,AL,01001
64.0,2.2,10,AL,01001
64.4,1.7,10,AL,01001
66.3,1.7,10,AL,01001
64.1,1.8,10,AL,01001
63.4,0.4,10,AL,01001
65.6,1.7,10,AL,01001
64.5,2.1,10,AL,01001
67.1,1.2,10,AL,01001
66.8,1.4,10,AL,01001
63.1,2.0,10,AL,01001
53.8,2.5,10,AZ,01001
65.7,3.8,10,AZ,01001
56.0,2.9,10,AZ,01001
64.4,3.9,10,AZ,01001
65.8,3.8,10,AZ,01001
60.7,3.2,10,AZ,01001
75.3,3.6,10,AZ,01001
74.9,4.0,10,AZ,01001
66.0,3.0,10,AZ,01001
55.4,2.8,10,AZ,01001
73.1,4.6,10,AZ,01001
74.4,4.9,10,AZ,01001
65.8,3.8,10,AZ,01001
63.6,3.7,10,AZ,01001
76.5,3.8,10,AZ,01001
66.3,3.0,10,AR,01001
66.8,2.8,10,AR,01001
60.6,1.8,10,AR,01001
60.1,0.9,10,AR,01001
59.6,0.8,10,AR,01001
66.1,2.5,10,AR,01001
65.6,2.0,10,AR,01001
59.7,0.8,10,AR,01001
67.4,3.1,10,AR,01001
64.2,0.9,10,AR,01001
62.8,2.6,10,AR,01001
63.3,2.8,10,AR,01001
65.7,2.4,10,AR,01001
65.5,1.1,10,AR,01001
64.0,2.5,10,AR,01001
64.0,3.1,10,AR,01001
62.5,1.2,10,AR,01001
65.1,2.4,10,AR,01001
64.5,2.4,10,AR,01001
64.8,1.6,10,AR,01001
66.8,3.1,10,AR,01001
66.5,2.9,10,AR,01001
64.0,2.2,10,AR,01001
62.9,1.7,10,AR,01001
61.0,2.8,10,AR,01001
64.5,2.3,10,AR,01001
65.4,2.3,10,AR,01001
63.4,3.0,10,AR,01001
64.3,0.5,10,AR,01001
64.7,1.8,10,AR,01001
63.7,1.0,10,AR,01001
63.1,2.8,10,AR,01001
61.4,2.3,10,AR,01001
63.8,2.8,10,AR,01001
66.2,2.9,10,AR,01001
62.8,2.3,10,AR,01001
66.0,1.4,10,AR,01001
63.0,2.8,10,AR,01001
65.8,3.0,10,AR,01001
66.6,3.2,10,AR,01001
65.6,1.8,10,AR,01001
64.5,2.7,10,AR,01001
65.6,2.8,10,AR,01001
59.8,1.2,10,AR,01001
60.2,1.3,10,AR,01001
66.5,1.8,10,AR,01001
63.9,2.4,10,AR,01001
66.0,3.2,10,AR,01001
63.7,2.1,10,AR,01001
64.2,0.3,10,AR,01001
59.3,0.9,10,AR,01001
65.1,1.1,10,AR,01001
64.9,2.7,10,AR,01001
66.0,2.8,10,AR,01001
63.8,1.3,10,AR,01001
64.2,2.7,10,AR,01001
62.1,1.2,10,AR,01001
63.2,2.6,10,AR,01001
66.0,3.2,10,AR,01001
65.2,2.5,10,AR,01001
62.1,2.5,10,AR,01001
65.4,2.8,10,AR,01001
65.0,2.5,10,AR,01001
63.2,1.9,10,AR,01001
59.8,1.0,10,AR,01001
64.0,2.0,10,AR,01001
64.5,1.4,10,AR,01001
61.6,2.6,10,AR,01001
61.5,2.2,10,AR,01001
66.0,1.8,10,AR,01001
61.7,2.0,10,AR,01001
60.6,1.2,10,AR,01001
64.7,2.8,10,AR,01001
64.9,2.8,10,AR,01001
65.0,3.0,10,AR,01001
64.4,2.9,10,CA,01001
47.9,2.4,10,CA,01001
62.2,2.3,10,CA,01001
63.6,2.4,10,CA,01001
62.6,2.2,10,CA,01001
64.9,2.2,10,CA,01001
65.2,2.8,10,CA,01001
54.9,1.5,10,CA,01001
58.0,2.0,10,CA,01001
59.5,2.9,10,CA,01001
63.6,1.9,10,CA,01001
57.3,1.8,10,CA,01001
78.0,4.2,10,CA,01001
63.3,2.3,10,CA,01001
65.0,2.7,10,CA,01001
67.7,3.2,10,CA,01001
60.4,1.4,10,CA,01001
49.5,1.6,10,CA,01001
65.9,3.5,10,CA,01001
60.2,2.9,10,CA,01001
62.1,3.5,10,CA,01001
59.4,2.5,10,CA,01001
59.2,1.5,10,CA,01001
66.1,2.7,10,CA,01001
49.8,2.6,10,CA,01001
46.7,1.6,10,CA,01001
63.6,3.4,10,CA,01001
63.9,2.4,10,CA,01001
55.7,1.4,10,CA,01001
69.6,4.1,10,CA,01001
57.2,1.5,10,CA,01001
50.3,1.2,10,CA,01001
72.4,3.7,10,CA,01001
66.2,2.3,10,CA,01001
63.8,3.4,10,CA,01001
69.2,2.8,10,CA,01001
67.3,3.5,10,CA,01001
62.5,3.0,10,CA,01001
66.5,3.0,10,CA,01001
64.1,3.6,10,CA,01001
62.4,3.5,10,CA,01001
63.4,3.9,10,CA,01001
63.7,3.2,10,CA,01001
63.3,4.1,10,CA,01001
58.3,1.8,10,CA,01001
50.7,1.7,10,CA,01001
51.7,1.8,10,CA,01001
65.5,2.6,10,CA,01001
62.0,2.4,10,CA,01001
65.6,2.5,10,CA,01001
66.6,2.5,10,CA,01001
61.6,1.2,10,CA,01001
55.5,1.8,10,CA,01001
58.0,2.8,10,CA,01001
54.4,2.3,10,CA,01001
62.5,3.7,10,CA,01001
65.2,1.6,10,CA,01001
64.2,2.0,10,CA,01001
50.8,0.7,10,CO,01001
47.2,3.0,10,CO,01001
50.3,0.5,10,CO,01001
47.8,2.6,10,CO,01001
55.6,1.0,10,CO,01001
54.9,1.0,10,CO,01001
45.5,0.0,10,CO,01001
51.1,0.3,10,CO,01001
40.9,0.9,10,CO,01001
53.0,0.9,10,CO,01001
39.2,0.7,10,CO,01001
44.6,2.8,10,CO,01001
45.1,2.0,10,CO,01001
53.9,1.8,10,CO,01001
43.6,0.9,10,CO,01001
48.9,2.0,10,CO,01001
51.9,1.0,10,CO,01001
46.3,2.4,10,CO,01001
48.4,0.3,10,CO,01001
41.6,0.7,10,CO,01001
49.3,0.8,10,CO,01001
49.7,1.0,10,CO,01001
47.1,0.4,10,CO,01001
45.6,1.6,10,CO,01001
41.1,0.4,10,CO,01001
39.7,0.9,10,CO,01001
41.7,1.5,10,CO,01001
39.5,2.6,10,CO,01001
48.7,1.1,10,CO,01001
38.1,0.4,10,CO,01001
47.6,0.4,10,CO,01001
54.1,1.1,10,CO,01001
52.0,0.3,10,CO,01001
36.9,0.5,10,CO,01001
48.8,3.1,10,CO,01001
44.1,1.4,10,CO,01001
52.3,0.6,10,CO,01001
51.5,1.1,10,CO,01001
50.1,-0.2,10,CO,01001
50.0,2.6,10,CO,01001
40.6,2.5,10,CO,01001
46.3,2.1,10,CO,01001
52.1,3.0,10,CO,01001
50.3,2.9,10,CO,01001
50.4,0.8,10,CO,01001
54.7,1.3,10,CO,01001
45.0,3.1,10,CO,01001
40.5,0.4,10,CO,01001
51.1,0.6,10,CO,01001
39.8,0.5,10,CO,01001
54.9,0.4,10,CO,01001
53.8,1.4,10,CO,01001
46.2,1.6,10,CO,01001
45.1,3.8,10,CO,01001
41.8,1.1,10,CO,01001
43.6,2.3,10,CO,01001
38.2,2.8,10,CO,01001
47.9,2.8,10,CO,01001
50.2,-0.4,10,CO,01001
37.7,0.5,10,CO,01001
42.1,0.1,10,CO,01001
50.6,0.2,10,CO,01001
49.9,1.1,10,CO,01001
52.4,1.0,10,CO,01001
57.2,4.9,10,CT,01001
56.7,5.5,10,CT,01001
54.7,5.7,10,CT,01001
56.6,4.7,10,CT,01001
56.2,4.2,10,CT,01001
56.8,5.1,10,CT,01001
55.5,5.2,10,CT,01001
55.4,5.0,10,CT,01001
59.6,3.5,10,DE,01001
58.8,3.3,10,DE,01001
60.0,3.0,10,DE,01001
71.1,0.6,10,FL,01001
69.2,0.4,10,FL,01001
69.8,0.9,10,FL,01001
70.4,0.5,10,FL,01001
75.7,1.0,10,FL,01001
79.1,2.3,10,FL,01001
68.9,0.9,10,FL,01001
76.2,0.8,10,FL,01001
73.0,0.9,10,FL,01001
71.6,1.2,10,FL,01001
78.6,1.7,10,FL,01001
68.8,-0.2,10,FL,01001
75.4,0.8,10,FL,01001
71.6,1.5,10,FL,01001
71.4,1.3,10,FL,01001
68.9,0.7,10,FL,01001
73.5,1.6,10,FL,01001
69.9,0.4,10,FL,01001
68.8,0.8,10,FL,01001
70.8,0.9,10,FL,01001
76.1,0.8,10,FL,01001
69.7,0.9,10,FL,01001
67.7,-0.5,10,FL,01001
75.3,1.3,10,FL,01001
77.0,1.0,10,FL,01001
73.8,1.3,10,FL,01001
75.6,1.1,10,FL,01001
75.4,1.6,10,FL,01001
67.7,0.4,10,FL,01001
76.3,1.7,10,FL,01001
68.2,0.3,10,FL,01001
69.1,0.6,10,FL,01001
69.9,0.7,10,FL,01001
73.9,1.3,10,FL,01001
77.1,0.9,10,FL,01001
69.3,1.0,10,FL,01001
72.4,1.5,10,FL,01001
69.2,0.9,10,FL,01001
68.4,0.2,10,FL,01001
75.5,1.2,10,FL,01001
72.7,1.3,10,FL,01001
77.8,2.0,10,FL,01001
79.2,2.0,10,FL,01001
79.8,2.0,10,FL,01001
70.2,1.1,10,FL,01001
68.7,0.9,10,FL,01001
76.2,1.5,10,FL,01001
75.1,1.3,10,FL,01001
75.6,1.3,10,FL,01001
78.2,1.9,10,FL,01001
74.3,1.4,10,FL,01001
76.6,1.9,10,FL,01001
75.2,1.3,10,FL,01001
72.8,1.5,10,FL,01001
73.1,1.7,10,FL,01001
77.1,1.7,10,FL,01001
68.9,0.8,10,FL,01001
75.7,0.8,10,FL,01001
74.6,1.0,10,FL,01001
73.4,1.2,10,FL,01001
68.8,-0.1,10,FL,01001
70.2,0.9,10,FL,01001
69.7,0.2,10,FL,01001
73.9,1.1,10,FL,01001
69.9,0.8,10,FL,01001
68.5,0.8,10,FL,01001
68.4,0.6,10,FL,01001
66.7,-0.1,10,GA,01001
67.1,0.2,10,GA,01001
67.2,0.3,10,GA,01001
67.0,-0.1,10,GA,01001
64.6,0.7,10,GA,01001
62.9,2.0,10,GA,01001
63.2,2.1,10,GA,01001
62.7,1.9,10,GA,01001
66.1,0.1,10,GA,01001
66.6,-0.1,10,GA,01001
64.6,0.5,10,GA,01001
65.3,0.1,10,GA,01001
67.7,0.3,10,GA,01001
67.0,-0.4,10,GA,01001
67.0,-0.2,10,GA,01001
65.9,0.0,10,GA,01001
64.7,0.6,10,GA,01001
63.4,0.8,10,GA,01001
66.5,-0.1,10,GA,01001
69.4,0.7,10,GA,01001
65.8,0.1,10,GA,01001
62.8,2.2,10,GA,01001
62.4,2.4,10,GA,01001
68.8,0.7,10,GA,01001
68.0,0.4,10,GA,01001
65.0,-0.0,10,GA,01001
62.2,1.5,10,GA,01001
62.3,2.1,10,GA,01001
63.3,1.8,10,GA,01001
66.7,0.4,10,GA,01001
63.4,1.4,10,GA,01001
67.6,0.0,10,GA,01001
62.9,2.1,10,GA,01001
66.7,0.2,10,GA,01001
66.4,-0.4,10,GA,01001
64.9,1.5,10,GA,01001
66.5,-0.4,10,GA,01001
63.6,1.7,10,GA,01001
64.3,0.3,10,GA,01001
65.5,0.1,10,GA,01001
61.4,1.6,10,GA,01001
61.1,2.1,10,GA,01001
68.0,0.2,10,GA,01001
63.1,1.8,10,GA,01001
65.5,-0.1,10,GA,01001
65.2,0.1,10,GA,01001
66.7,-0.1,10,GA,01001
63.0,2.1,10,GA,01001
67.1,0.1,10,GA,01001
67.2,-0.6,10,GA,01001
66.4,0.3,10,GA,01001
63.6,2.2,10,GA,01001
65.7,0.6,10,GA,01001
66.0,-0.6,10,GA,01001
58.5,1.6,10,GA,01001
63.6,1.5,10,GA,01001
62.8,1.8,10,GA,01001
62.2,2.2,10,GA,01001
62.8,1.8,10,GA,01001
63.2,2.1,10,GA,01001
59.8,1.8,10,GA,01001
64.4,1.0,10,GA,01001
68.6,-0.1,10,GA,01001
62.7,1.9,10,GA,01001
67.8,0.2,10,GA,01001
63.7,1.3,10,GA,01001
62.8,2.0,10,GA,01001
60.9,1.8,10,GA,01001
62.4,2.2,10,GA,01001
64.2,1.0,10,GA,01001
62.3,2.4,10,GA,01001
63.6,0.2,10,GA,01001
63.0,2.0,10,GA,01001
63.5,1.9,10,GA,01001
63.3,1.0,10,GA,01001
65.1,0.3,10,GA,01001
66.1,-0.0,10,GA,01001
63.3,2.2,10,GA,01001
63.3,0.9,10,GA,01001
66.5,0.2,10,GA,01001
64.8,1.0,10,GA,01001
65.2,0.7,10,GA,01001
65.5,0.8,10,GA,01001
64.1,0.6,10,GA,01001
63.6,0.7,10,GA,01001
66.9,-0.2,10,GA,01001
65.6,0.3,10,GA,01001
66.2,0.1,10,GA,01001
67.0,-0.6,10,GA,01001
64.5,1.8,10,GA,01001
66.6,-0.8,10,GA,01001
66.8,-0.6,10,GA,01001
60.1,1.9,10,GA,01001
64.4,1.5,10,GA,01001
68.2,-0.4,10,GA,01001
64.9,0.2,10,GA,01001
63.3,2.2,10,GA,01001
64.4,-0.0,10,GA,01001
63.6,1.1,10,GA,01001
67.3,-0.1,10,GA,01001
67.0,-0.2,10,GA,01001
63.7,0.5,10,GA,01001
66.1,0.1,10,GA,01001
63.3,1.2,10,GA,01001
62.0,2.1,10,GA,01001
64.7,-0.1,10,GA,01001
63.0,1.1,10,GA,01001
63.4,1.7,10,GA,01001
63.5,1.9,10,GA,01001
62.7,2.2,10,GA,01001
64.6,0.3,10,GA,01001
61.4,2.0,10,GA,01001
67.6,0.3,10,GA,01001
63.8,1.0,10,GA,01001
63.0,2.4,10,GA,01001
65.5,0.1,10,GA,01001
63.8,0.9,10,GA,01001
66.3,0.6,10,GA,01001
58.3,1.4,10,GA,01001
66.0,0.3,10,GA,01001
64.8,0.7,10,GA,01001
63.1,1.4,10,GA,01001
64.8,0.1,10,GA,01001
65.1,0.2,10,GA,01001
68.0,0.2,10,GA,01001
63.7,1.0,10,GA,01001
62.1,1.3,10,GA,01001
65.4,0.3,10,GA,01001
65.6,0.3,10,GA,01001
63.8,0.1,10,GA,01001
64.1,1.7,10,GA,01001
66.1,-0.7,10,GA,01001
64.2,0.0,10,GA,01001
66.1,0.0,10,GA,01001
66.0,0.1,10,GA,01001
67.4,-0.0,10,GA,01001
66.1,-0.2,10,GA,01001
66.2,-0.1,10,GA,01001
57.8,1.8,10,GA,01001
65.9,0.3,10,GA,01001
63.6,1.2,10,GA,01001
65.6,-0.1,10,GA,01001
65.0,0.3,10,GA,01001
58.0,1.6,10,GA,01001
64.0,0.6,10,GA,01001
62.0,2.0,10,GA,01001
63.0,1.6,10,GA,01001
68.0,0.5,10,GA,01001
64.2,1.4,10,GA,01001
65.0,0.8,10,GA,01001
66.9,-0.4,10,GA,01001
65.3,0.3,10,GA,01001
66.1,0.1,10,GA,01001
60.2,2.0,10,GA,01001
62.5,2.3,10,GA,01001
65.7,0.1,10,GA,01001
64.2,2.1,10,GA,01001
65.2,0.6,10,GA,01001
66.1,-0.1,10,GA,01001
53.5,1.7,10,ID,01001
46.1,1.6,10,ID,01001
47.5,1.9,10,ID,01001
43.4,2.1,10,ID,01001
46.5,1.1,10,ID,01001
47.1,2.0,10,ID,01001
44.7,1.4,10,ID,01001
45.7,1.0,10,ID,01001
45.2,2.2,10,ID,01001
44.4,1.5,10,ID,01001
43.0,2.3,10,ID,01001
43.9,1.2,10,ID,01001
44.5,2.0,10,ID,01001
53.7,2.2,10,ID,01001
44.2,1.5,10,ID,01001
47.9,1.4,10,ID,01001
42.1,1.1,10,ID,01001
46.1,2.1,10,ID,01001
41.3,2.1,10,ID,01001
49.6,2.1,10,ID,01001
46.7,2.0,10,ID,01001
42.5,1.5,10,ID,01001
50.6,1.0,10,ID,01001
51.8,2.5,10,ID,01001
44.3,2.1,10,ID,01001
46.0,1.9,10,ID,01001
51.2,2.5,10,ID,01001
46.8,1.6,10,ID,01001
48.7,2.5,10,ID,01001
42.1,2.3,10,ID,01001
48.2,2.0,10,ID,01001
49.8,2.8,10,ID,01001
45.8,2.1,10,ID,01001
48.7,2.0,10,ID,01001
51.4,2.5,10,ID,01001
47.8,1.5,10,ID,01001
49.7,1.7,10,ID,01001
53.4,2.5,10,ID,01001
47.9,1.7,10,ID,01001
44.9,2.1,10,ID,01001
42.1,1.1,10,ID,01001
49.3,1.3,10,ID,01001
42.1,2.0,10,ID,01001
49.8,1.3,10,ID,01001
57.4,1.9,10,IL,01001
60.6,1.8,10,IL,01001
58.1,1.5,10,IL,01001
52.9,1.9,10,IL,01001
57.0,1.8,10,IL,01001
54.9,2.4,10,IL,01001
58.8,2.3,10,IL,01001
53.9,2.9,10,IL,01001
56.9,1.7,10,IL,01001
55.7,1.7,10,IL,01001
57.3,2.0,10,IL,01001
57.6,2.3,10,IL,01001
58.4,2.1,10,IL,01001
59.1,2.0,10,IL,01001
56.7,1.7,10,IL,01001
54.9,2.3,10,IL,01001
58.2,2.1,10,IL,01001
57.2,1.7,10,IL,01001
53.5,2.0,10,IL,01001
56.1,2.2,10,IL,01001
56.7,2.2,10,IL,01001
54.3,2.2,10,IL,01001
56.7,2.1,10,IL,01001
59.2,2.1,10,IL,01001
57.8,2.1,10,IL,01001
58.0,1.9,10,IL,01001
55.2,1.9,10,IL,01001
59.1,1.7,10,IL,01001
56.3,1.7,10,IL,01001
59.9,1.7,10,IL,01001
58.1,1.8,10,IL,01001
55.2,2.4,10,IL,01001
59.4,2.0,10,IL,01001
56.9,1.9,10,IL,01001
60.0,1.5,10,IL,01001
55.9,1.8,10,IL,01001
54.8,2.0,10,IL,01001
55.1,2.0,10,IL,01001
59.0,1.5,10,IL,01001
57.8,1.8,10,IL,01001
59.1,1.9,10,IL,01001
58.6,1.8,10,IL,01001
53.5,2.9,10,IL,01001
59.5,1.4,10,IL,01001
53.7,2.1,10,IL,01001
55.4,2.7,10,IL,01001
54.4,1.9,10,IL,01001
55.2,1.9,10,IL,01001
54.3,2.6,10,IL,01001
54.6,2.0,10,IL,01001
58.4,1.7,10,IL,01001
54.1,2.4,10,IL,01001
56.2,3.2,10,IL,01001
56.4,1.8,10,IL,01001
56.4,2.0,10,IL,01001
53.1,2.1,10,IL,01001
56.3,3.1,10,IL,01001
56.3,1.6,10,IL,01001
57.7,1.7,10,IL,01001
58.8,1.5,10,IL,01001
58.6,2.0,10,IL,01001
55.8,2.5,10,IL,01001
56.6,1.5,10,IL,01001
60.9,2.1,10,IL,01001
56.5,1.4,10,IL,01001
55.8,2.5,10,IL,01001
60.1,2.4,10,IL,01001
57.3,1.5,10,IL,01001
57.1,1.9,10,IL,01001
56.8,1.9,10,IL,01001
53.2,2.0,10,IL,01001
56.0,2.2,10,IL,01001
58.8,1.5,10,IL,01001
56.2,2.0,10,IL,01001
57.8,2.0,10,IL,01001
59.8,1.4,10,IL,01001
60.8,1.9,10,IL,01001
55.4,2.1,10,IL,01001
59.0,1.6,10,IL,01001
58.3,1.7,10,IL,01001
55.4,2.4,10,IL,01001
59.3,1.6,10,IL,01001
59.3,1.4,10,IL,01001
56.9,1.7,10,IL,01001
57.1,2.2,10,IL,01001
57.5,1.8,10,IL,01001
57.4,2.0,10,IL,01001
55.2,2.2,10,IL,01001
53.3,2.9,10,IL,01001
56.4,2.5,10,IL,01001
59.5,1.6,10,IL,01001
55.4,1.4,10,IL,01001
59.0,1.8,10,IL,01001
55.4,2.0,10,IL,01001
59.0,1.8,10,IL,01001
59.0,2.1,10,IL,01001
59.9,2.2,10,IL,01001
54.7,2.6,10,IL,01001
54.7,1.9,10,IL,01001
59.0,1.4,10,IL,01001
53.1,2.0,10,IL,01001
56.2,3.1,10,IL,01001
55.4,3.0,10,IN,01001
54.7,2.5,10,IN,01001
58.2,3.2,10,IN,01001
55.3,2.4,10,IN,01001
55.9,2.8,10,IN,01001
55.5,2.7,10,IN,01001
57.5,3.1,10,IN,01001
55.4,2.3,10,IN,01001
54.8,2.1,10,IN,01001
58.0,2.0,10,IN,01001
57.6,2.9,10,IN,01001
55.5,2.6,10,IN,01001
57.1,0.9,10,IN,01001
58.4,2.5,10,IN,01001
57.0,2.2,10,IN,01001
57.0,2.5,10,IN,01001
54.2,2.7,10,IN,01001
56.2,2.9,10,IN,01001
57.6,1.4,10,IN,01001
53.7,2.4,10,IN,01001
55.5,2.1,10,IN,01001
58.1,2.0,10,IN,01001
55.8,2.1,10,IN,01001
56.0,2.0,10,IN,01001
54.9,2.9,10,IN,01001
59.3,2.1,10,IN,01001
56.1,2.9,10,IN,01001
58.2,3.3,10,IN,01001
56.0,2.6,10,IN,01001
56.3,2.5,10,IN,01001
58.1,1.8,10,IN,01001
55.9,2.5,10,IN,01001
55.6,2.7,10,IN,01001
55.7,2.6,10,IN,01001
55.3,2.7,10,IN,01001
58.5,3.3,10,IN,01001
55.5,3.0,10,IN,01001
55.7,2.9,10,IN,01001
58.4,2.9,10,IN,01001
58.1,2.8,10,IN,01001
56.9,2.8,10,IN,01001
58.9,2.5,10,IN,01001
53.9,2.2,10,IN,01001
54.0,2.8,10,IN,01001
55.3,2.7,10,IN,01001
54.6,2.5,10,IN,01001
57.2,2.3,10,IN,01001
56.5,2.9,10,IN,01001
56.3,2.4,10,IN,01001
54.5,3.0,10,IN,01001
57.5,2.1,10,IN,01001
54.8,2.0,10,IN,01001
57.2,2.9,10,IN,01001
55.7,2.5,10,IN,01001
57.0,2.9,10,IN,01001
55.6,2.9,10,IN,01001
53.5,2.1,10,IN,01001
58.1,2.7,10,IN,01001
56.8,1.3,10,IN,01001
57.5,3.1,10,IN,01001
55.6,1.3,10,IN,01001
58.1,1.0,10,IN,01001
58.7,2.2,10,IN,01001
55.2,2.8,10,IN,01001
59.9,1.8,10,IN,01001
55.2,3.0,10,IN,01001
56.0,2.2,10,IN,01001
55.1,2.6,10,IN,01001
57.0,2.5,10,IN,01001
56.4,2.6,10,IN,01001
54.2,2.6,10,IN,01001
58.4,2.9,10,IN,01001
57.2,2.8,10,IN,01001
58.9,1.4,10,IN,01001
55.0,3.0,10,IN,01001
54.0,3.1,10,IN,01001
59.0,3.5,10,IN,01001
58.8,3.2,10,IN,01001
55.8,2.5,10,IN,01001
56.1,3.0,10,IN,01001
55.0,1.8,10,IN,01001
59.7,1.8,10,IN,01001
56.2,1.7,10,IN,01001
57.9,2.8,10,IN,01001
54.8,2.1,10,IN,01001
55.4,1.9,10,IN,01001
59.2,1.9,10,IN,01001
57.5,2.4,10,IN,01001
54.3,1.6,10,IN,01001
55.5,3.0,10,IN,01001
55.5,2.8,10,IN,01001
53.8,1.9,10,IN,01001
53.8,1.5,10,IA,01001
54.6,1.9,10,IA,01001
51.7,2.1,10,IA,01001
56.7,2.7,10,IA,01001
53.4,2.0,10,IA,01001
53.4,2.1,10,IA,01001
53.4,2.7,10,IA,01001
53.7,1.9,10,IA,01001
52.3,2.4,10,IA,01001
52.6,2.4,10,IA,01001
51.9,1.9,10,IA,01001
52.5,2.3,10,IA,01001
53.4,2.6,10,IA,01001
53.8,2.8,10,IA,01001
54.2,1.9,10,IA,01001
54.2,2.3,10,IA,01001
51.6,2.2,10,IA,01001
51.6,1.6,10,IA,01001
51.0,1.8,10,IA,01001
55.0,1.6,10,IA,01001
51.3,2.1,10,IA,01001
52.4,2.3,10,IA,01001
54.8,2.8,10,IA,01001
52.9,2.0,10,IA,01001
54.3,1.5,10,IA,01001
56.0,2.0,10,IA,01001
55.6,1.9,10,IA,01001
52.4,2.2,10,IA,01001
55.7,1.7,10,IA,01001
50.6,2.1,10,IA,01001
52.7,2.0,10,IA,01001
50.8,2.3,10,IA,01001
51.6,2.3,10,IA,01001
51.6,2.0,10,IA,01001
52.4,2.6,10,IA,01001
55.6,1.4,10,IA,01001
53.9,2.3,10,IA,01001
53.1,2.4,10,IA,01001
53.8,1.7,10,IA,01001
52.7,1.9,10,IA,01001
51.5,2.0,10,IA,01001
53.0,2.4,10,IA,01001
54.2,2.0,10,IA,01001
55.1,1.4,10,IA,01001
50.3,2.3,10,IA,01001
52.5,2.1,10,IA,01001
52.4,1.9,10,IA,01001
54.1,2.0,10,IA,01001
54.1,2.7,10,IA,01001
54.5,1.9,10,IA,01001
54.6,1.1,10,IA,01001
54.3,2.1,10,IA,01001
53.5,2.5,10,IA,01001
54.7,2.0,10,IA,01001
51.6,2.3,10,IA,01001
56.0,1.2,10,IA,01001
53.2,2.2,10,IA,01001
56.0,2.5,10,IA,01001
54.4,0.8,10,IA,01001
50.4,1.5,10,IA,01001
54.8,1.7,10,IA,01001
55.8,2.7,10,IA,01001
55.2,1.5,10,IA,01001
53.7,2.2,10,IA,01001
55.0,1.4,10,IA,01001
50.8,2.1,10,IA,01001
53.2,1.6,10,IA,01001
56.0,2.1,10,IA,01001
54.8,1.7,10,IA,01001
55.1,2.1,10,IA,01001
50.8,1.4,10,IA,01001
50.0,1.4,10,IA,01001
55.0,1.3,10,IA,01001
51.5,2.2,10,IA,01001
51.7,1.5,10,IA,01001
52.2,1.9,10,IA,01001
54.4,1.3,10,IA,01001
54.4,1.6,10,IA,01001
54.3,2.4,10,IA,01001
55.6,2.3,10,IA,01001
52.9,2.4,10,IA,01001
55.1,2.5,10,IA,01001
53.5,1.9,10,IA,01001
50.8,1.1,10,IA,01001
53.8,2.1,10,IA,01001
53.5,2.2,10,IA,01001
54.8,1.6,10,IA,01001
55.1,2.3,10,IA,01001
55.4,1.1,10,IA,01001
55.4,1.7,10,IA,01001
54.6,0.8,10,IA,01001
54.9,2.1,10,IA,01001
55.4,1.7,10,IA,01001
52.9,2.0,10,IA,01001
50.9,1.9,10,IA,01001
51.2,2.8,10,IA,01001
52.1,1.1,10,IA,01001
50.8,1.9,10,IA,01001
52.1,2.0,10,IA,01001
59.2,0.3,10,KS,01001
58.7,0.5,10,KS,01001
57.9,1.8,10,KS,01001
61.3,2.5,10,KS,01001
57.9,1.1,10,KS,01001
59.7,0.7,10,KS,01001
57.1,1.7,10,KS,01001
60.5,2.2,10,KS,01001
58.6,1.2,10,KS,01001
61.3,1.6,10,KS,01001
60.6,0.6,10,KS,01001
53.2,0.8,10,KS,01001
60.1,1.6,10,KS,01001
58.1,1.7,10,KS,01001
58.1,2.1,10,KS,01001
60.3,2.3,10,KS,01001
60.7,2.3,10,KS,01001
61.3,2.0,10,KS,01001
60.4,1.0,10,KS,01001
53.7,0.4,10,KS,01001
59.2,2.1,10,KS,01001
57.5,1.3,10,KS,01001
59.1,1.7,10,KS,01001
59.1,2.1,10,KS,01001
60.6,1.6,10,KS,01001
57.6,1.7,10,KS,01001
59.5,2.5,10,KS,01001
56.3,1.0,10,KS,01001
58.3,1.5,10,KS,01001
59.0,1.3,10,KS,01001
58.8,2.0,10,KS,01001
56.2,1.4,10,KS,01001
55.9,1.0,10,KS,01001
57.2,1.1,10,KS,01001
57.2,1.2,10,KS,01001
53.4,-0.0,10,KS,01001
59.9,1.7,10,KS,01001
55.2,0.2,10,KS,01001
61.3,1.8,10,KS,01001
60.1,2.0,10,KS,01001
57.1,1.0,10,KS,01001
58.0,1.4,10,KS,01001
57.6,1.7,10,KS,01001
58.7,2.0,10,KS,01001
57.0,2.3,10,KS,01001
58.6,1.3,10,KS,01001
55.8,0.8,10,KS,01001
60.4,1.9,10,KS,01001
59.9,2.4,10,KS,01001
60.7,0.5,10,KS,01001
56.6,1.6,10,KS,01001
58.6,1.6,10,KS,01001
59.2,2.8,10,KS,01001
58.8,0.4,10,KS,01001
54.9,0.8,10,KS,01001
59.2,2.0,10,KS,01001
59.6,2.2,10,KS,01001
59.2,1.8,10,KS,01001
55.0,-0.2,10,KS,01001
58.9,1.1,10,KS,01001
58.7,1.0,10,KS,01001
58.0,2.3,10,KS,01001
61.0,0.7,10,KS,01001
58.4,1.8,10,KS,01001
57.7,1.2,10,KS,01001
56.0,0.9,10,KS,01001
60.1,0.5,10,KS,01001
57.4,1.2,10,KS,01001
54.2,0.4,10,KS,01001
59.4,2.2,10,KS,01001
57.7,2.2,10,KS,01001
59.0,2.4,10,KS,01001
58.2,1.4,10,KS,01001
55.8,1.2,10,KS,01001
57.6,1.4,10,KS,01001
60.4,2.8,10,KS,01001
53.4,0.5,10,KS,01001
59.6,1.7,10,KS,01001
57.0,2.1,10,KS,01001
59.1,1.8,10,KS,01001
58.0,1.6,10,KS,01001
57.0,1.6,10,KS,01001
57.6,1.2,10,KS,01001
58.4,2.1,10,KS,01001
59.4,2.1,10,KS,01001
55.8,1.3,10,KS,01001
60.7,1.8,10,KS,01001
58.2,1.0,10,KS,01001
59.0,2.1,10,KS,01001
54.9,1.0,10,KS,01001
52.6,0.3,10,KS,01001
56.7,1.9,10,KS,01001
58.9,1.7,10,KS,01001
56.7,0.8,10,KS,01001
57.9,1.1,10,KS,01001
61.4,1.8,10,KS,01001
53.9,0.8,10,KS,01001
57.0,1.5,10,KS,01001
58.7,2.0,10,KS,01001
53.3,0.1,10,KS,01001
56.0,0.8,10,KS,01001
54.4,0.3,10,KS,01001
60.5,0.8,10,KS,01001
60.2,1.4,10,KS,01001
58.4,1.2,10,KS,01001
59.4,2.4,10,KY,01001
60.4,1.7,10,KY,01001
59.2,2.8,10,KY,01001
61.4,2.3,10,KY,01001
60.1,1.9,10,KY,01001
58.3,2.5,10,KY,01001
57.7,2.0,10,KY,01001
57.8,2.3,10,KY,01001
58.6,2.9,10,KY,01001
58.9,3.4,10,KY,01001
59.2,2.8,10,KY,01001
57.6,2.4,10,KY,01001
59.1,2.2,10,KY,01001
59.3,2.2,10,KY,01001
59.2,2.2,10,KY,01001
60.8,2.5,10,KY,01001
61.7,2.9,10,KY,01001
61.6,2.2,10,KY,01001
57.9,2.3,10,KY,01001
61.4,2.1,10,KY,01001
59.2,3.1,10,KY,01001
57.9,3.1,10,KY,01001
58.8,2.5,10,KY,01001
61.3,2.5,10,KY,01001
59.0,2.8,10,KY,01001
58.5,2.0,10,KY,01001
59.5,2.4,10,KY,01001
60.9,2.2,10,KY,01001
60.1,2.3,10,KY,01001
59.8,1.8,10,KY,01001
60.7,2.6,10,KY,01001
58.0,2.9,10,KY,01001
59.2,2.2,10,KY,01001
59.3,3.2,10,KY,01001
57.6,2.4,10,KY,01001
59.1,2.2,10,KY,01001
59.2,3.0,10,KY,01001
61.4,1.5,10,KY,01001
59.2,3.2,10,KY,01001
59.5,2.7,10,KY,01001
58.5,2.8,10,KY,01001
61.3,2.0,10,KY,01001
60.2,2.9,10,KY,01001
59.8,2.4,10,KY,01001
58.1,3.3,10,KY,01001
59.1,1.4,10,KY,01001
59.4,2.5,10,KY,01001
56.9,1.9,10,KY,01001
58.5,2.9,10,KY,01001
60.1,2.5,10,KY,01001
59.9,1.5,10,KY,01001
58.4,2.5,10,KY,01001
61.2,1.7,10,KY,01001
61.1,2.4,10,KY,01001
58.2,2.1,10,KY,01001
58.6,1.7,10,KY,01001
59.7,3.2,10,KY,01001
59.0,2.9,10,KY,01001
57.7,2.2,10,KY,01001
58.1,1.8,10,KY,01001
58.2,2.0,10,KY,01001
59.5,2.5,10,KY,01001
58.3,2.1,10,KY,01001
58.8,3.1,10,KY,01001
59.1,2.1,10,KY,01001
58.2,2.0,10,KY,01001
57.1,1.5,10,KY,01001
57.2,2.5,10,KY,01001
58.8,2.5,10,KY,01001
61.4,2.4,10,KY,01001
60.1,1.4,10,KY,01001
62.0,2.9,10,KY,01001
61.5,2.4,10,KY,01001
58.3,2.3,10,KY,01001
60.5,2.1,10,KY,01001
59.4,2.5,10,KY,01001
58.7,2.5,10,KY,01001
59.3,2.5,10,KY,01001
61.9,2.5,10,KY,01001
59.2,2.6,10,KY,01001
57.1,2.2,10,KY,01001
58.7,1.9,10,KY,01001
58.2,2.4,10,KY,01001
59.6,3.1,10,KY,01001
59.5,2.2,10,KY,01001
59.7,1.7,10,KY,01001
58.4,2.6,10,KY,01001
58.3,2.6,10,KY,01001
60.9,2.3,10,KY,01001
59.1,2.2,10,KY,01001
58.0,2.6,10,KY,01001
60.5,2.6,10,KY,01001
57.7,1.7,10,KY,01001
59.0,3.1,10,KY,01001
59.0,2.0,10,KY,01001
58.2,2.6,10,KY,01001
58.5,1.9,10,KY,01001
58.9,2.2,10,KY,01001
58.9,2.4,10,KY,01001
58.7,2.2,10,KY,01001
57.8,2.6,10,KY,01001
58.5,2.2,10,KY,01001
57.6,2.4,10,KY,01001
59.3,2.5,10,KY,01001
59.0,3.1,10,KY,01001
58.1,2.1,10,KY,01001
60.4,1.7,10,KY,01001
58.6,2.0,10,KY,01001
59.4,2.6,10,KY,01001
60.1,1.5,10,KY,01001
62.4,3.3,10,KY,01001
58.5,2.6,10,KY,01001
60.2,1.6,10,KY,01001
60.8,2.1,10,KY,01001
59.2,2.6,10,KY,01001
59.0,2.5,10,KY,01001
60.3,1.7,10,KY,01001
58.3,2.1,10,KY,01001
58.6,2.3,10,KY,01001
59.7,3.4,10,KY,01001
70.2,1.1,10,LA,01001
70.1,1.8,10,LA,01001
70.9,2.2,10,LA,01001
71.3,2.1,10,LA,01001
69.7,2.3,10,LA,01001
70.8,2.9,10,LA,01001
68.6,3.5,10,LA,01001
67.7,2.3,10,LA,01001
68.0,2.2,10,LA,01001
71.3,2.1,10,LA,01001
68.6,3.1,10,LA,01001
71.9,1.7,10,LA,01001
69.6,3.1,10,LA,01001
67.0,2.4,10,LA,01001
69.7,2.8,10,LA,01001
68.1,2.3,10,LA,01001
70.1,2.0,10,LA,01001
68.0,3.1,10,LA,01001
68.8,1.6,10,LA,01001
69.8,1.7,10,LA,01001
68.7,3.0,10,LA,01001
68.8,2.5,10,LA,01001
71.3,1.9,10,LA,01001
70.8,2.2,10,LA,01001
68.2,3.4,10,LA,01001
71.8,1.6,10,LA,01001
70.3,0.9,10,LA,01001
70.6,1.7,10,LA,01001
72.0,1.8,10,LA,01001
69.5,3.3,10,LA,01001
67.7,3.1,10,LA,01001
69.8,1.7,10,LA,01001
68.5,3.2,10,LA,01001
67.3,2.7,10,LA,01001
68.5,2.3,10,LA,01001
71.2,1.6,10,LA,01001
67.6,2.6,10,LA,01001
72.7,1.5,10,LA,01001
69.8,1.9,10,LA,01001
69.6,2.5,10,LA,01001
68.5,2.8,10,LA,01001
68.0,2.8,10,LA,01001
68.6,2.6,10,LA,01001
71.6,1.5,10,LA,01001
71.3,1.7,10,LA,01001
68.3,1.4,10,LA,01001
71.1,2.0,10,LA,01001
70.7,1.7,10,LA,01001
69.8,1.6,10,LA,01001
70.7,1.8,10,LA,01001
71.6,2.0,10,LA,01001
69.0,1.1,10,LA,01001
68.5,1.1,10,LA,01001
69.0,3.1,10,LA,01001
72.2,1.9,10,LA,01001
67.0,2.5,10,LA,01001
71.4,1.6,10,LA,01001
69.9,3.2,10,LA,01001
67.9,1.2,10,LA,01001
67.5,2.3,10,LA,01001
70.4,2.0,10,LA,01001
67.8,3.1,10,LA,01001
69.4,1.9,10,LA,01001
68.6,3.1,10,LA,01001
54.0,7.1,10,ME,01001
50.0,7.7,10,ME,01001
53.8,6.3,10,ME,01001
50.0,7.3,10,ME,01001
53.9,6.9,10,ME,01001
54.2,7.5,10,ME,01001
54.1,6.7,10,ME,01001
54.5,7.0,10,ME,01001
51.4,7.1,10,ME,01001
52.5,7.4,10,ME,01001
50.4,7.8,10,ME,01001
54.7,7.0,10,ME,01001
50.4,7.4,10,ME,01001
53.8,7.2,10,ME,01001
53.4,7.0,10,ME,01001
53.8,5.9,10,ME,01001
55.8,2.6,10,MD,01001
61.3,4.0,10,MD,01001
59.1,4.0,10,MD,01001
61.5,3.8,10,MD,01001
59.9,3.4,10,MD,01001
57.2,3.4,10,MD,01001
58.9,3.3,10,MD,01001
61.3,3.9,10,MD,01001
61.7,3.9,10,MD,01001
57.5,3.1,10,MD,01001
52.3,2.9,10,MD,01001
59.1,3.6,10,MD,01001
59.0,4.3,10,MD,01001
60.3,3.4,10,MD,01001
59.1,3.8,10,MD,01001
60.5,3.8,10,MD,01001
60.3,3.5,10,MD,01001
62.0,3.8,10,MD,01001
62.5,3.9,10,MD,01001
61.0,3.3,10,MD,01001
56.3,2.4,10,MD,01001
61.4,3.9,10,MD,01001
62.0,3.7,10,MD,01001
61.6,4.7,10,MD,01001
60.6,3.8,10,MD,01001
58.0,5.2,10,MA,01001
53.2,5.9,10,MA,01001
57.7,5.6,10,MA,01001
58.5,5.1,10,MA,01001
56.5,5.8,10,MA,01001
54.9,6.4,10,MA,01001
55.3,5.5,10,MA,01001
55.1,5.7,10,MA,01001
56.5,6.1,10,MA,01001
57.9,4.6,10,MA,01001
57.1,6.0,10,MA,01001
58.3,6.4,10,MA,01001
57.7,6.0,10,MA,01001
55.5,6.4,10,MA,01001
50.4,3.9,10,MI,01001
47.8,3.0,10,MI,01001
53.1,2.1,10,MI,01001
50.6,4.1,10,MI,01001
50.8,3.8,10,MI,01001
52.7,4.7,10,MI,01001
45.8,2.6,10,MI,01001
52.7,2.6,10,MI,01001
53.1,4.1,10,MI,01001
50.9,3.9,10,MI,01001
54.2,2.1,10,MI,01001
53.2,2.5,10,MI,01001
52.8,2.6,10,MI,01001
53.8,2.7,10,MI,01001
50.8,3.6,10,MI,01001
50.4,4.0,10,MI,01001
47.6,2.9,10,MI,01001
50.7,3.9,10,MI,01001
52.2,2.5,10,MI,01001
49.7,3.8,10,MI,01001
48.2,2.6,10,MI,01001
46.5,2.5,10,MI,01001
52.2,2.4,10,MI,01001
50.0,3.4,10,MI,01001
53.0,3.5,10,MI,01001
52.2,4.5,10,MI,01001
45.2,1.8,10,MI,01001
51.2,4.4,10,MI,01001
52.1,2.9,10,MI,01001
52.8,2.7,10,MI,01001
46.9,2.7,10,MI,01001
53.6,5.0,10,MI,01001
52.0,2.5,10,MI,01001
51.8,2.3,10,MI,01001
51.7,4.4,10,MI,01001
45.3,2.6,10,MI,01001
51.3,3.3,10,MI,01001
52.2,2.5,10,MI,01001
53.6,2.9,10,MI,01001
50.1,3.9,10,MI,01001
51.8,2.2,10,MI,01001
47.2,3.1,10,MI,01001
50.3,2.8,10,MI,01001
53.2,3.8,10,MI,01001
51.4,4.1,10,MI,01001
54.2,3.5,10,MI,01001
52.5,3.2,10,MI,01001
46.8,2.6,10,MI,01001
48.0,2.8,10,MI,01001
54.7,3.7,10,MI,01001
50.3,2.8,10,MI,01001
46.1,2.5,10,MI,01001
50.6,2.3,10,MI,01001
50.5,3.0,10,MI,01001
48.3,2.5,10,MI,01001
52.5,3.6,10,MI,01001
49.9,3.9,10,MI,01001
55.2,3.3,10,MI,01001
51.0,2.6,10,MI,01001
50.3,4.2,10,MI,01001
52.2,2.6,10,MI,01001
51.0,2.8,10,MI,01001
53.4,3.6,10,MI,01001
51.3,2.8,10,MI,01001
51.1,4.6,10,MI,01001
46.6,2.4,10,MI,01001
49.8,3.3,10,MI,01001
50.1,4.2,10,MI,01001
49.7,4.0,10,MI,01001
52.8,2.2,10,MI,01001
50.6,4.2,10,MI,01001
50.3,4.2,10,MI,01001
52.8,3.3,10,MI,01001
54.1,3.5,10,MI,01001
53.8,2.7,10,MI,01001
53.5,4.2,10,MI,01001
47.8,2.5,10,MI,01001
52.5,2.9,10,MI,01001
53.1,3.9,10,MI,01001
53.7,2.4,10,MI,01001
52.9,3.1,10,MI,01001
54.7,3.4,10,MI,01001
50.0,3.7,10,MI,01001
46.8,3.2,10,MN,01001
49.9,2.3,10,MN,01001
45.6,1.7,10,MN,01001
45.9,3.1,10,MN,01001
48.8,2.9,10,MN,01001
48.9,1.9,10,MN,01001
50.9,1.8,10,MN,01001
51.0,2.3,10,MN,01001
46.2,2.6,10,MN,01001
50.4,2.3,10,MN,01001
47.4,3.5,10,MN,01001
49.6,2.1,10,MN,01001
49.8,2.7,10,MN,01001
46.3,1.2,10,MN,01001
45.9,2.9,10,MN,01001
42.9,2.3,10,MN,01001
51.3,3.2,10,MN,01001
48.0,3.5,10,MN,01001
51.0,2.2,10,MN,01001
49.7,2.3,10,MN,01001
47.9,3.0,10,MN,01001
51.2,2.1,10,MN,01001
50.7,2.8,10,MN,01001
50.6,2.1,10,MN,01001
50.7,2.5,10,MN,01001
48.3,2.5,10,MN,01001
50.4,2.4,10,MN,01001
51.8,2.7,10,MN,01001
46.9,3.3,10,MN,01001
49.6,2.8,10,MN,01001
46.0,3.3,10,MN,01001
51.0,2.8,10,MN,01001
49.3,3.8,10,MN,01001
48.9,2.2,10,MN,01001
45.6,3.0,10,MN,01001
44.5,2.4,10,MN,01001
49.4,1.8,10,MN,01001
43.5,2.4,10,MN,01001
44.7,2.6,10,MN,01001
50.3,1.6,10,MN,01001
48.8,1.7,10,MN,01001
50.1,2.0,10,MN,01001
50.2,2.5,10,MN,01001
44.6,1.1,10,MN,01001
44.6,1.5,10,MN,01001
51.2,2.6,10,MN,01001
49.0,2.2,10,MN,01001
48.9,3.5,10,MN,01001
48.6,3.3,10,MN,01001
50.2,2.6,10,MN,01001
49.9,2.3,10,MN,01001
50.8,2.0,10,MN,01001
49.8,1.7,10,MN,01001
45.5,0.8,10,MN,01001
50.1,2.6,10,MN,01001
47.0,2.4,10,MN,01001
44.8,1.4,10,MN,01001
48.0,3.1,10,MN,01001
49.0,1.7,10,MN,01001
45.5,1.4,10,MN,01001
48.4,2.7,10,MN,01001
50.4,1.9,10,MN,01001
45.4,1.6,10,MN,01001
50.6,2.1,10,MN,01001
50.1,2.1,10,MN,01001
50.1,1.7,10,MN,01001
50.0,1.9,10,MN,01001
44.2,2.2,10,MN,01001
45.1,3.3,10,MN,01001
50.8,2.1,10,MN,01001
49.3,2.6,10,MN,01001
50.9,2.5,10,MN,01001
48.3,2.4,10,MN,01001
49.9,1.8,10,MN,01001
48.6,2.3,10,MN,01001
49.1,2.3,10,MN,01001
48.4,3.5,10,MN,01001
48.6,2.0,10,MN,01001
51.1,2.8,10,MN,01001
47.7,3.4,10,MN,01001
50.3,1.7,10,MN,01001
50.5,2.2,10,MN,01001
51.3,2.6,10,MN,01001
47.9,2.1,10,MN,01001
51.6,3.2,10,MN,01001
49.6,2.6,10,MN,01001
49.9,1.9,10,MN,01001
69.0,2.5,10,MS,01001
63.7,2.8,10,MS,01001
67.5,1.3,10,MS,01001
66.1,2.7,10,MS,01001
64.0,2.7,10,MS,01001
67.0,3.1,10,MS,01001
65.3,2.1,10,MS,01001
67.0,3.6,10,MS,01001
65.4,2.2,10,MS,01001
65.5,2.5,10,MS,01001
68.6,2.8,10,MS,01001
66.7,2.2,10,MS,01001
66.1,2.6,10,MS,01001
66.1,2.7,10,MS,01001
68.0,2.3,10,MS,01001
67.2,1.8,10,MS,01001
64.6,1.6,10,MS,01001
67.2,1.2,10,MS,01001
67.5,1.5,10,MS,01001
67.7,1.1,10,MS,01001
67.2,1.2,10,MS,01001
66.3,2.8,10,MS,01001
68.7,0.9,10,MS,01001
68.3,0.7,10,MS,01001
68.6,3.2,10,MS,01001
67.9,3.7,10,MS,01001
68.5,3.8,10,MS,01001
68.2,3.2,10,MS,01001
64.8,2.5,10,MS,01001
68.5,0.8,10,MS,01001
66.8,2.3,10,MS,01001
68.2,2.3,10,MS,01001
67.4,1.9,10,MS,01001
67.1,1.6,10,MS,01001
65.8,2.0,10,MS,01001
64.9,2.1,10,MS,01001
67.4,1.4,10,MS,01001
66.1,2.1,10,MS,01001
67.6,1.8,10,MS,01001
66.4,2.7,10,MS,01001
65.1,2.4,10,MS,01001
68.4,4.4,10,MS,01001
67.2,1.5,10,MS,01001
66.2,2.4,10,MS,01001
67.8,2.9,10,MS,01001
67.8,1.6,10,MS,01001
64.2,2.1,10,MS,01001
65.3,2.2,10,MS,01001
65.4,2.2,10,MS,01001
65.8,2.6,10,MS,01001
66.2,2.6,10,MS,01001
66.5,2.6,10,MS,01001
66.5,3.0,10,MS,01001
65.1,2.0,10,MS,01001
67.6,0.9,10,MS,01001
67.2,1.2,10,MS,01001
67.4,1.3,10,MS,01001
65.1,2.3,10,MS,01001
64.4,2.7,10,MS,01001
65.9,2.5,10,MS,01001
67.8,3.0,10,MS,01001
66.7,2.8,10,MS,01001
68.3,3.3,10,MS,01001
67.7,2.6,10,MS,01001
67.2,2.6,10,MS,01001
67.4,0.8,10,MS,01001
67.9,3.8,10,MS,01001
67.0,3.4,10,MS,01001
64.5,1.5,10,MS,01001
64.0,2.7,10,MS,01001
63.9,2.9,10,MS,01001
65.2,2.0,10,MS,01001
64.8,2.5,10,MS,01001
67.6,1.5,10,MS,01001
68.8,3.3,10,MS,01001
67.7,3.1,10,MS,01001
66.8,1.6,10,MS,01001
65.3,2.3,10,MS,01001
68.7,1.9,10,MS,01001
66.1,2.9,10,MS,01001
65.6,2.4,10,MS,01001
68.4,3.2,10,MS,01001
56.6,2.0,10,MO,01001
56.0,0.4,10,MO,01001
56.1,1.3,10,MO,01001
58.1,2.0,10,MO,01001
59.6,1.2,10,MO,01001
59.9,0.6,10,MO,01001
59.3,0.9,10,MO,01001
58.7,1.2,10,MO,01001
58.7,0.9,10,MO,01001
58.4,1.5,10,MO,01001
57.5,1.4,10,MO,01001
61.5,2.0,10,MO,01001
57.1,1.7,10,MO,01001
58.6,1.6,10,MO,01001
60.1,2.3,10,MO,01001
59.4,1.4,10,MO,01001
58.3,2.1,10,MO,01001
60.3,2.6,10,MO,01001
58.3,1.1,10,MO,01001
60.3,1.5,10,MO,01001
58.6,2.3,10,MO,01001
58.6,1.0,10,MO,01001
56.7,1.6,10,MO,01001
57.5,1.1,10,MO,01001
56.9,1.4,10,MO,01001
59.8,2.1,10,MO,01001
59.0,2.0,10,MO,01001
57.5,1.3,10,MO,01001
60.0,1.3,10,MO,01001
59.1,1.5,10,MO,01001
57.1,1.8,10,MO,01001
56.6,1.3,10,MO,01001
57.2,0.7,10,MO,01001
59.4,1.8,10,MO,01001
63.2,2.6,10,MO,01001
58.9,2.3,10,MO,01001
59.2,2.5,10,MO,01001
56.1,1.3,10,MO,01001
58.7,1.1,10,MO,01001
56.9,1.5,10,MO,01001
56.7,2.3,10,MO,01001
58.7,0.6,10,MO,01001
59.4,1.5,10,MO,01001
56.6,0.9,10,MO,01001
59.0,2.4,10,MO,01001
60.4,3.1,10,MO,01001
57.3,1.1,10,MO,01001
57.9,1.0,10,MO,01001
60.0,0.7,10,MO,01001
59.8,2.5,10,MO,01001
58.5,1.5,10,MO,01001
56.6,1.8,10,MO,01001
59.6,2.1,10,MO,01001
58.7,2.2,10,MO,01001
59.2,1.0,10,MO,01001
57.2,1.7,10,MO,01001
58.6,2.3,10,MO,01001
57.2,1.5,10,MO,01001
57.4,1.5,10,MO,01001
60.5,1.2,10,MO,01001
57.1,1.8,10,MO,01001
57.8,1.1,10,MO,01001
59.6,2.2,10,MO,01001
57.9,2.0,10,MO,01001
56.4,1.9,10,MO,01001
60.4,2.7,10,MO,01001
61.5,1.9,10,MO,01001
59.1,1.8,10,MO,01001
58.0,2.1,10,MO,01001
58.8,2.4,10,MO,01001
59.0,1.9,10,MO,01001
62.4,2.2,10,MO,01001
60.8,1.7,10,MO,01001
54.8,0.3,10,MO,01001
61.0,3.3,10,MO,01001
59.7,2.2,10,MO,01001
60.2,2.0,10,MO,01001
63.4,2.6,10,MO,01001
58.7,1.4,10,MO,01001
58.8,1.8,10,MO,01001
59.1,1.9,10,MO,01001
58.4,2.5,10,MO,01001
58.0,1.4,10,MO,01001
59.8,1.8,10,MO,01001
60.6,3.1,10,MO,01001
56.6,2.1,10,MO,01001
58.4,2.4,10,MO,01001
58.3,2.4,10,MO,01001
57.9,1.9,10,MO,01001
58.2,1.6,10,MO,01001
61.3,2.6,10,MO,01001
59.3,2.1,10,MO,01001
59.4,0.8,10,MO,01001
58.9,1.8,10,MO,01001
58.1,1.7,10,MO,01001
59.9,2.2,10,MO,01001
59.3,2.6,10,MO,01001
56.5,2.2,10,MO,01001
56.5,2.0,10,MO,01001
60.9,1.8,10,MO,01001
59.5,2.5,10,MO,01001
57.0,1.7,10,MO,01001
61.4,1.8,10,MO,01001
59.2,0.8,10,MO,01001
56.6,1.6,10,MO,01001
59.7,1.1,10,MO,01001
59.0,2.0,10,MO,01001
59.9,0.7,10,MO,01001
58.8,2.3,10,MO,01001
57.9,1.7,10,MO,01001
59.4,1.5,10,MO,01001
58.2,1.3,10,MO,01001
55.7,1.7,10,MO,01001
58.7,1.6,10,MO,01001
60.2,2.1,10,MO,01001
40.2,1.7,10,MT,01001
45.0,-0.7,10,MT,01001
42.0,-2.0,10,MT,01001
43.2,-0.1,10,MT,01001
42.8,0.0,10,MT,01001
42.3,-2.6,10,MT,01001
42.4,-2.1,10,MT,01001
43.3,-1.8,10,MT,01001
43.2,-2.9,10,MT,01001
40.6,-1.3,10,MT,01001
42.5,-2.4,10,MT,01001
38.7,0.5,10,MT,01001
42.0,-3.1,10,MT,01001
42.7,-2.3,10,MT,01001
41.0,1.1,10,MT,01001
41.0,0.5,10,MT,01001
42.6,-2.8,10,MT,01001
40.5,-0.1,10,MT,01001
43.6,-1.7,10,MT,01001
40.6,1.6,10,MT,01001
41.0,-2.2,10,MT,01001
41.6,0.5,10,MT,01001
41.2,-1.5,10,MT,01001
44.4,1.5,10,MT,01001
40.7,-0.8,10,MT,01001
41.3,-1.9,10,MT,01001
43.2,2.1,10,MT,01001
42.2,-2.6,10,MT,01001
41.2,1.0,10,MT,01001
40.8,0.5,10,MT,01001
44.2,2.2,10,MT,01001
43.0,1.8,10,MT,01001
44.0,-2.4,10,MT,01001
40.4,0.9,10,MT,01001
44.2,-2.7,10,MT,01001
42.7,-2.3,10,MT,01001
42.3,-0.5,10,MT,01001
43.6,-2.5,10,MT,01001
40.6,0.9,10,MT,01001
42.8,-2.7,10,MT,01001
42.4,2.2,10,MT,01001
42.6,-2.0,10,MT,01001
42.3,-1.5,10,MT,01001
43.3,-2.7,10,MT,01001
44.4,1.5,10,MT,01001
42.6,-0.1,10,MT,01001
40.5,0.7,10,MT,01001
43.6,-0.7,10,MT,01001
42.8,-0.5,10,MT,01001
41.6,-1.1,10,MT,01001
42.5,-0.8,10,MT,01001
44.8,-1.7,10,MT,01001
41.4,-2.2,10,MT,01001
42.4,-1.2,10,MT,01001
42.6,-2.5,10,MT,01001
45.6,-1.3,10,MT,01001
53.6,0.9,10,NE,01001
51.4,0.6,10,NE,01001
49.6,0.4,10,NE,01001
47.9,0.2,10,NE,01001
49.1,-1.4,10,NE,01001
51.9,0.9,10,NE,01001
46.9,-0.6,10,NE,01001
51.0,-0.1,10,NE,01001
48.8,-1.5,10,NE,01001
53.0,1.2,10,NE,01001
53.7,1.8,10,NE,01001
54.1,1.5,10,NE,01001
55.4,1.5,10,NE,01001
51.3,0.5,10,NE,01001
52.2,0.9,10,NE,01001
48.4,-0.4,10,NE,01001
49.0,0.0,10,NE,01001
54.6,1.6,10,NE,01001
54.0,1.9,10,NE,01001
53.1,1.5,10,NE,01001
50.8,0.3,10,NE,01001
51.8,0.6,10,NE,01001
47.4,-0.8,10,NE,01001
51.8,0.0,10,NE,01001
50.0,-0.2,10,NE,01001
51.4,0.4,10,NE,01001
54.5,2.1,10,NE,01001
54.7,1.4,10,NE,01001
52.9,0.8,10,NE,01001
56.1,2.6,10,NE,01001
55.0,1.4,10,NE,01001
52.2,0.2,10,NE,01001
53.5,0.3,10,NE,01001
55.3,1.1,10,NE,01001
49.3,0.5,10,NE,01001
49.2,-1.1,10,NE,01001
52.8,0.3,10,NE,01001
48.7,0.5,10,NE,01001
51.3,0.3,10,NE,01001
53.3,1.0,10,NE,01001
54.2,1.5,10,NE,01001
54.4,0.7,10,NE,01001
52.1,0.3,10,NE,01001
52.8,0.0,10,NE,01001
49.8,-0.7,10,NE,01001
48.6,-0.7,10,NE,01001
52.9,1.0,10,NE,01001
56.1,2.0,10,NE,01001
55.8,1.5,10,NE,01001
53.3,0.8,10,NE,01001
50.9,0.2,10,NE,01001
49.8,-0.5,10,NE,01001
47.7,0.4,10,NE,01001
51.2,0.2,10,NE,01001
55.6,1.8,10,NE,01001
50.7,-0.3,10,NE,01001
49.3,-0.9,10,NE,01001
49.4,-0.8,10,NE,01001
49.3,-0.5,10,NE,01001
52.2,1.0,10,NE,01001
53.9,1.5,10,NE,01001
48.6,0.1,10,NE,01001
53.2,1.3,10,NE,01001
56.4,1.5,10,NE,01001
55.6,2.0,10,NE,01001
55.8,1.5,10,NE,01001
55.6,0.9,10,NE,01001
51.2,0.4,10,NE,01001
53.1,0.6,10,NE,01001
51.5,0.8,10,NE,01001
53.1,1.3,10,NE,01001
54.3,1.6,10,NE,01001
53.3,0.4,10,NE,01001
56.8,1.5,10,NE,01001
48.8,-1.3,10,NE,01001
55.7,2.0,10,NE,01001
55.0,1.3,10,NE,01001
55.0,1.9,10,NE,01001
48.2,-0.2,10,NE,01001
55.2,2.0,10,NE,01001
47.2,-0.4,10,NE,01001
52.3,1.1,10,NE,01001
46.5,-0.3,10,NE,01001
52.9,1.5,10,NE,01001
56.2,2.2,10,NE,01001
48.5,-1.8,10,NE,01001
52.2,0.9,10,NE,01001
50.6,-0.0,10,NE,01001
54.6,1.8,10,NE,01001
51.7,0.9,10,NE,01001
55.5,1.9,10,NE,01001
50.2,-0.4,10,NE,01001
55.2,2.0,10,NE,01001
52.0,0.7,10,NV,01001
67.2,2.8,10,NV,01001
51.2,1.8,10,NV,01001
46.8,1.1,10,NV,01001
54.3,2.1,10,NV,01001
47.7,1.1,10,NV,01001
50.5,1.1,10,NV,01001
49.4,1.0,10,NV,01001
57.4,2.2,10,NV,01001
52.6,1.7,10,NV,01001
52.2,2.2,10,NV,01001
53.7,1.9,10,NV,01001
51.6,0.6,10,NV,01001
53.1,2.2,10,NV,01001
51.1,1.5,10,NV,01001
47.7,1.5,10,NV,01001
52.6,2.4,10,NV,01001
54.2,7.1,10,NH,01001
52.5,6.8,10,NH,01001
53.3,6.3,10,NH,01001
49.2,6.6,10,NH,01001
51.1,6.6,10,NH,01001
54.6,6.5,10,NH,01001
53.9,6.8,10,NH,01001
55.3,6.1,10,NH,01001
53.6,5.5,10,NH,01001
52.4,6.6,10,NH,01001
59.6,4.4,10,NJ,01001
58.4,4.8,10,NJ,01001
59.2,4.0,10,NJ,01001
59.5,3.9,10,NJ,01001
60.3,4.2,10,NJ,01001
59.5,4.0,10,NJ,01001
59.0,5.2,10,NJ,01001
59.7,3.9,10,NJ,01001
60.5,4.8,10,NJ,01001
56.8,4.7,10,NJ,01001
58.2,4.1,10,NJ,01001
59.2,4.8,10,NJ,01001
59.2,4.5,10,NJ,01001
56.6,5.0,10,NJ,01001
59.2,4.2,10,NJ,01001
56.8,4.9,10,NJ,01001
59.4,3.4,10,NJ,01001
57.8,4.7,10,NJ,01001
55.1,4.8,10,NJ,01001
59.6,5.2,10,NJ,01001
56.3,5.5,10,NJ,01001
57.3,4.3,10,NM,01001
52.2,3.0,10,NM,01001
62.7,4.0,10,NM,01001
52.9,3.1,10,NM,01001
49.9,1.6,10,NM,01001
59.3,2.8,10,NM,01001
60.4,3.1,10,NM,01001
65.8,4.7,10,NM,01001
64.9,3.8,10,NM,01001
60.4,4.2,10,NM,01001
58.0,2.9,10,NM,01001
56.9,2.4,10,NM,01001
64.6,4.5,10,NM,01001
63.6,3.4,10,NM,01001
57.9,3.5,10,NM,01001
51.1,3.2,10,NM,01001
65.2,4.3,10,NM,01001
52.8,2.9,10,NM,01001
50.8,2.5,10,NM,01001
61.5,3.9,10,NM,01001
59.5,2.0,10,NM,01001
49.3,2.7,10,NM,01001
59.8,2.5,10,NM,01001
53.8,3.3,10,NM,01001
55.2,3.3,10,NM,01001
55.7,2.6,10,NM,01001
52.9,3.1,10,NM,01001
61.1,3.5,10,NM,01001
57.8,3.8,10,NM,01001
46.8,2.6,10,NM,01001
54.2,3.5,10,NM,01001
54.2,1.3,10,NM,01001
58.3,3.6,10,NM,01001
55.4,5.8,10,NY,01001
52.0,4.0,10,NY,01001
60.3,4.4,10,NY,01001
53.5,4.8,10,NY,01001
52.0,3.9,10,NY,01001
53.8,4.1,10,NY,01001
53.5,4.0,10,NY,01001
53.2,4.4,10,NY,01001
52.4,4.8,10,NY,01001
52.1,6.3,10,NY,01001
55.8,5.9,10,NY,01001
52.1,4.7,10,NY,01001
51.6,4.6,10,NY,01001
56.5,5.9,10,NY,01001
53.9,4.0,10,NY,01001
49.9,5.6,10,NY,01001
50.6,6.2,10,NY,01001
52.3,5.0,10,NY,01001
53.5,3.9,10,NY,01001
53.5,5.4,10,NY,01001
48.9,5.3,10,NY,01001
50.8,5.2,10,NY,01001
53.0,5.3,10,NY,01001
60.8,4.5,10,NY,01001
51.1,5.7,10,NY,01001
53.7,4.1,10,NY,01001
52.9,5.2,10,NY,01001
54.5,4.1,10,NY,01001
54.1,4.9,10,NY,01001
59.4,4.1,10,NY,01001
60.6,4.5,10,NY,01001
54.1,3.5,10,NY,01001
53.1,5.4,10,NY,01001
54.4,5.1,10,NY,01001
53.4,3.7,10,NY,01001
55.8,5.0,10,NY,01001
53.9,3.6,10,NY,01001
53.9,5.1,10,NY,01001
51.6,4.3,10,NY,01001
57.0,5.7,10,NY,01001
60.0,4.0,10,NY,01001
55.1,6.2,10,NY,01001
60.8,4.9,10,NY,01001
57.6,5.1,10,NY,01001
52.3,6.3,10,NY,01001
54.0,5.8,10,NY,01001
55.1,5.8,10,NY,01001
52.6,4.8,10,NY,01001
52.8,3.9,10,NY,01001
54.0,3.6,10,NY,01001
52.4,4.1,10,NY,01001
58.2,4.3,10,NY,01001
53.4,5.1,10,NY,01001
53.0,4.3,10,NY,01001
52.8,4.0,10,NY,01001
54.5,5.3,10,NY,01001
51.7,5.8,10,NY,01001
54.1,6.2,10,NY,01001
54.3,3.9,10,NY,01001
58.2,5.2,10,NY,01001
52.6,4.4,10,NY,01001
52.8,3.2,10,NY,01001
60.6,1.8,10,NC,01001
60.1,2.0,10,NC,01001
54.7,2.6,10,NC,01001
62.3,0.7,10,NC,01001
52.8,1.8,10,NC,01001
51.7,1.1,10,NC,01001
62.6,0.1,10,NC,01001
62.4,1.8,10,NC,01001
63.0,0.4,10,NC,01001
63.4,-0.6,10,NC,01001
55.4,1.3,10,NC,01001
59.7,2.0,10,NC,01001
61.1,1.0,10,NC,01001
59.1,1.9,10,NC,01001
63.6,2.5,10,NC,01001
63.2,-1.5,10,NC,01001
60.2,1.8,10,NC,01001
60.9,2.0,10,NC,01001
61.6,1.7,10,NC,01001
58.1,1.5,10,NC,01001
63.4,2.2,10,NC,01001
56.8,1.7,10,NC,01001
60.7,1.4,10,NC,01001
63.2,0.1,10,NC,01001
62.3,-0.5,10,NC,01001
63.0,1.0,10,NC,01001
64.3,2.4,10,NC,01001
65.7,1.7,10,NC,01001
60.2,1.3,10,NC,01001
59.9,1.6,10,NC,01001
62.0,0.0,10,NC,01001
61.4,2.3,10,NC,01001
62.0,1.4,10,NC,01001
59.8,1.8,10,NC,01001
61.2,2.1,10,NC,01001
61.7,2.0,10,NC,01001
62.4,2.1,10,NC,01001
56.0,1.2,10,NC,01001
60.9,2.6,10,NC,01001
61.9,0.4,10,NC,01001
60.5,2.1,10,NC,01001
61.6,2.0,10,NC,01001
62.5,1.4,10,NC,01001
52.4,1.0,10,NC,01001
56.9,1.3,10,NC,01001
62.3,2.2,10,NC,01001
62.8,1.3,10,NC,01001
64.5,0.7,10,NC,01001
60.4,1.9,10,NC,01001
53.8,1.1,10,NC,01001
62.3,1.3,10,NC,01001
61.9,-0.3,10,NC,01001
62.2,1.8,10,NC,01001
61.5,-0.3,10,NC,01001
61.2,2.1,10,NC,01001
58.2,1.4,10,NC,01001
55.4,1.5,10,NC,01001
56.7,1.8,10,NC,01001
62.3,1.3,10,NC,01001
62.0,1.9,10,NC,01001
53.2,1.3,10,NC,01001
62.6,1.9,10,NC,01001
62.6,1.9,10,NC,01001
61.5,1.8,10,NC,01001
63.6,-0.5,10,NC,01001
61.6,2.0,10,NC,01001
62.7,-0.3,10,NC,01001
60.7,2.0,10,NC,01001
62.9,-0.9,10,NC,01001
63.7,2.5,10,NC,01001
63.0,0.1,10,NC,01001
63.5,2.4,10,NC,01001
60.4,2.5,10,NC,01001
62.1,0.4,10,NC,01001
61.4,2.3,10,NC,01001
61.4,1.8,10,NC,01001
62.8,1.3,10,NC,01001
63.4,0.9,10,NC,01001
60.6,2.4,10,NC,01001
60.5,1.4,10,NC,01001
60.7,1.7,10,NC,01001
62.3,0.5,10,NC,01001
63.2,1.4,10,NC,01001
61.7,1.0,10,NC,01001
59.9,2.6,10,NC,01001
59.0,2.6,10,NC,01001
53.1,0.2,10,NC,01001
55.8,1.7,10,NC,01001
64.4,1.7,10,NC,01001
61.8,1.1,10,NC,01001
61.0,2.6,10,NC,01001
62.0,2.0,10,NC,01001
61.3,2.6,10,NC,01001
63.1,1.5,10,NC,01001
52.8,1.5,10,NC,01001
62.0,0.6,10,NC,01001
59.3,2.7,10,NC,01001
62.3,1.5,10,NC,01001
59.6,2.0,10,NC,01001
53.0,1.3,10,NC,01001
43.1,-1.5,10,ND,01001
45.5,1.3,10,ND,01001
42.9,0.0,10,ND,01001
42.6,-2.0,10,ND,01001
42.3,-0.3,10,ND,01001
42.5,-2.2,10,ND,01001
40.3,-2.0,10,ND,01001
43.6,-0.9,10,ND,01001
46.4,1.2,10,ND,01001
42.9,1.4,10,ND,01001
45.1,-0.3,10,ND,01001
42.5,0.3,10,ND,01001
43.7,-0.9,10,ND,01001
43.7,0.2,10,ND,01001
45.1,-0.4,10,ND,01001
43.8,0.0,10,ND,01001
42.4,-2.4,10,ND,01001
45.3,1.1,10,ND,01001
44.0,-1.1,10,ND,01001
44.1,0.7,10,ND,01001
42.9,-1.5,10,ND,01001
43.2,-0.7,10,ND,01001
45.4,0.4,10,ND,01001
44.3,-0.0,10,ND,01001
43.4,-0.4,10,ND,01001
44.5,-0.2,10,ND,01001
42.6,-1.7,10,ND,01001
44.2,-0.2,10,ND,01001
44.6,-0.4,10,ND,01001
44.3,-0.7,10,ND,01001
41.4,-1.8,10,ND,01001
44.1,1.3,10,ND,01001
44.6,-0.4,10,ND,01001
45.3,2.2,10,ND,01001
42.9,0.3,10,ND,01001
43.3,0.7,10,ND,01001
46.8,1.3,10,ND,01001
41.2,-2.1,10,ND,01001
47.7,1.6,10,ND,01001
42.8,1.7,10,ND,01001
46.6,0.7,10,ND,01001
42.1,-1.6,10,ND,01001
44.7,-1.0,10,ND,01001
42.4,-2.5,10,ND,01001
42.8,-1.7,10,ND,01001
44.0,-0.1,10,ND,01001
44.7,0.5,10,ND,01001
42.8,1.4,10,ND,01001
45.1,0.0,10,ND,01001
45.1,1.8,10,ND,01001
42.5,-1.3,10,ND,01001
42.1,-1.3,10,ND,01001
42.4,-0.8,10,ND,01001
56.7,2.3,10,OH,01001
55.9,3.2,10,OH,01001
54.0,2.6,10,OH,01001
55.2,4.4,10,OH,01001
56.8,3.0,10,OH,01001
55.5,2.8,10,OH,01001
55.5,2.8,10,OH,01001
56.5,2.3,10,OH,01001
56.4,2.2,10,OH,01001
54.7,3.2,10,OH,01001
55.7,3.0,10,OH,01001
56.9,3.7,10,OH,01001
57.3,2.6,10,OH,01001
57.0,3.6,10,OH,01001
54.3,3.0,10,OH,01001
55.4,3.2,10,OH,01001
54.9,3.0,10,OH,01001
56.2,3.5,10,OH,01001
55.2,2.4,10,OH,01001
55.0,2.9,10,OH,01001
55.7,2.6,10,OH,01001
56.2,2.7,10,OH,01001
55.9,2.6,10,OH,01001
56.6,3.2,10,OH,01001
56.9,3.0,10,OH,01001
55.2,3.6,10,OH,01001
56.8,1.9,10,OH,01001
54.6,4.0,10,OH,01001
57.1,3.6,10,OH,01001
56.0,3.4,10,OH,01001
57.2,2.0,10,OH,01001
56.3,3.8,10,OH,01001
55.9,3.4,10,OH,01001
55.2,3.1,10,OH,01001
55.7,3.5,10,OH,01001
56.3,2.6,10,OH,01001
56.0,2.7,10,OH,01001
54.6,3.0,10,OH,01001
55.0,2.6,10,OH,01001
56.7,2.7,10,OH,01001
55.1,2.6,10,OH,01001
53.9,2.2,10,OH,01001
56.6,4.4,10,OH,01001
58.0,3.0,10,OH,01001
54.9,2.5,10,OH,01001
55.1,2.7,10,OH,01001
55.5,2.5,10,OH,01001
56.5,3.8,10,OH,01001
56.9,3.6,10,OH,01001
54.6,3.8,10,OH,01001
55.9,3.3,10,OH,01001
54.9,2.9,10,OH,01001
56.5,2.1,10,OH,01001
55.3,2.6,10,OH,01001
56.6,3.3,10,OH,01001
56.0,2.7,10,OH,01001
56.8,3.1,10,OH,01001
56.6,3.2,10,OH,01001
54.2,2.5,10,OH,01001
56.2,3.4,10,OH,01001
56.3,3.1,10,OH,01001
56.4,2.9,10,OH,01001
55.5,2.9,10,OH,01001
56.0,3.2,10,OH,01001
56.8,2.6,10,OH,01001
57.1,3.0,10,OH,01001
54.6,3.7,10,OH,01001
54.9,2.0,10,OH,01001
55.9,3.2,10,OH,01001
53.7,2.6,10,OH,01001
56.8,2.8,10,OH,01001
56.0,2.8,10,OH,01001
57.5,3.0,10,OH,01001
55.6,3.0,10,OH,01001
55.6,2.9,10,OH,01001
54.8,3.4,10,OH,01001
55.2,3.3,10,OH,01001
54.8,4.1,10,OH,01001
55.4,3.4,10,OH,01001
55.8,2.8,10,OH,01001
55.6,2.9,10,OH,01001
56.2,2.6,10,OH,01001
57.2,3.0,10,OH,01001
57.3,3.1,10,OH,01001
54.6,2.9,10,OH,01001
54.3,2.9,10,OH,01001
56.4,3.6,10,OH,01001
56.3,3.7,10,OH,01001
61.3,0.7,10,OK,01001
61.7,1.5,10,OK,01001
64.7,1.0,10,OK,01001
59.7,1.1,10,OK,01001
63.6,2.6,10,OK,01001
62.0,0.9,10,OK,01001
66.1,1.7,10,OK,01001
63.2,1.3,10,OK,01001
62.6,1.0,10,OK,01001
65.0,0.8,10,OK,01001
61.6,-0.0,10,OK,01001
65.5,1.6,10,OK,01001
57.1,1.2,10,OK,01001
63.2,0.6,10,OK,01001
64.3,0.6,10,OK,01001
64.2,1.1,10,OK,01001
65.4,1.3,10,OK,01001
61.0,-0.0,10,OK,01001
61.3,-0.7,10,OK,01001
62.4,1.7,10,OK,01001
60.5,-0.1,10,OK,01001
61.5,1.4,10,OK,01001
60.9,1.7,10,OK,01001
62.1,1.2,10,OK,01001
64.2,0.9,10,OK,01001
63.3,1.0,10,OK,01001
62.0,1.6,10,OK,01001
64.4,2.3,10,OK,01001
64.4,2.0,10,OK,01001
60.6,1.2,10,OK,01001
63.6,0.6,10,OK,01001
62.7,-0.4,10,OK,01001
65.2,2.1,10,OK,01001
65.5,0.9,10,OK,01001
65.2,1.2,10,OK,01001
62.1,1.5,10,OK,01001
62.4,0.5,10,OK,01001
64.2,1.9,10,OK,01001
63.3,0.6,10,OK,01001
63.5,1.6,10,OK,01001
62.2,-0.1,10,OK,01001
62.0,0.1,10,OK,01001
65.8,0.9,10,OK,01001
63.5,0.9,10,OK,01001
64.3,1.8,10,OK,01001
62.7,-0.5,10,OK,01001
61.6,0.9,10,OK,01001
65.8,1.1,10,OK,01001
61.1,-0.7,10,OK,01001
64.8,1.1,10,OK,01001
62.6,-0.4,10,OK,01001
62.5,1.2,10,OK,01001
61.2,0.2,10,OK,01001
61.8,-0.9,10,OK,01001
62.7,0.5,10,OK,01001
61.7,-1.2,10,OK,01001
61.7,0.9,10,OK,01001
61.3,0.7,10,OK,01001
62.4,1.0,10,OK,01001
62.4,0.7,10,OK,01001
63.0,-0.3,10,OK,01001
64.2,0.9,10,OK,01001
63.2,0.5,10,OK,01001
64.3,1.5,10,OK,01001
62.5,2.4,10,OK,01001
61.2,-0.6,10,OK,01001
63.0,0.2,10,OK,01001
63.4,1.0,10,OK,01001
64.1,0.6,10,OK,01001
59.1,1.5,10,OK,01001
65.6,1.8,10,OK,01001
61.2,-0.9,10,OK,01001
61.8,-0.9,10,OK,01001
61.3,0.4,10,OK,01001
63.2,1.7,10,OK,01001
60.9,1.3,10,OK,01001
60.8,1.2,10,OK,01001
48.1,2.1,10,OR,01001
54.1,0.9,10,OR,01001
51.4,2.2,10,OR,01001
53.6,2.5,10,OR,01001
53.6,2.3,10,OR,01001
56.4,2.7,10,OR,01001
48.2,1.8,10,OR,01001
56.4,2.3,10,OR,01001
46.8,1.8,10,OR,01001
53.8,1.9,10,OR,01001
52.1,2.0,10,OR,01001
46.9,2.0,10,OR,01001
48.1,2.0,10,OR,01001
48.3,1.9,10,OR,01001
53.3,2.0,10,OR,01001
49.5,1.7,10,OR,01001
54.0,2.0,10,OR,01001
47.2,2.2,10,OR,01001
47.3,1.8,10,OR,01001
52.7,1.6,10,OR,01001
54.3,1.0,10,OR,01001
51.7,1.5,10,OR,01001
49.6,1.5,10,OR,01001
52.3,1.8,10,OR,01001
51.5,2.1,10,OR,01001
54.4,2.5,10,OR,01001
54.2,1.6,10,OR,01001
52.4,2.2,10,OR,01001
52.9,1.9,10,OR,01001
50.8,2.4,10,OR,01001
46.8,1.9,10,OR,01001
46.0,1.8,10,OR,01001
50.6,1.8,10,OR,01001
53.6,2.1,10,OR,01001
49.4,1.4,10,OR,01001
54.3,1.8,10,OR,01001
56.7,3.3,10,PA,01001
55.8,2.9,10,PA,01001
53.9,2.7,10,PA,01001
54.6,2.3,10,PA,01001
54.3,2.7,10,PA,01001
56.3,3.5,10,PA,01001
53.6,2.7,10,PA,01001
52.8,4.2,10,PA,01001
57.3,4.1,10,PA,01001
53.8,2.7,10,PA,01001
52.0,2.6,10,PA,01001
52.4,3.1,10,PA,01001
53.6,4.5,10,PA,01001
53.5,2.8,10,PA,01001
57.0,3.2,10,PA,01001
52.7,3.0,10,PA,01001
52.6,3.2,10,PA,01001
53.3,3.1,10,PA,01001
54.1,3.9,10,PA,01001
53.6,4.2,10,PA,01001
56.7,3.6,10,PA,01001
56.6,4.2,10,PA,01001
59.4,3.9,10,PA,01001
52.4,4.2,10,PA,01001
53.9,3.9,10,PA,01001
54.4,2.3,10,PA,01001
52.3,3.6,10,PA,01001
55.9,2.9,10,PA,01001
55.2,2.7,10,PA,01001
55.2,2.5,10,PA,01001
54.9,2.9,10,PA,01001
53.2,2.5,10,PA,01001
52.6,3.6,10,PA,01001
56.1,3.4,10,PA,01001
53.3,4.7,10,PA,01001
56.9,3.5,10,PA,01001
54.2,2.9,10,PA,01001
56.3,4.0,10,PA,01001
56.1,4.2,10,PA,01001
53.4,4.3,10,PA,01001
53.4,3.8,10,PA,01001
52.3,4.7,10,PA,01001
53.9,3.8,10,PA,01001
55.5,3.2,10,PA,01001
53.4,4.6,10,PA,01001
58.1,4.2,10,PA,01001
54.9,3.9,10,PA,01001
56.0,4.7,10,PA,01001
54.9,3.7,10,PA,01001
56.3,3.5,10,PA,01001
59.8,4.2,10,PA,01001
53.5,4.8,10,PA,01001
51.4,3.6,10,PA,01001
54.4,4.0,10,PA,01001
55.3,3.4,10,PA,01001
52.2,2.8,10,PA,01001
51.5,4.0,10,PA,01001
53.2,4.7,10,PA,01001
52.0,4.1,10,PA,01001
54.8,3.6,10,PA,01001
53.2,3.6,10,PA,01001
52.4,4.0,10,PA,01001
55.4,2.9,10,PA,01001
53.0,4.9,10,PA,01001
55.0,2.8,10,PA,01001
53.6,4.6,10,PA,01001
57.3,4.0,10,PA,01001
58.2,4.9,10,RI,01001
56.6,4.9,10,RI,01001
57.9,4.6,10,RI,01001
56.2,5.0,10,RI,01001
57.4,5.1,10,RI,01001
63.5,1.6,10,SC,01001
64.4,0.7,10,SC,01001
64.0,-0.5,10,SC,01001
62.7,1.5,10,SC,01001
63.4,-1.0,10,SC,01001
63.9,-0.2,10,SC,01001
67.4,0.2,10,SC,01001
65.4,0.3,10,SC,01001
64.4,0.2,10,SC,01001
66.6,0.5,10,SC,01001
61.2,1.1,10,SC,01001
62.0,0.5,10,SC,01001
62.3,0.5,10,SC,01001
64.1,-0.0,10,SC,01001
64.9,-0.3,10,SC,01001
63.4,0.6,10,SC,01001
63.8,0.9,10,SC,01001
65.3,0.3,10,SC,01001
64.3,1.1,10,SC,01001
63.0,0.6,10,SC,01001
64.2,0.6,10,SC,01001
64.3,-0.6,10,SC,01001
61.8,1.6,10,SC,01001
63.3,1.1,10,SC,01001
64.8,-0.2,10,SC,01001
63.7,-0.2,10,SC,01001
66.4,0.2,10,SC,01001
63.2,0.8,10,SC,01001
62.0,0.9,10,SC,01001
62.4,0.9,10,SC,01001
63.7,0.7,10,SC,01001
64.2,1.2,10,SC,01001
64.2,1.5,10,SC,01001
64.1,0.5,10,SC,01001
63.3,0.7,10,SC,01001
63.2,1.1,10,SC,01001
60.8,0.6,10,SC,01001
64.0,-0.3,10,SC,01001
61.5,1.5,10,SC,01001
64.2,0.6,10,SC,01001
63.8,1.5,10,SC,01001
62.1,1.6,10,SC,01001
64.5,0.8,10,SC,01001
61.9,0.6,10,SC,01001
64.0,-0.2,10,SC,01001
61.5,0.9,10,SC,01001
49.8,0.6,10,SD,01001
48.3,0.1,10,SD,01001
47.1,-1.3,10,SD,01001
51.1,0.3,10,SD,01001
47.7,0.8,10,SD,01001
47.0,0.7,10,SD,01001
50.0,0.5,10,SD,01001
48.7,-0.1,10,SD,01001
44.9,-2.0,10,SD,01001
46.5,-0.0,10,SD,01001
51.1,0.3,10,SD,01001
47.0,0.6,10,SD,01001
51.5,0.8,10,SD,01001
46.4,0.9,10,SD,01001
45.4,-1.2,10,SD,01001
45.6,-1.1,10,SD,01001
50.0,0.3,10,SD,01001
46.4,0.8,10,SD,01001
47.7,1.5,10,SD,01001
46.6,-1.1,10,SD,01001
50.5,0.5,10,SD,01001
46.4,-0.1,10,SD,01001
47.1,-1.1,10,SD,01001
46.8,-0.2,10,SD,01001
47.9,1.4,10,SD,01001
50.6,0.2,10,SD,01001
47.4,-1.4,10,SD,01001
46.7,0.7,10,SD,01001
47.4,-0.5,10,SD,01001
50.3,0.7,10,SD,01001
43.0,-2.2,10,SD,01001
47.8,-1.2,10,SD,01001
50.8,0.8,10,SD,01001
46.8,-0.7,10,SD,01001
48.5,-1.0,10,SD,01001
48.5,-0.2,10,SD,01001
48.5,-1.2,10,SD,01001
47.5,0.3,10,SD,01001
48.6,0.8,10,SD,01001
42.0,-2.3,10,SD,01001
50.7,1.2,10,SD,01001
49.4,-0.3,10,SD,01001
50.3,1.3,10,SD,01001
45.4,-0.2,10,SD,01001
46.3,0.6,10,SD,01001
46.4,-1.5,10,SD,01001
49.0,-1.0,10,SD,01001
49.1,0.6,10,SD,01001
50.2,1.7,10,SD,01001
48.7,1.0,10,SD,01001
47.7,-1.0,10,SD,01001
46.4,-0.9,10,SD,01001
44.4,-1.4,10,SD,01001
46.2,-0.7,10,SD,01001
47.8,1.4,10,SD,01001
49.1,-0.1,10,SD,01001
47.8,0.3,10,SD,01001
47.4,-1.8,10,SD,01001
46.4,-1.7,10,SD,01001
48.2,-1.1,10,SD,01001
50.0,-0.1,10,SD,01001
51.0,1.3,10,SD,01001
51.5,0.9,10,SD,01001
46.9,0.2,10,SD,01001
51.3,0.8,10,SD,01001
46.6,-1.0,10,SD,01001
59.5,1.7,10,TN,01001
61.8,2.4,10,TN,01001
61.8,2.5,10,TN,01001
59.2,1.4,10,TN,01001
60.2,1.7,10,TN,01001
61.6,1.9,10,TN,01001
57.8,1.7,10,TN,01001
60.7,2.1,10,TN,01001
61.9,2.4,10,TN,01001
55.8,1.8,10,TN,01001
60.9,1.8,10,TN,01001
62.9,3.0,10,TN,01001
58.2,1.8,10,TN,01001
60.2,1.9,10,TN,01001
59.2,1.5,10,TN,01001
60.4,2.0,10,TN,01001
62.8,2.6,10,TN,01001
57.2,1.2,10,TN,01001
61.9,2.3,10,TN,01001
62.4,2.6,10,TN,01001
60.6,1.9,10,TN,01001
60.6,2.1,10,TN,01001
62.9,2.5,10,TN,01001
64.1,3.0,10,TN,01001
57.7,2.0,10,TN,01001
60.6,1.6,10,TN,01001
62.2,2.3,10,TN,01001
62.0,2.5,10,TN,01001
59.4,1.9,10,TN,01001
59.0,1.2,10,TN,01001
58.7,1.6,10,TN,01001
59.9,1.7,10,TN,01001
61.6,1.9,10,TN,01001
58.8,1.9,10,TN,01001
63.6,3.2,10,TN,01001
63.2,3.1,10,TN,01001
59.4,1.7,10,TN,01001
63.4,2.8,10,TN,01001
62.3,2.7,10,TN,01001
61.7,2.3,10,TN,01001
61.3,2.5,10,TN,01001
61.7,2.8,10,TN,01001
61.5,2.6,10,TN,01001
60.7,1.9,10,TN,01001
60.3,1.8,10,TN,01001
54.1,1.6,10,TN,01001
60.8,2.0,10,TN,01001
62.5,2.1,10,TN,01001
63.6,2.5,10,TN,01001
61.7,2.7,10,TN,01001
61.3,2.6,10,TN,01001
61.8,2.0,10,TN,01001
61.3,2.0,10,TN,01001
61.3,2.0,10,TN,01001
63.3,3.0,10,TN,01001
60.2,1.7,10,TN,01001
62.8,2.8,10,TN,01001
60.6,1.6,10,TN,01001
61.9,2.6,10,TN,01001
61.6,2.5,10,TN,01001
61.0,1.7,10,TN,01001
60.4,2.0,10,TN,01001
60.8,1.9,10,TN,01001
61.3,2.1,10,TN,01001
58.1,1.7,10,TN,01001
61.4,1.4,10,TN,01001
59.1,1.8,10,TN,01001
61.8,2.5,10,TN,01001
59.2,2.3,10,TN,01001
60.6,1.7,10,TN,01001
59.6,1.8,10,TN,01001
60.2,1.5,10,TN,01001
60.6,1.9,10,TN,01001
60.5,1.6,10,TN,01001
61.8,2.3,10,TN,01001
57.7,2.3,10,TN,01001
59.7,1.6,10,TN,01001
57.7,0.9,10,TN,01001
65.0,2.5,10,TN,01001
60.9,1.6,10,TN,01001
62.5,3.3,10,TN,01001
58.6,2.1,10,TN,01001
60.9,1.8,10,TN,01001
64.2,2.6,10,TN,01001
61.0,1.7,10,TN,01001
55.6,1.3,10,TN,01001
58.9,1.6,10,TN,01001
58.9,1.6,10,TN,01001
60.2,2.1,10,TN,01001
58.8,1.7,10,TN,01001
62.0,2.8,10,TN,01001
61.6,1.8,10,TN,01001
59.4,1.6,10,TN,01001
61.5,2.5,10,TN,01001
61.3,1.8,10,TN,01001
68.3,1.1,10,TX,01001
66.1,3.2,10,TX,01001
68.8,1.4,10,TX,01001
75.2,2.1,10,TX,01001
67.5,2.4,10,TX,01001
62.5,3.0,10,TX,01001
74.0,2.4,10,TX,01001
72.9,3.1,10,TX,01001
60.3,2.3,10,TX,01001
70.4,2.8,10,TX,01001
71.9,2.5,10,TX,01001
68.1,3.2,10,TX,01001
74.1,1.9,10,TX,01001
69.1,1.5,10,TX,01001
72.8,2.5,10,TX,01001
70.1,2.4,10,TX,01001
65.6,1.5,10,TX,01001
68.1,1.0,10,TX,01001
66.5,2.2,10,TX,01001
72.3,1.2,10,TX,01001
71.6,2.8,10,TX,01001
68.9,3.6,10,TX,01001
63.0,2.3,10,TX,01001
76.6,2.9,10,TX,01001
68.9,3.0,10,TX,01001
72.0,3.1,10,TX,01001
69.7,2.1,10,TX,01001
72.6,3.0,10,TX,01001
74.2,2.1,10,TX,01001
67.2,1.9,10,TX,01001
77.5,1.9,10,TX,01001
66.4,1.1,10,TX,01001
62.0,3.5,10,TX,01001
66.9,1.7,10,TX,01001
60.6,2.7,10,TX,01001
72.6,2.3,10,TX,01001
68.5,1.4,10,TX,01001
64.6,1.8,10,TX,01001
66.7,1.7,10,TX,01001
60.7,1.8,10,TX,01001
67.4,2.3,10,TX,01001
68.6,3.0,10,TX,01001
66.9,1.2,10,TX,01001
63.5,2.2,10,TX,01001
73.5,3.4,10,TX,01001
71.6,2.5,10,TX,01001
68.3,2.4,10,TX,01001
68.5,3.0,10,TX,01001
66.4,1.2,10,TX,01001
68.6,1.4,10,TX,01001
65.2,1.7,10,TX,01001
69.4,3.6,10,TX,01001
68.4,2.7,10,TX,01001
62.5,1.0,10,TX,01001
65.6,3.7,10,TX,01001
57.2,1.3,10,TX,01001
67.8,0.7,10,TX,01001
64.1,1.0,10,TX,01001
59.9,2.8,10,TX,01001
66.4,1.3,10,TX,01001
67.5,1.2,10,TX,01001
74.0,3.0,10,TX,01001
64.5,1.4,10,TX,01001
74.8,2.6,10,TX,01001
62.9,2.7,10,TX,01001
74.9,2.3,10,TX,01001
67.2,1.9,10,TX,01001
67.6,3.6,10,TX,01001
69.1,2.7,10,TX,01001
68.0,0.5,10,TX,01001
68.9,5.6,10,TX,01001
67.8,1.9,10,TX,01001
68.8,1.0,10,TX,01001
66.6,1.8,10,TX,01001
73.0,3.1,10,TX,01001
66.3,1.9,10,TX,01001
61.6,1.4,10,TX,01001
66.7,2.6,10,TX,01001
72.4,1.9,10,TX,01001
66.4,1.2,10,TX,01001
68.8,1.2,10,TX,01001
73.7,2.3,10,TX,01001
63.6,1.7,10,TX,01001
73.2,1.9,10,TX,01001
65.0,1.5,10,TX,01001
68.7,2.4,10,TX,01001
66.6,2.3,10,TX,01001
73.9,2.2,10,TX,01001
73.8,3.3,10,TX,01001
62.7,3.7,10,TX,01001
66.4,1.2,10,TX,01001
67.2,0.8,10,TX,01001
71.0,2.2,10,TX,01001
73.0,2.9,10,TX,01001
61.2,1.8,10,TX,01001
64.2,2.0,10,TX,01001
68.4,2.0,10,TX,01001
61.2,2.8,10,TX,01001
65.7,2.2,10,TX,01001
70.7,2.4,10,TX,01001
72.2,1.9,10,TX,01001
67.4,1.1,10,TX,01001
58.6,1.8,10,TX,01001
67.4,2.4,10,TX,01001
70.8,2.2,10,TX,01001
62.1,2.7,10,TX,01001
67.4,0.6,10,TX,01001
77.5,2.2,10,TX,01001
68.2,0.6,10,TX,01001
61.4,1.6,10,TX,01001
68.0,1.3,10,TX,01001
66.4,1.1,10,TX,01001
68.6,0.7,10,TX,01001
66.5,1.8,10,TX,01001
66.2,4.6,10,TX,01001
66.5,1.1,10,TX,01001
63.0,3.5,10,TX,01001
67.0,2.1,10,TX,01001
66.9,1.9,10,TX,01001
73.3,2.3,10,TX,01001
69.9,2.6,10,TX,01001
64.7,3.5,10,TX,01001
72.1,2.3,10,TX,01001
76.4,2.9,10,TX,01001
75.1,2.1,10,TX,01001
67.8,0.9,10,TX,01001
66.8,1.6,10,TX,01001
73.9,2.6,10,TX,01001
67.0,-0.0,10,TX,01001
70.2,2.6,10,TX,01001
76.8,2.6,10,TX,01001
66.2,2.0,10,TX,01001
68.3,2.4,10,TX,01001
67.9,2.6,10,TX,01001
66.5,2.3,10,TX,01001
73.1,2.9,10,TX,01001
76.3,2.7,10,TX,01001
67.5,2.8,10,TX,01001
65.7,1.0,10,TX,01001
60.6,1.8,10,TX,01001
69.2,2.3,10,TX,01001
74.8,2.2,10,TX,01001
73.7,3.3,10,TX,01001
71.7,2.7,10,TX,01001
69.2,1.3,10,TX,01001
71.5,2.3,10,TX,01001
68.7,1.1,10,TX,01001
60.6,1.8,10,TX,01001
74.4,2.0,10,TX,01001
70.2,2.9,10,TX,01001
68.5,4.3,10,TX,01001
62.2,1.8,10,TX,01001
63.2,1.3,10,TX,01001
69.0,3.2,10,TX,01001
68.3,0.7,10,TX,01001
74.6,2.1,10,TX,01001
69.8,1.5,10,TX,01001
67.0,1.1,10,TX,01001
66.3,2.3,10,TX,01001
69.1,2.9,10,TX,01001
72.7,1.5,10,TX,01001
74.8,3.0,10,TX,01001
72.5,2.6,10,TX,01001
67.8,3.0,10,TX,01001
67.2,2.8,10,TX,01001
70.5,2.2,10,TX,01001
69.1,2.9,10,TX,01001
66.5,1.9,10,TX,01001
66.6,1.7,10,TX,01001
71.1,1.9,10,TX,01001
60.9,2.6,10,TX,01001
66.6,1.4,10,TX,01001
63.7,1.2,10,TX,01001
67.8,0.8,10,TX,01001
68.5,0.9,10,TX,01001
70.2,3.0,10,TX,01001
66.0,1.9,10,TX,01001
75.6,2.3,10,TX,01001
61.0,2.3,10,TX,01001
59.8,1.9,10,TX,01001
71.5,2.5,10,TX,01001
67.7,1.9,10,TX,01001
67.6,1.0,10,TX,01001
67.3,1.2,10,TX,01001
60.4,3.2,10,TX,01001
68.5,3.8,10,TX,01001
69.8,1.7,10,TX,01001
61.5,2.9,10,TX,01001
68.3,3.7,10,TX,01001
66.0,0.3,10,TX,01001
60.8,2.7,10,TX,01001
67.1,2.5,10,TX,01001
69.3,2.6,10,TX,01001
65.6,1.4,10,TX,01001
68.3,3.9,10,TX,01001
74.3,1.9,10,TX,01001
63.0,3.7,10,TX,01001
70.3,2.1,10,TX,01001
66.8,0.5,10,TX,01001
68.1,2.6,10,TX,01001
67.7,1.0,10,TX,01001
68.8,2.4,10,TX,01001
67.9,1.1,10,TX,01001
70.0,1.3,10,TX,01001
74.9,1.8,10,TX,01001
69.7,3.2,10,TX,01001
66.9,2.3,10,TX,01001
65.9,1.9,10,TX,01001
67.4,1.9,10,TX,01001
67.4,0.9,10,TX,01001
59.7,2.2,10,TX,01001
67.0,0.8,10,TX,01001
68.1,1.2,10,TX,01001
77.8,3.1,10,TX,01001
67.3,2.0,10,TX,01001
66.8,2.2,10,TX,01001
67.0,2.3,10,TX,01001
67.7,2.6,10,TX,01001
61.1,2.3,10,TX,01001
67.9,0.9,10,TX,01001
66.8,1.8,10,TX,01001
70.6,3.8,10,TX,01001
62.3,1.1,10,TX,01001
67.8,2.7,10,TX,01001
66.4,1.5,10,TX,01001
67.7,2.2,10,TX,01001
70.7,1.9,10,TX,01001
68.9,0.9,10,TX,01001
69.8,2.3,10,TX,01001
66.6,0.8,10,TX,01001
68.4,2.9,10,TX,01001
72.4,2.7,10,TX,01001
71.8,3.2,10,TX,01001
66.3,0.0,10,TX,01001
73.5,2.1,10,TX,01001
69.7,1.1,10,TX,01001
72.2,2.5,10,TX,01001
69.4,4.1,10,TX,01001
72.3,3.0,10,TX,01001
75.0,1.9,10,TX,01001
72.9,2.2,10,TX,01001
63.1,3.1,10,TX,01001
66.7,2.0,10,TX,01001
66.9,2.6,10,TX,01001
77.1,2.1,10,TX,01001
69.8,1.7,10,TX,01001
73.6,2.6,10,TX,01001
68.4,4.2,10,TX,01001
67.0,1.4,10,TX,01001
66.0,0.4,10,TX,01001
61.8,1.8,10,TX,01001
67.5,2.4,10,TX,01001
76.8,2.4,10,TX,01001
74.2,2.6,10,TX,01001
50.6,1.7,10,UT,01001
50.0,1.8,10,UT,01001
46.1,2.0,10,UT,01001
47.6,2.4,10,UT,01001
43.2,0.9,10,UT,01001
51.4,2.3,10,UT,01001
44.5,2.1,10,UT,01001
53.0,2.4,10,UT,01001
51.6,2.8,10,UT,01001
53.5,2.6,10,UT,01001
51.0,2.1,10,UT,01001
51.3,1.2,10,UT,01001
55.1,2.3,10,UT,01001
51.9,1.2,10,UT,01001
46.4,2.2,10,UT,01001
46.6,2.8,10,UT,01001
43.0,1.7,10,UT,01001
50.6,1.8,10,UT,01001
56.2,3.2,10,UT,01001
46.8,2.1,10,UT,01001
47.4,2.2,10,UT,01001
41.0,1.4,10,UT,01001
51.3,0.9,10,UT,01001
48.5,1.9,10,UT,01001
48.8,1.7,10,UT,01001
44.0,2.3,10,UT,01001
58.4,1.9,10,UT,01001
54.5,3.6,10,UT,01001
48.7,2.6,10,UT,01001
53.0,6.6,10,VT,01001
51.5,6.4,10,VT,01001
50.8,6.5,10,VT,01001
53.2,6.6,10,VT,01001
49.7,6.3,10,VT,01001
52.6,6.4,10,VT,01001
54.2,6.2,10,VT,01001
50.8,6.6,10,VT,01001
51.7,6.7,10,VT,01001
50.5,6.5,10,VT,01001
52.2,6.5,10,VT,01001
51.0,6.5,10,VT,01001
52.3,6.3,10,VT,01001
52.1,6.7,10,VT,01001
62.6,3.1,10,VA,01001
59.9,3.8,10,VA,01001
56.1,2.1,10,VA,01001
60.0,2.5,10,VA,01001
57.8,2.1,10,VA,01001
59.0,2.6,10,VA,01001
60.6,3.9,10,VA,01001
56.2,2.7,10,VA,01001
55.0,2.1,10,VA,01001
58.4,1.9,10,VA,01001
53.4,1.5,10,VA,01001
57.7,1.9,10,VA,01001
60.8,2.5,10,VA,01001
57.2,2.5,10,VA,01001
59.7,2.9,10,VA,01001
58.5,2.0,10,VA,01001
60.2,3.0,10,VA,01001
55.5,2.7,10,VA,01001
62.2,2.3,10,VA,01001
59.0,2.0,10,VA,01001
60.8,2.5,10,VA,01001
57.8,3.5,10,VA,01001
56.6,2.7,10,VA,01001
58.9,3.3,10,VA,01001
59.6,2.5,10,VA,01001
56.5,1.8,10,VA,01001
60.8,2.5,10,VA,01001
61.0,2.7,10,VA,01001
60.2,3.9,10,VA,01001
58.8,3.7,10,VA,01001
55.1,2.6,10,VA,01001
60.1,3.4,10,VA,01001
58.6,2.4,10,VA,01001
56.6,3.0,10,VA,01001
55.4,2.3,10,VA,01001
62.3,2.3,10,VA,01001
59.8,2.8,10,VA,01001
53.2,2.4,10,VA,01001
58.5,3.7,10,VA,01001
60.8,1.8,10,VA,01001
59.6,2.1,10,VA,01001
60.5,2.9,10,VA,01001
61.2,2.8,10,VA,01001
59.5,2.4,10,VA,01001
52.0,1.7,10,VA,01001
62.1,1.9,10,VA,01001
62.4,2.4,10,VA,01001
61.0,2.4,10,VA,01001
61.1,3.4,10,VA,01001
60.9,2.5,10,VA,01001
61.6,2.4,10,VA,01001
58.0,2.0,10,VA,01001
58.8,3.7,10,VA,01001
59.6,3.4,10,VA,01001
60.0,2.4,10,VA,01001
57.8,3.4,10,VA,01001
62.4,2.2,10,VA,01001
60.6,2.6,10,VA,01001
61.8,2.3,10,VA,01001
56.9,3.0,10,VA,01001
58.5,3.1,10,VA,01001
61.5,2.5,10,VA,01001
62.8,2.3,10,VA,01001
61.8,3.0,10,VA,01001
60.3,2.8,10,VA,01001
59.4,3.5,10,VA,01001
56.4,3.2,10,VA,01001
57.8,2.4,10,VA,01001
59.2,1.9,10,VA,01001
59.9,2.6,10,VA,01001
59.4,2.4,10,VA,01001
61.6,2.1,10,VA,01001
60.2,4.0,10,VA,01001
56.1,2.7,10,VA,01001
57.4,3.3,10,VA,01001
61.2,2.7,10,VA,01001
58.4,2.8,10,VA,01001
56.8,1.9,10,VA,01001
56.3,3.0,10,VA,01001
56.2,2.1,10,VA,01001
58.0,1.8,10,VA,01001
56.6,3.1,10,VA,01001
54.5,2.4,10,VA,01001
61.4,1.9,10,VA,01001
59.4,3.3,10,VA,01001
60.3,3.8,10,VA,01001
62.1,2.2,10,VA,01001
61.1,2.0,10,VA,01001
53.9,1.9,10,VA,01001
57.4,3.5,10,VA,01001
56.6,2.1,10,VA,01001
61.6,3.2,10,VA,01001
55.6,1.4,10,VA,01001
54.9,2.5,10,VA,01001
62.7,2.2,10,VA,01001
60.9,3.9,10,VA,01001
58.1,2.2,10,VA,01001
57.5,1.7,10,VA,01001
60.5,3.8,10,VA,01001
62.8,2.1,10,VA,01001
61.3,2.2,10,VA,01001
57.2,1.9,10,VA,01001
59.8,1.5,10,VA,01001
60.6,1.5,10,VA,01001
59.9,3.8,10,VA,01001
60.0,3.8,10,VA,01001
61.6,1.9,10,VA,01001
60.0,3.6,10,VA,01001
55.2,2.7,10,VA,01001
63.0,1.7,10,VA,01001
57.3,3.1,10,VA,01001
61.7,2.0,10,VA,01001
58.4,2.1,10,VA,01001
60.0,3.9,10,VA,01001
60.0,3.9,10,VA,01001
59.5,2.5,10,VA,01001
62.8,1.8,10,VA,01001
63.6,1.9,10,VA,01001
55.6,1.4,10,VA,01001
61.2,2.2,10,VA,01001
63.0,1.8,10,VA,01001
63.5,1.8,10,VA,01001
56.9,2.9,10,VA,01001
61.1,2.8,10,VA,01001
59.4,2.6,10,VA,01001
59.6,2.8,10,VA,01001
57.5,3.1,10,VA,01001
62.1,1.9,10,VA,01001
63.8,2.3,10,VA,01001
58.2,3.6,10,VA,01001
62.3,2.5,10,VA,01001
57.2,3.2,10,VA,01001
51.1,2.1,10,WA,01001
51.0,2.6,10,WA,01001
53.7,1.8,10,WA,01001
45.3,1.8,10,WA,01001
49.9,1.7,10,WA,01001
54.5,2.2,10,WA,01001
49.5,1.6,10,WA,01001
51.9,1.7,10,WA,01001
49.6,1.4,10,WA,01001
44.8,1.8,10,WA,01001
52.8,1.6,10,WA,01001
50.6,2.3,10,WA,01001
51.7,1.5,10,WA,01001
52.2,1.5,10,WA,01001
53.0,2.2,10,WA,01001
48.0,1.7,10,WA,01001
50.4,2.1,10,WA,01001
53.5,2.0,10,WA,01001
47.2,1.6,10,WA,01001
50.8,2.1,10,WA,01001
49.9,1.8,10,WA,01001
48.6,1.5,10,WA,01001
50.9,1.6,10,WA,01001
44.5,1.6,10,WA,01001
53.4,2.0,10,WA,01001
44.0,1.9,10,WA,01001
49.2,1.8,10,WA,01001
51.6,1.2,10,WA,01001
49.0,2.6,10,WA,01001
48.0,1.5,10,WA,01001
49.5,2.3,10,WA,01001
49.1,2.8,10,WA,01001
46.5,1.7,10,WA,01001
52.7,1.6,10,WA,01001
53.3,2.1,10,WA,01001
53.0,1.2,10,WA,01001
47.3,2.8,10,WA,01001
51.4,2.7,10,WA,01001
48.6,2.0,10,WA,01001
55.2,2.7,10,WV,01001
56.2,2.5,10,WV,01001
58.0,2.5,10,WV,01001
56.5,1.8,10,WV,01001
55.4,2.6,10,WV,01001
59.0,3.0,10,WV,01001
57.2,2.7,10,WV,01001
57.5,2.3,10,WV,01001
57.0,3.3,10,WV,01001
55.6,1.9,10,WV,01001
56.8,2.5,10,WV,01001
54.0,2.3,10,WV,01001
53.8,2.3,10,WV,01001
55.8,2.4,10,WV,01001
54.9,2.3,10,WV,01001
55.3,2.5,10,WV,01001
56.2,2.7,10,WV,01001
57.7,2.6,10,WV,01001
57.2,2.9,10,WV,01001
58.3,2.4,10,WV,01001
56.5,2.6,10,WV,01001
59.1,2.9,10,WV,01001
58.6,2.7,10,WV,01001
55.8,1.6,10,WV,01001
55.1,1.7,10,WV,01001
55.6,2.5,10,WV,01001
57.3,1.9,10,WV,01001
53.0,0.2,10,WV,01001
56.0,2.4,10,WV,01001
59.0,2.6,10,WV,01001
54.9,1.8,10,WV,01001
55.7,2.4,10,WV,01001
55.8,2.5,10,WV,01001
55.0,2.1,10,WV,01001
55.4,2.6,10,WV,01001
53.1,2.3,10,WV,01001
57.4,3.3,10,WV,01001
51.1,2.2,10,WV,01001
53.5,2.6,10,WV,01001
58.5,2.6,10,WV,01001
54.7,1.6,10,WV,01001
51.7,2.6,10,WV,01001
57.4,3.5,10,WV,01001
57.6,2.7,10,WV,01001
55.4,1.6,10,WV,01001
55.5,2.2,10,WV,01001
51.7,2.7,10,WV,01001
57.0,3.0,10,WV,01001
55.0,2.5,10,WV,01001
59.2,3.1,10,WV,01001
52.9,1.4,10,WV,01001
55.8,2.4,10,WV,01001
57.6,3.2,10,WV,01001
57.9,3.2,10,WV,01001
55.8,1.6,10,WV,01001
50.4,2.8,10,WI,01001
45.9,1.8,10,WI,01001
48.4,2.6,10,WI,01001
46.6,2.5,10,WI,01001
50.9,3.5,10,WI,01001
51.1,2.6,10,WI,01001
48.1,2.5,10,WI,01001
51.5,3.6,10,WI,01001
49.1,2.6,10,WI,01001
48.9,2.8,10,WI,01001
52.3,3.4,10,WI,01001
51.9,2.1,10,WI,01001
52.5,3.0,10,WI,01001
52.1,3.0,10,WI,01001
50.3,3.0,10,WI,01001
47.1,2.8,10,WI,01001
49.9,2.6,10,WI,01001
49.6,2.5,10,WI,01001
46.1,2.6,10,WI,01001
51.9,3.5,10,WI,01001
45.3,2.1,10,WI,01001
52.4,2.0,10,WI,01001
53.0,3.0,10,WI,01001
51.8,3.3,10,WI,01001
51.7,2.5,10,WI,01001
44.9,1.4,10,WI,01001
50.3,3.1,10,WI,01001
52.4,2.3,10,WI,01001
50.5,2.9,10,WI,01001
53.8,2.5,10,WI,01001
51.1,3.8,10,WI,01001
51.0,2.0,10,WI,01001
52.4,2.7,10,WI,01001
46.4,2.5,10,WI,01001
46.7,2.2,10,WI,01001
51.5,3.7,10,WI,01001
48.4,2.8,10,WI,01001
48.3,2.8,10,WI,01001
51.5,3.1,10,WI,01001
48.2,2.8,10,WI,01001
53.7,3.0,10,WI,01001
50.1,2.4,10,WI,01001
48.8,2.7,10,WI,01001
45.0,1.3,10,WI,01001
50.8,3.2,10,WI,01001
52.5,3.0,10,WI,01001
50.8,2.4,10,WI,01001
50.4,2.5,10,WI,01001
49.0,2.6,10,WI,01001
50.0,3.2,10,WI,01001
46.2,2.3,10,WI,01001
53.4,2.5,10,WI,01001
51.2,2.2,10,WI,01001
53.3,2.9,10,WI,01001
47.9,2.5,10,WI,01001
50.0,2.7,10,WI,01001
51.1,2.5,10,WI,01001
46.5,2.5,10,WI,01001
49.1,3.0,10,WI,01001
52.0,3.5,10,WI,01001
47.7,2.7,10,WI,01001
50.7,2.6,10,WI,01001
50.6,2.0,10,WI,01001
44.3,1.2,10,WI,01001
52.2,1.9,10,WI,01001
47.2,2.4,10,WI,01001
51.6,2.9,10,WI,01001
52.2,2.5,10,WI,01001
50.8,3.5,10,WI,01001
51.1,3.3,10,WI,01001
51.9,3.5,10,WI,01001
49.5,2.6,10,WI,01001
42.1,0.8,10,WY,01001
43.1,0.1,10,WY,01001
44.5,-1.0,10,WY,01001
42.5,0.6,10,WY,01001
44.9,-0.1,10,WY,01001
43.1,-1.9,10,WY,01001
42.7,1.1,10,WY,01001
47.8,0.8,10,WY,01001
44.5,0.7,10,WY,01001
44.0,-0.1,10,WY,01001
47.0,1.3,10,WY,01001
41.3,1.8,10,WY,01001
44.9,0.8,10,WY,01001
46.5,0.3,10,WY,01001
40.2,1.0,10,WY,01001
47.6,1.1,10,WY,01001
42.9,-0.7,10,WY,01001
38.9,1.5,10,WY,01001
43.7,1.1,10,WY,01001
37.7,1.0,10,WY,01001
42.1,0.8,10,WY,01001
44.8,-0.1,10,WY,01001
45.2,-0.3,10,WY,01001
54.9,0.6,11,AL,01001
59.2,0.9,11,AL,01001
55.4,-0.4,11,AL,01001
53.9,1.1,11,AL,01001
52.6,2.0,11,AL,01001
54.8,-0.3,11,AL,01001
54.9,-0.4,11,AL,01001
53.6,2.6,11,AL,01001
53.9,1.8,11,AL,01001
53.4,2.9,11,AL,01001
54.2,1.2,11,AL,01001
55.9,1.1,11,AL,01001
56.2,0.8,11,AL,01001
52.6,1.4,11,AL,01001
53.0,2.8,11,AL,01001
56.1,-0.4,11,AL,01001
52.1,2.5,11,AL,01001
56.0,-0.2,11,AL,01001
53.4,0.6,11,AL,01001
56.3,-0.2,11,AL,01001
54.8,-0.5,11,AL,01001
52.1,1.7,11,AL,01001
56.4,-0.4,11,AL,01001
55.2,0.5,11,AL,01001
52.2,2.7,11,AL,01001
54.4,-0.0,11,AL,01001
56.9,0.1,11,AL,01001
53.8,3.0,11,AL,01001
53.2,1.5,11,AL,01001
52.0,2.2,11,AL,01001
57.0,-0.2,11,AL,01001
54.3,0.5,11,AL,01001
54.5,0.6,11,AL,01001
56.4,-0.4,11,AL,01001
57.5,-0.1,11,AL,01001
52.4,2.9,11,AL,01001
53.4,1.7,11,AL,01001
53.4,1.6,11,AL,01001
51.8,2.7,11,AL,01001
51.8,2.0,11,AL,01001
54.5,0.6,11,AL,01001
52.0,2.4,11,AL,01001
55.0,-0.1,11,AL,01001
54.8,-0.1,11,AL,01001
52.5,2.7,11,AL,01001
55.3,0.7,11,AL,01001
52.5,1.9,11,AL,01001
53.4,2.9,11,AL,01001
59.0,1.2,11,AL,01001
56.0,0.2,11,AL,01001
54.5,-0.6,11,AL,01001
52.3,2.2,11,AL,01001
54.6,0.7,11,AL,01001
53.9,1.0,11,AL,01001
55.2,-0.4,11,AL,01001
53.3,2.5,11,AL,01001
55.1,0.1,11,AL,01001
53.1,2.0,11,AL,01001
53.5,1.4,11,AL,01001
54.5,0.4,11,AL,01001
53.0,1.2,11,AL,01001
53.5,0.7,11,AL,01001
53.8,0.9,11,AL,01001
52.9,1.5,11,AL,01001
57.1,1.1,11,AL,01001
55.6,0.4,11,AL,01001
52.0,1.8,11,AL,01001
41.5,2.3,11,AZ,01001
54.6,3.9,11,AZ,01001
44.2,3.1,11,AZ,01001
52.6,3.6,11,AZ,01001
54.0,3.8,11,AZ,01001
49.0,3.0,11,AZ,01001
63.1,3.6,11,AZ,01001
63.2,4.2,11,AZ,01001
53.6,2.6,11,AZ,01001
42.7,2.6,11,AZ,01001
61.8,4.6,11,AZ,01001
62.3,4.7,11,AZ,01001
55.9,4.3,11,AZ,01001
52.3,3.3,11,AZ,01001
64.4,3.7,11,AZ,01001
53.7,2.0,11,AR,01001
54.5,1.5,11,AR,01001
49.2,2.7,11,AR,01001
49.9,3.0,11,AR,01001
48.8,2.5,11,AR,01001
54.0,1.8,11,AR,01001
53.1,0.9,11,AR,01001
48.9,2.3,11,AR,01001
54.5,1.1,11,AR,01001
52.4,0.9,11,AR,01001
50.3,2.7,11,AR,01001
50.6,2.2,11,AR,01001
52.9,1.2,11,AR,01001
54.0,0.9,11,AR,01001
50.7,1.3,11,AR,01001
51.5,3.0,11,AR,01001
50.8,2.0,11,AR,01001
52.9,2.3,11,AR,01001
52.1,2.2,11,AR,01001
52.2,0.6,11,AR,01001
54.5,2.1,11,AR,01001
54.3,1.9,11,AR,01001
50.9,1.1,11,AR,01001
50.5,1.7,11,AR,01001
49.0,3.1,11,AR,01001
52.0,1.8,11,AR,01001
52.2,0.8,11,AR,01001
50.9,3.0,11,AR,01001
53.0,0.8,11,AR,01001
52.4,1.3,11,AR,01001
51.7,0.8,11,AR,01001
50.2,2.2,11,AR,01001
49.3,2.5,11,AR,01001
50.9,2.3,11,AR,01001
52.9,1.4,11,AR,01001
50.2,2.0,11,AR,01001
54.7,1.5,11,AR,01001
50.4,2.7,11,AR,01001
53.0,2.0,11,AR,01001
54.0,2.1,11,AR,01001
53.8,1.4,11,AR,01001
51.3,1.8,11,AR,01001
52.6,1.7,11,AR,01001
48.9,2.6,11,AR,01001
48.9,2.4,11,AR,01001
55.1,1.7,11,AR,01001
51.8,2.5,11,AR,01001
53.1,2.1,11,AR,01001
51.4,1.9,11,AR,01001
53.0,0.7,11,AR,01001
48.4,2.3,11,AR,01001
52.5,-0.1,11,AR,01001
51.4,1.4,11,AR,01001
53.6,2.1,11,AR,01001
51.8,1.1,11,AR,01001
51.7,2.5,11,AR,01001
50.2,1.3,11,AR,01001
50.3,1.9,11,AR,01001
52.8,2.0,11,AR,01001
52.2,1.5,11,AR,01001
49.7,2.7,11,AR,01001
52.6,2.0,11,AR,01001
52.0,1.4,11,AR,01001
50.8,1.7,11,AR,01001
48.2,1.7,11,AR,01001
51.9,2.2,11,AR,01001
52.4,1.1,11,AR,01001
48.8,2.2,11,AR,01001
49.5,2.3,11,AR,01001
54.1,1.1,11,AR,01001
49.1,1.5,11,AR,01001
49.7,2.7,11,AR,01001
51.8,2.1,11,AR,01001
52.0,2.1,11,AR,01001
51.4,1.6,11,AR,01001
56.0,2.9,11,CA,01001
38.3,1.6,11,CA,01001
52.3,2.1,11,CA,01001
53.7,3.1,11,CA,01001
52.6,2.3,11,CA,01001
55.4,3.6,11,CA,01001
56.1,2.8,11,CA,01001
46.7,2.3,11,CA,01001
48.1,1.7,11,CA,01001
49.7,3.0,11,CA,01001
54.2,3.6,11,CA,01001
49.1,2.1,11,CA,01001
65.3,3.1,11,CA,01001
50.4,1.3,11,CA,01001
54.5,2.7,11,CA,01001
56.7,3.5,11,CA,01001
51.1,2.2,11,CA,01001
38.7,1.6,11,CA,01001
57.3,2.8,11,CA,01001
50.3,3.1,11,CA,01001
56.6,3.6,11,CA,01001
49.5,2.6,11,CA,01001
51.4,2.3,11,CA,01001
55.7,2.8,11,CA,01001
39.6,3.0,11,CA,01001
36.6,1.1,11,CA,01001
55.5,2.9,11,CA,01001
54.8,2.8,11,CA,01001
45.9,1.2,11,CA,01001
64.3,4.3,11,CA,01001
47.5,1.5,11,CA,01001
40.1,1.2,11,CA,01001
60.8,2.6,11,CA,01001
56.1,2.4,11,CA,01001
54.3,3.0,11,CA,01001
56.3,1.5,11,CA,01001
59.0,2.8,11,CA,01001
57.1,3.0,11,CA,01001
55.5,2.2,11,CA,01001
56.3,3.5,11,CA,01001
56.6,3.4,11,CA,01001
57.2,3.8,11,CA,01001
55.3,3.4,11,CA,01001
57.2,4.4,11,CA,01001
47.8,1.9,11,CA,01001
40.8,1.6,11,CA,01001
41.5,2.1,11,CA,01001
56.2,2.8,11,CA,01001
55.4,3.3,11,CA,01001
55.1,2.5,11,CA,01001
56.4,2.9,11,CA,01001
51.7,2.2,11,CA,01001
45.4,2.1,11,CA,01001
48.6,3.1,11,CA,01001
44.7,1.9,11,CA,01001
55.2,3.0,11,CA,01001
55.6,2.5,11,CA,01001
54.3,2.3,11,CA,01001
40.6,4.1,11,CO,01001
34.3,3.5,11,CO,01001
40.3,3.7,11,CO,01001
35.8,2.7,11,CO,01001
44.8,3.6,11,CO,01001
43.8,3.9,11,CO,01001
36.7,2.8,11,CO,01001
42.5,4.0,11,CO,01001
29.4,1.7,11,CO,01001
42.2,4.3,11,CO,01001
29.2,2.1,11,CO,01001
32.6,3.3,11,CO,01001
33.7,2.8,11,CO,01001
42.5,4.2,11,CO,01001
33.4,2.5,11,CO,01001
37.4,3.7,11,CO,01001
42.5,4.2,11,CO,01001
34.7,2.6,11,CO,01001
39.4,3.2,11,CO,01001
30.6,2.8,11,CO,01001
39.2,3.7,11,CO,01001
40.3,3.9,11,CO,01001
37.1,2.2,11,CO,01001
34.1,3.1,11,CO,01001
31.7,2.2,11,CO,01001
29.0,3.0,11,CO,01001
29.8,2.7,11,CO,01001
28.7,3.2,11,CO,01001
39.2,3.4,11,CO,01001
28.5,3.3,11,CO,01001
38.8,2.9,11,CO,01001
42.6,3.8,11,CO,01001
42.3,4.6,11,CO,01001
26.0,1.9,11,CO,01001
36.6,2.6,11,CO,01001
34.5,3.6,11,CO,01001
42.7,3.3,11,CO,01001
40.8,3.8,11,CO,01001
41.2,4.6,11,CO,01001
37.8,3.9,11,CO,01001
29.2,3.0,11,CO,01001
33.8,3.2,11,CO,01001
39.4,2.8,11,CO,01001
38.6,4.3,11,CO,01001
40.2,4.9,11,CO,01001
44.1,4.1,11,CO,01001
33.5,3.7,11,CO,01001
29.9,1.6,11,CO,01001
41.7,5.4,11,CO,01001
28.9,2.1,11,CO,01001
43.4,3.1,11,CO,01001
43.9,4.1,11,CO,01001
34.2,3.0,11,CO,01001
32.3,3.8,11,CO,01001
31.5,3.9,11,CO,01001
31.1,2.8,11,CO,01001
27.7,2.6,11,CO,01001
36.2,3.4,11,CO,01001
41.0,4.5,11,CO,01001
27.1,2.6,11,CO,01001
32.6,2.2,11,CO,01001
41.1,4.7,11,CO,01001
39.5,4.1,11,CO,01001
42.7,5.6,11,CO,01001
41.5,0.2,11,CT,01001
39.4,-0.8,11,CT,01001
37.4,-0.6,11,CT,01001
40.5,-0.8,11,CT,01001
40.2,-0.9,11,CT,01001
41.1,-0.3,11,CT,01001
38.8,-0.8,11,CT,01001
39.2,-0.7,11,CT,01001
45.6,0.2,11,DE,01001
44.4,0.0,11,DE,01001
46.5,-0.0,11,DE,01001
63.5,1.7,11,FL,01001
60.5,0.6,11,FL,01001
60.3,1.0,11,FL,01001
62.5,1.2,11,FL,01001
70.3,2.9,11,FL,01001
75.2,4.3,11,FL,01001
59.4,0.9,11,FL,01001
70.8,2.5,11,FL,01001
66.2,2.5,11,FL,01001
63.7,1.9,11,FL,01001
74.3,3.9,11,FL,01001
60.0,0.0,11,FL,01001
70.2,2.9,11,FL,01001
63.4,2.3,11,FL,01001
63.0,1.7,11,FL,01001
59.5,1.0,11,FL,01001
66.7,2.9,11,FL,01001
61.3,1.1,11,FL,01001
59.9,1.4,11,FL,01001
62.9,2.0,11,FL,01001
71.5,3.2,11,FL,01001
60.7,1.1,11,FL,01001
58.5,-0.5,11,FL,01001
69.9,3.2,11,FL,01001
72.5,3.3,11,FL,01001
67.2,2.9,11,FL,01001
70.7,3.4,11,FL,01001
69.1,3.0,11,FL,01001
57.8,0.3,11,FL,01001
71.1,3.3,11,FL,01001
58.4,0.3,11,FL,01001
60.5,1.5,11,FL,01001
61.3,1.2,11,FL,01001
67.6,3.0,11,FL,01001
72.2,2.9,11,FL,01001
60.7,1.8,11,FL,01001
65.4,3.3,11,FL,01001
60.1,1.2,11,FL,01001
59.5,0.7,11,FL,01001
69.5,2.6,11,FL,01001
65.6,2.5,11,FL,01001
73.2,3.7,11,FL,01001
75.7,4.3,11,FL,01001
76.1,4.1,11,FL,01001
61.9,1.8,11,FL,01001
59.3,1.3,11,FL,01001
71.3,3.4,11,FL,01001
69.1,3.0,11,FL,01001
69.8,2.9,11,FL,01001
73.9,3.9,11,FL,01001
67.8,2.9,11,FL,01001
69.9,3.0,11,FL,01001
69.2,2.9,11,FL,01001
65.5,2.7,11,FL,01001
65.4,2.5,11,FL,01001
72.3,3.4,11,FL,01001
59.4,1.1,11,FL,01001
69.7,2.1,11,FL,01001
68.6,2.8,11,FL,01001
66.7,2.6,11,FL,01001
60.0,0.2,11,FL,01001
61.5,1.5,11,FL,01001
61.3,0.6,11,FL,01001
67.8,2.9,11,FL,01001
61.2,1.7,11,FL,01001
59.0,1.1,11,FL,01001
58.8,0.6,11,FL,01001
58.0,0.8,11,GA,01001
58.5,1.1,11,GA,01001
58.6,1.3,11,GA,01001
57.7,0.6,11,GA,01001
55.4,1.8,11,GA,01001
52.3,1.7,11,GA,01001
53.0,2.1,11,GA,01001
52.6,2.6,11,GA,01001
57.7,1.5,11,GA,01001
57.8,0.6,11,GA,01001
55.4,1.5,11,GA,01001
56.3,1.3,11,GA,01001
60.2,2.0,11,GA,01001
58.2,0.4,11,GA,01001
57.6,0.0,11,GA,01001
56.9,0.8,11,GA,01001
55.5,1.3,11,GA,01001
54.6,2.3,11,GA,01001
57.0,0.4,11,GA,01001
61.8,2.1,11,GA,01001
56.9,0.9,11,GA,01001
53.2,3.0,11,GA,01001
52.7,3.8,11,GA,01001
60.8,1.7,11,GA,01001
58.5,0.6,11,GA,01001
55.2,0.4,11,GA,01001
52.3,2.7,11,GA,01001
52.2,2.6,11,GA,01001
53.0,1.7,11,GA,01001
56.3,-0.2,11,GA,01001
54.3,2.8,11,GA,01001
58.9,0.6,11,GA,01001
53.2,2.9,11,GA,01001
58.3,1.4,11,GA,01001
57.5,0.4,11,GA,01001
55.5,2.1,11,GA,01001
57.6,0.4,11,GA,01001
54.4,3.0,11,GA,01001
55.3,1.4,11,GA,01001
57.1,1.7,11,GA,01001
51.7,3.0,11,GA,01001
51.1,2.4,11,GA,01001
58.8,0.7,11,GA,01001
53.8,2.9,11,GA,01001
56.7,1.1,11,GA,01001
56.7,1.7,11,GA,01001
57.4,0.7,11,GA,01001
53.6,3.2,11,GA,01001
57.2,0.1,11,GA,01001
58.0,-0.5,11,GA,01001
57.3,0.9,11,GA,01001
53.4,2.4,11,GA,01001
56.6,1.3,11,GA,01001
56.8,-0.1,11,GA,01001
48.5,1.8,11,GA,01001
54.5,2.8,11,GA,01001
52.8,2.7,11,GA,01001
52.0,2.4,11,GA,01001
52.2,1.5,11,GA,01001
53.7,3.1,11,GA,01001
49.9,2.3,11,GA,01001
55.2,1.9,11,GA,01001
60.7,1.3,11,GA,01001
52.4,2.8,11,GA,01001
59.0,1.0,11,GA,01001
54.1,1.9,11,GA,01001
53.0,2.5,11,GA,01001
50.9,1.7,11,GA,01001
52.2,2.3,11,GA,01001
54.9,1.8,11,GA,01001
52.8,3.2,11,GA,01001
54.4,1.2,11,GA,01001
52.5,1.9,11,GA,01001
54.0,2.8,11,GA,01001
54.4,2.4,11,GA,01001
56.2,1.5,11,GA,01001
57.7,1.3,11,GA,01001
52.8,1.9,11,GA,01001
54.5,2.3,11,GA,01001
58.0,1.4,11,GA,01001
55.5,1.6,11,GA,01001
56.2,1.6,11,GA,01001
56.3,1.5,11,GA,01001
55.1,1.8,11,GA,01001
55.0,2.2,11,GA,01001
58.0,0.4,11,GA,01001
56.6,1.3,11,GA,01001
57.2,1.2,11,GA,01001
57.6,-0.4,11,GA,01001
55.1,2.7,11,GA,01001
57.4,-0.5,11,GA,01001
57.8,-0.1,11,GA,01001
50.1,2.1,11,GA,01001
55.2,2.3,11,GA,01001
59.4,0.4,11,GA,01001
56.0,1.4,11,GA,01001
52.8,2.0,11,GA,01001
55.1,0.6,11,GA,01001
54.5,2.2,11,GA,01001
57.7,0.2,11,GA,01001
57.9,0.7,11,GA,01001
54.9,1.9,11,GA,01001
57.4,1.2,11,GA,01001
53.9,2.0,11,GA,01001
51.9,3.0,11,GA,01001
55.0,0.5,11,GA,01001
53.9,2.2,11,GA,01001
53.2,1.7,11,GA,01001
53.3,2.0,11,GA,01001
53.0,2.9,11,GA,01001
55.7,1.5,11,GA,01001
51.4,2.6,11,GA,01001
59.5,1.8,11,GA,01001
55.0,2.3,11,GA,01001
53.3,3.3,11,GA,01001
56.7,1.5,11,GA,01001
54.8,2.2,11,GA,01001
55.6,-0.3,11,GA,01001
48.9,1.7,11,GA,01001
56.1,0.2,11,GA,01001
55.2,1.1,11,GA,01001
53.9,2.5,11,GA,01001
55.7,1.0,11,GA,01001
56.2,1.2,11,GA,01001
58.2,0.2,11,GA,01001
54.9,2.4,11,GA,01001
51.8,1.1,11,GA,01001
55.4,0.2,11,GA,01001
56.6,1.3,11,GA,01001
54.4,0.8,11,GA,01001
54.6,2.3,11,GA,01001
57.0,-0.1,11,GA,01001
55.1,1.0,11,GA,01001
57.6,1.4,11,GA,01001
56.7,0.8,11,GA,01001
58.7,0.9,11,GA,01001
57.4,0.8,11,GA,01001
57.2,0.7,11,GA,01001
48.2,2.0,11,GA,01001
57.0,1.3,11,GA,01001
54.3,2.3,11,GA,01001
57.2,1.3,11,GA,01001
55.9,1.4,11,GA,01001
48.1,1.7,11,GA,01001
55.0,1.7,11,GA,01001
52.3,3.4,11,GA,01001
53.3,2.1,11,GA,01001
59.8,1.6,11,GA,01001
55.0,2.2,11,GA,01001
55.7,1.6,11,GA,01001
58.5,0.7,11,GA,01001
55.8,0.7,11,GA,01001
57.4,1.3,11,GA,01001
50.2,1.9,11,GA,01001
52.6,3.6,11,GA,01001
57.2,1.5,11,GA,01001
54.6,2.7,11,GA,01001
55.9,1.4,11,GA,01001
57.2,0.8,11,GA,01001
41.2,1.9,11,ID,01001
34.5,2.2,11,ID,01001
35.2,2.6,11,ID,01001
32.0,3.5,11,ID,01001
35.8,1.3,11,ID,01001
34.2,2.4,11,ID,01001
33.3,3.3,11,ID,01001
34.5,3.1,11,ID,01001
32.5,0.7,11,ID,01001
33.1,3.3,11,ID,01001
30.2,1.3,11,ID,01001
31.6,2.9,11,ID,01001
33.1,3.5,11,ID,01001
41.1,1.8,11,ID,01001
33.3,3.4,11,ID,01001
36.5,2.4,11,ID,01001
31.1,3.8,11,ID,01001
35.2,2.7,11,ID,01001
30.5,4.1,11,ID,01001
37.7,3.0,11,ID,01001
35.6,3.7,11,ID,01001
31.8,4.6,11,ID,01001
38.2,1.5,11,ID,01001
38.8,2.8,11,ID,01001
33.5,2.8,11,ID,01001
33.6,3.5,11,ID,01001
38.2,2.0,11,ID,01001
35.2,1.2,11,ID,01001
37.0,1.6,11,ID,01001
31.2,4.0,11,ID,01001
36.4,1.7,11,ID,01001
36.4,2.5,11,ID,01001
35.2,4.9,11,ID,01001
35.8,2.0,11,ID,01001
38.8,1.3,11,ID,01001
36.2,2.7,11,ID,01001
37.7,1.8,11,ID,01001
40.1,2.0,11,ID,01001
35.3,2.1,11,ID,01001
33.1,1.9,11,ID,01001
32.0,4.3,11,ID,01001
37.2,1.3,11,ID,01001
31.0,3.0,11,ID,01001
37.3,1.7,11,ID,01001
43.4,2.1,11,IL,01001
48.1,2.0,11,IL,01001
45.6,2.3,11,IL,01001
38.4,1.8,11,IL,01001
43.2,2.1,11,IL,01001
39.9,2.1,11,IL,01001
45.1,2.0,11,IL,01001
38.1,1.7,11,IL,01001
42.4,1.2,11,IL,01001
42.6,2.5,11,IL,01001
44.3,2.7,11,IL,01001
44.9,2.8,11,IL,01001
46.0,2.9,11,IL,01001
45.7,1.8,11,IL,01001
43.9,2.5,11,IL,01001
41.7,2.8,11,IL,01001
45.7,2.7,11,IL,01001
45.1,3.1,11,IL,01001
38.9,1.6,11,IL,01001
42.4,2.4,11,IL,01001
43.4,2.7,11,IL,01001
40.7,2.4,11,IL,01001
43.1,1.9,11,IL,01001
46.4,2.1,11,IL,01001
45.3,3.1,11,IL,01001
45.2,2.5,11,IL,01001
41.5,2.2,11,IL,01001
46.4,1.8,11,IL,01001
42.4,2.2,11,IL,01001
46.7,1.4,11,IL,01001
44.3,1.6,11,IL,01001
40.6,2.0,11,IL,01001
46.3,1.9,11,IL,01001
42.1,1.6,11,IL,01001
47.1,1.4,11,IL,01001
41.0,1.5,11,IL,01001
40.4,2.3,11,IL,01001
41.2,1.8,11,IL,01001
46.6,1.9,11,IL,01001
46.2,3.6,11,IL,01001
46.0,1.9,11,IL,01001
45.3,2.1,11,IL,01001
37.4,1.5,11,IL,01001
46.9,1.4,11,IL,01001
39.2,1.5,11,IL,01001
40.8,1.6,11,IL,01001
40.3,1.8,11,IL,01001
40.7,1.8,11,IL,01001
40.5,2.8,11,IL,01001
40.1,1.9,11,IL,01001
45.7,2.0,11,IL,01001
39.2,2.2,11,IL,01001
41.4,2.6,11,IL,01001
42.9,2.2,11,IL,01001
41.7,1.7,11,IL,01001
38.3,1.6,11,IL,01001
41.9,2.8,11,IL,01001
43.2,2.4,11,IL,01001
44.8,2.4,11,IL,01001
46.1,2.2,11,IL,01001
45.6,2.2,11,IL,01001
41.1,2.5,11,IL,01001
42.8,1.8,11,IL,01001
48.3,2.0,11,IL,01001
42.8,1.6,11,IL,01001
40.8,2.2,11,IL,01001
46.8,2.1,11,IL,01001
45.1,2.8,11,IL,01001
42.9,1.4,11,IL,01001
43.4,2.3,11,IL,01001
38.5,1.8,11,IL,01001
42.1,2.7,11,IL,01001
46.2,1.9,11,IL,01001
42.9,2.7,11,IL,01001
44.1,2.0,11,IL,01001
47.2,1.5,11,IL,01001
48.1,1.9,11,IL,01001
40.7,2.0,11,IL,01001
46.0,1.6,11,IL,01001
45.9,2.4,11,IL,01001
40.9,2.6,11,IL,01001
46.1,1.7,11,IL,01001
46.3,1.2,11,IL,01001
43.6,2.1,11,IL,01001
42.6,1.9,11,IL,01001
43.4,1.4,11,IL,01001
44.0,2.3,11,IL,01001
40.3,1.9,11,IL,01001
37.5,1.7,11,IL,01001
42.5,2.7,11,IL,01001
46.9,1.6,11,IL,01001
41.6,1.1,11,IL,01001
46.3,2.0,11,IL,01001
40.6,1.5,11,IL,01001
45.7,1.7,11,IL,01001
46.3,2.3,11,IL,01001
46.6,1.8,11,IL,01001
39.6,2.2,11,IL,01001
40.8,1.9,11,IL,01001
46.4,1.5,11,IL,01001
38.4,1.8,11,IL,01001
41.7,3.0,11,IL,01001
41.4,1.8,11,IN,01001
40.9,1.4,11,IN,01001
45.0,2.4,11,IN,01001
41.4,2.0,11,IN,01001
41.8,1.4,11,IN,01001
41.9,2.0,11,IN,01001
44.3,2.4,11,IN,01001
41.9,2.0,11,IN,01001
41.4,1.9,11,IN,01001
46.6,2.6,11,IN,01001
44.4,2.7,11,IN,01001
41.8,2.0,11,IN,01001
45.0,0.8,11,IN,01001
45.3,2.2,11,IN,01001
44.9,2.1,11,IN,01001
44.3,2.1,11,IN,01001
39.7,1.0,11,IN,01001
42.6,2.0,11,IN,01001
45.0,1.1,11,IN,01001
40.1,1.8,11,IN,01001
43.0,1.9,11,IN,01001
47.2,3.0,11,IN,01001
41.6,1.1,11,IN,01001
43.7,1.8,11,IN,01001
40.8,2.1,11,IN,01001
46.7,2.2,11,IN,01001
42.1,1.7,11,IN,01001
44.9,2.8,11,IN,01001
42.4,1.8,11,IN,01001
43.3,2.1,11,IN,01001
46.9,2.5,11,IN,01001
42.9,2.3,11,IN,01001
42.6,2.2,11,IN,01001
41.7,1.8,11,IN,01001
40.9,1.0,11,IN,01001
45.6,2.6,11,IN,01001
40.9,1.7,11,IN,01001
41.7,1.6,11,IN,01001
45.8,2.5,11,IN,01001
45.4,2.4,11,IN,01001
44.0,2.5,11,IN,01001
46.0,2.5,11,IN,01001
40.2,1.5,11,IN,01001
39.5,1.3,11,IN,01001
41.0,1.8,11,IN,01001
40.8,1.9,11,IN,01001
44.2,1.6,11,IN,01001
42.8,2.0,11,IN,01001
43.4,2.2,11,IN,01001
40.6,2.2,11,IN,01001
44.5,1.7,11,IN,01001
41.3,1.6,11,IN,01001
43.9,2.2,11,IN,01001
41.8,1.8,11,IN,01001
43.9,2.4,11,IN,01001
40.9,1.7,11,IN,01001
39.6,1.0,11,IN,01001
45.9,2.6,11,IN,01001
44.3,0.9,11,IN,01001
44.2,2.6,11,IN,01001
41.7,0.6,11,IN,01001
45.8,0.6,11,IN,01001
46.0,2.1,11,IN,01001
40.8,1.8,11,IN,01001
47.1,1.8,11,IN,01001
40.9,2.0,11,IN,01001
42.5,1.6,11,IN,01001
41.8,1.8,11,IN,01001
44.5,2.2,11,IN,01001
43.5,2.2,11,IN,01001
40.7,2.2,11,IN,01001
46.1,2.7,11,IN,01001
44.4,2.5,11,IN,01001
46.4,1.0,11,IN,01001
41.0,2.3,11,IN,01001
38.9,1.0,11,IN,01001
45.8,3.2,11,IN,01001
46.2,2.7,11,IN,01001
42.4,2.5,11,IN,01001
41.9,1.8,11,IN,01001
42.5,1.4,11,IN,01001
47.4,2.1,11,IN,01001
42.0,0.8,11,IN,01001
44.7,2.8,11,IN,01001
41.0,1.1,11,IN,01001
41.6,1.5,11,IN,01001
46.7,1.8,11,IN,01001
45.4,2.3,11,IN,01001
41.8,1.4,11,IN,01001
41.2,1.3,11,IN,01001
41.5,2.1,11,IN,01001
40.2,0.9,11,IN,01001
39.4,2.6,11,IA,01001
39.7,2.4,11,IA,01001
36.4,2.6,11,IA,01001
40.4,1.4,11,IA,01001
38.6,3.0,11,IA,01001
38.2,2.5,11,IA,01001
38.6,3.7,11,IA,01001
39.9,4.0,11,IA,01001
37.3,3.3,11,IA,01001
37.0,2.4,11,IA,01001
37.7,4.0,11,IA,01001
38.1,3.8,11,IA,01001
39.0,4.3,11,IA,01001
39.2,4.2,11,IA,01001
39.5,2.6,11,IA,01001
39.1,2.2,11,IA,01001
37.3,4.3,11,IA,01001
38.1,4.4,11,IA,01001
36.0,2.8,11,IA,01001
40.5,2.5,11,IA,01001
37.9,5.1,11,IA,01001
36.2,1.8,11,IA,01001
39.6,2.4,11,IA,01001
39.3,4.3,11,IA,01001
40.6,3.5,11,IA,01001
40.7,1.6,11,IA,01001
41.4,2.9,11,IA,01001
36.2,1.5,11,IA,01001
40.7,1.5,11,IA,01001
37.1,5.0,11,IA,01001
36.8,1.3,11,IA,01001
36.9,4.8,11,IA,01001
35.5,2.0,11,IA,01001
37.2,3.7,11,IA,01001
37.8,4.1,11,IA,01001
40.9,1.9,11,IA,01001
39.5,3.8,11,IA,01001
38.7,3.8,11,IA,01001
39.3,3.0,11,IA,01001
38.5,3.8,11,IA,01001
37.1,4.0,11,IA,01001
38.7,4.1,11,IA,01001
40.7,4.2,11,IA,01001
39.9,1.1,11,IA,01001
35.5,3.4,11,IA,01001
38.0,3.7,11,IA,01001
38.6,4.2,11,IA,01001
38.8,2.2,11,IA,01001
38.2,1.7,11,IA,01001
40.3,3.3,11,IA,01001
39.6,1.0,11,IA,01001
39.2,2.1,11,IA,01001
37.4,1.6,11,IA,01001
39.4,1.9,11,IA,01001
37.2,4.2,11,IA,01001
41.5,1.4,11,IA,01001
38.4,2.6,11,IA,01001
40.6,2.0,11,IA,01001
40.3,1.9,11,IA,01001
37.3,4.8,11,IA,01001
40.7,3.1,11,IA,01001
40.6,2.7,11,IA,01001
41.0,2.6,11,IA,01001
39.4,3.6,11,IA,01001
40.7,2.4,11,IA,01001
36.4,3.9,11,IA,01001
40.0,4.4,11,IA,01001
40.7,2.0,11,IA,01001
39.9,2.2,11,IA,01001
40.1,2.0,11,IA,01001
38.2,5.2,11,IA,01001
36.9,4.7,11,IA,01001
40.4,2.0,11,IA,01001
37.2,4.2,11,IA,01001
39.2,5.2,11,IA,01001
37.8,3.6,11,IA,01001
41.4,3.9,11,IA,01001
40.6,3.2,11,IA,01001
39.2,2.7,11,IA,01001
40.8,2.8,11,IA,01001
38.8,4.5,11,IA,01001
40.8,3.0,11,IA,01001
39.4,3.5,11,IA,01001
38.4,5.2,11,IA,01001
40.0,4.1,11,IA,01001
38.6,3.0,11,IA,01001
40.5,2.6,11,IA,01001
40.1,2.7,11,IA,01001
40.3,0.8,11,IA,01001
40.8,2.2,11,IA,01001
41.3,2.9,11,IA,01001
39.5,1.8,11,IA,01001
40.6,2.0,11,IA,01001
38.6,3.8,11,IA,01001
36.5,4.1,11,IA,01001
36.1,3.4,11,IA,01001
39.6,4.7,11,IA,01001
36.7,4.3,11,IA,01001
37.6,3.7,11,IA,01001
46.7,1.8,11,KS,01001
46.0,1.8,11,KS,01001
43.6,2.0,11,KS,01001
48.0,3.7,11,KS,01001
44.2,2.3,11,KS,01001
47.3,2.3,11,KS,01001
43.1,2.4,11,KS,01001
46.5,2.5,11,KS,01001
44.5,1.5,11,KS,01001
48.4,2.3,11,KS,01001
49.3,2.8,11,KS,01001
43.4,5.3,11,KS,01001
47.1,3.0,11,KS,01001
44.6,3.1,11,KS,01001
45.6,4.6,11,KS,01001
47.3,3.4,11,KS,01001
47.6,3.5,11,KS,01001
48.0,2.7,11,KS,01001
48.4,2.7,11,KS,01001
42.7,4.1,11,KS,01001
44.9,2.6,11,KS,01001
43.7,2.2,11,KS,01001
45.7,2.6,11,KS,01001
46.4,4.0,11,KS,01001
47.3,2.1,11,KS,01001
44.8,3.8,11,KS,01001
46.1,4.1,11,KS,01001
44.6,3.8,11,KS,01001
46.4,4.1,11,KS,01001
46.1,2.5,11,KS,01001
44.7,2.6,11,KS,01001
44.1,4.1,11,KS,01001
44.2,4.1,11,KS,01001
44.6,2.8,11,KS,01001
45.4,3.8,11,KS,01001
42.4,3.3,11,KS,01001
46.4,2.2,11,KS,01001
43.2,2.4,11,KS,01001
47.4,2.5,11,KS,01001
45.4,1.9,11,KS,01001
45.0,3.3,11,KS,01001
46.0,3.9,11,KS,01001
43.2,1.9,11,KS,01001
44.3,2.0,11,KS,01001
43.7,4.2,11,KS,01001
46.0,3.0,11,KS,01001
43.8,3.1,11,KS,01001
46.3,2.4,11,KS,01001
47.2,4.1,11,KS,01001
48.6,2.1,11,KS,01001
44.5,4.2,11,KS,01001
45.1,2.6,11,KS,01001
46.1,4.8,11,KS,01001
46.3,1.9,11,KS,01001
44.0,4.4,11,KS,01001
45.8,2.9,11,KS,01001
45.1,2.5,11,KS,01001
44.6,1.7,11,KS,01001
41.8,1.6,11,KS,01001
46.5,3.0,11,KS,01001
46.3,2.7,11,KS,01001
45.0,4.5,11,KS,01001
48.6,2.1,11,KS,01001
44.2,2.1,11,KS,01001
46.0,3.4,11,KS,01001
41.9,1.6,11,KS,01001
47.9,2.1,11,KS,01001
45.0,3.5,11,KS,01001
42.8,3.8,11,KS,01001
46.1,3.1,11,KS,01001
45.0,4.5,11,KS,01001
45.8,4.2,11,KS,01001
44.8,2.9,11,KS,01001
43.4,3.7,11,KS,01001
43.5,2.1,11,KS,01001
46.9,3.7,11,KS,01001
42.7,4.3,11,KS,01001
45.3,2.0,11,KS,01001
43.9,4.2,11,KS,01001
45.0,2.5,11,KS,01001
44.1,2.5,11,KS,01001
44.4,3.9,11,KS,01001
44.4,2.9,11,KS,01001
46.1,4.7,11,KS,01001
45.9,3.7,11,KS,01001
44.1,4.2,11,KS,01001
46.6,2.3,11,KS,01001
45.8,2.8,11,KS,01001
45.0,2.5,11,KS,01001
43.4,4.3,11,KS,01001
43.2,5.1,11,KS,01001
43.8,4.1,11,KS,01001
45.0,2.5,11,KS,01001
44.6,2.7,11,KS,01001
45.7,3.1,11,KS,01001
47.5,2.3,11,KS,01001
43.1,4.5,11,KS,01001
44.5,3.7,11,KS,01001
44.9,2.8,11,KS,01001
43.6,4.8,11,KS,01001
42.6,2.6,11,KS,01001
43.1,3.5,11,KS,01001
47.9,2.1,11,KS,01001
47.3,2.5,11,KS,01001
45.7,2.9,11,KS,01001
48.0,2.5,11,KY,01001
49.4,2.5,11,KY,01001
47.6,3.2,11,KY,01001
48.9,2.3,11,KY,01001
49.4,2.9,11,KY,01001
45.5,1.3,11,KY,01001
46.4,1.8,11,KY,01001
46.0,2.6,11,KY,01001
45.9,2.0,11,KY,01001
45.6,1.5,11,KY,01001
47.3,2.5,11,KY,01001
45.0,1.7,11,KY,01001
47.9,2.5,11,KY,01001
47.2,1.9,11,KY,01001
48.4,3.3,11,KY,01001
49.3,2.8,11,KY,01001
48.7,2.0,11,KY,01001
48.7,1.4,11,KY,01001
46.0,2.5,11,KY,01001
49.3,2.5,11,KY,01001
46.6,2.7,11,KY,01001
44.8,1.4,11,KY,01001
47.0,2.1,11,KY,01001
49.4,2.5,11,KY,01001
46.5,2.0,11,KY,01001
47.2,2.0,11,KY,01001
48.4,2.6,11,KY,01001
47.9,1.7,11,KY,01001
49.0,2.6,11,KY,01001
47.5,1.5,11,KY,01001
49.6,3.3,11,KY,01001
45.2,1.4,11,KY,01001
47.2,1.8,11,KY,01001
47.1,3.0,11,KY,01001
44.8,1.1,11,KY,01001
46.7,1.2,11,KY,01001
47.2,3.0,11,KY,01001
49.7,2.4,11,KY,01001
46.5,2.7,11,KY,01001
47.4,2.3,11,KY,01001
46.1,2.5,11,KY,01001
49.1,2.1,11,KY,01001
48.5,2.9,11,KY,01001
48.6,2.8,11,KY,01001
44.7,1.3,11,KY,01001
46.8,1.0,11,KY,01001
48.1,3.1,11,KY,01001
45.6,1.8,11,KY,01001
45.7,2.0,11,KY,01001
49.0,3.1,11,KY,01001
47.6,1.7,11,KY,01001
46.5,2.7,11,KY,01001
49.6,2.5,11,KY,01001
49.0,2.4,11,KY,01001
46.8,2.0,11,KY,01001
47.9,3.0,11,KY,01001
47.6,3.0,11,KY,01001
45.9,1.1,11,KY,01001
45.9,2.5,11,KY,01001
46.8,1.8,11,KY,01001
46.9,1.8,11,KY,01001
48.3,3.1,11,KY,01001
47.0,2.0,11,KY,01001
45.6,1.2,11,KY,01001
47.6,2.0,11,KY,01001
46.9,2.1,11,KY,01001
45.8,1.4,11,KY,01001
44.4,1.1,11,KY,01001
46.9,2.1,11,KY,01001
48.3,1.8,11,KY,01001
48.6,1.7,11,KY,01001
48.8,1.8,11,KY,01001
49.1,2.5,11,KY,01001
47.0,2.0,11,KY,01001
48.5,2.2,11,KY,01001
47.3,2.1,11,KY,01001
46.7,1.9,11,KY,01001
47.8,2.7,11,KY,01001
48.9,1.8,11,KY,01001
45.9,0.6,11,KY,01001
44.5,1.2,11,KY,01001
47.1,2.2,11,KY,01001
45.9,1.5,11,KY,01001
47.7,3.0,11,KY,01001
48.6,2.7,11,KY,01001
49.0,2.5,11,KY,01001
45.7,1.5,11,KY,01001
46.0,1.6,11,KY,01001
49.1,2.4,11,KY,01001
48.2,3.2,11,KY,01001
45.2,1.5,11,KY,01001
48.5,2.5,11,KY,01001
46.5,2.5,11,KY,01001
46.5,2.7,11,KY,01001
47.8,2.2,11,KY,01001
45.8,2.2,11,KY,01001
47.4,2.3,11,KY,01001
46.4,1.0,11,KY,01001
46.6,1.6,11,KY,01001
47.2,2.0,11,KY,01001
45.0,1.5,11,KY,01001
46.9,2.0,11,KY,01001
44.9,1.1,11,KY,01001
47.8,2.3,11,KY,01001
46.6,2.8,11,KY,01001
46.8,2.8,11,KY,01001
49.3,2.3,11,KY,01001
47.6,3.0,11,KY,01001
47.8,2.5,11,KY,01001
49.0,2.1,11,KY,01001
49.2,2.1,11,KY,01001
46.3,2.6,11,KY,01001
47.4,1.5,11,KY,01001
49.8,2.9,11,KY,01001
47.8,3.0,11,KY,01001
47.6,2.2,11,KY,01001
48.0,1.8,11,KY,01001
46.9,1.7,11,KY,01001
46.9,2.0,11,KY,01001
47.7,3.4,11,KY,01001
59.5,0.1,11,LA,01001
58.5,0.2,11,LA,01001
60.1,0.9,11,LA,01001
60.4,0.5,11,LA,01001
57.6,0.1,11,LA,01001
58.8,0.8,11,LA,01001
55.7,1.6,11,LA,01001
55.9,1.7,11,LA,01001
56.2,1.6,11,LA,01001
59.7,0.4,11,LA,01001
56.3,1.2,11,LA,01001
60.8,0.3,11,LA,01001
57.1,0.9,11,LA,01001
54.5,1.0,11,LA,01001
57.4,0.7,11,LA,01001
56.4,1.4,11,LA,01001
59.7,1.3,11,LA,01001
55.6,1.4,11,LA,01001
58.5,1.0,11,LA,01001
58.3,-0.0,11,LA,01001
57.0,1.7,11,LA,01001
56.0,-0.0,11,LA,01001
60.8,0.7,11,LA,01001
60.3,1.2,11,LA,01001
55.4,1.4,11,LA,01001
61.3,0.4,11,LA,01001
59.3,-0.3,11,LA,01001
60.2,0.8,11,LA,01001
61.3,0.1,11,LA,01001
56.5,0.5,11,LA,01001
54.9,1.3,11,LA,01001
59.3,0.7,11,LA,01001
56.7,1.8,11,LA,01001
55.1,1.2,11,LA,01001
56.2,0.6,11,LA,01001
61.0,1.0,11,LA,01001
55.4,1.1,11,LA,01001
62.5,0.5,11,LA,01001
59.1,1.0,11,LA,01001
57.2,0.2,11,LA,01001
56.4,1.6,11,LA,01001
56.1,1.3,11,LA,01001
56.7,1.1,11,LA,01001
61.4,0.8,11,LA,01001
60.6,0.3,11,LA,01001
58.0,0.8,11,LA,01001
60.1,0.5,11,LA,01001
60.0,0.4,11,LA,01001
58.8,0.3,11,LA,01001
60.3,0.9,11,LA,01001
61.1,0.7,11,LA,01001
59.1,0.8,11,LA,01001
58.4,0.7,11,LA,01001
57.3,1.7,11,LA,01001
61.5,0.1,11,LA,01001
54.9,1.3,11,LA,01001
60.8,0.4,11,LA,01001
57.7,1.1,11,LA,01001
58.1,1.1,11,LA,01001
55.4,1.4,11,LA,01001
60.0,1.3,11,LA,01001
55.4,1.3,11,LA,01001
58.7,1.1,11,LA,01001
55.7,0.7,11,LA,01001
35.1,-0.1,11,ME,01001
29.0,-0.7,11,ME,01001
35.2,-1.0,11,ME,01001
29.9,-0.4,11,ME,01001
34.7,-1.3,11,ME,01001
35.4,0.4,11,ME,01001
36.0,-0.7,11,ME,01001
36.2,-0.3,11,ME,01001
32.1,-0.2,11,ME,01001
32.5,-0.7,11,ME,01001
29.8,-0.3,11,ME,01001
36.2,-0.3,11,ME,01001
30.3,-0.2,11,ME,01001
35.0,-0.3,11,ME,01001
33.8,-1.5,11,ME,01001
35.6,-1.3,11,ME,01001
41.9,0.0,11,MD,01001
46.9,0.5,11,MD,01001
44.8,1.0,11,MD,01001
47.2,0.3,11,MD,01001
45.6,-0.3,11,MD,01001
43.4,0.8,11,MD,01001
44.4,0.1,11,MD,01001
47.2,0.7,11,MD,01001
47.4,0.4,11,MD,01001
43.5,0.4,11,MD,01001
38.4,0.1,11,MD,01001
44.5,0.4,11,MD,01001
44.8,1.1,11,MD,01001
45.8,0.1,11,MD,01001
45.1,0.9,11,MD,01001
46.2,0.4,11,MD,01001
45.9,0.0,11,MD,01001
48.0,0.8,11,MD,01001
48.5,0.7,11,MD,01001
46.4,-0.4,11,MD,01001
42.3,-0.3,11,MD,01001
47.5,0.5,11,MD,01001
48.4,0.6,11,MD,01001
47.0,1.4,11,MD,01001
46.4,0.6,11,MD,01001
42.7,-0.4,11,MA,01001
35.8,-0.3,11,MA,01001
41.5,-0.4,11,MA,01001
43.4,-0.3,11,MA,01001
39.2,-0.7,11,MA,01001
36.5,-0.5,11,MA,01001
37.6,-1.2,11,MA,01001
37.0,-1.1,11,MA,01001
38.9,-0.5,11,MA,01001
43.9,-0.1,11,MA,01001
40.5,-0.0,11,MA,01001
42.1,0.2,11,MA,01001
41.2,0.1,11,MA,01001
37.7,-0.5,11,MA,01001
35.4,1.2,11,MI,01001
33.1,1.3,11,MI,01001
40.0,1.5,11,MI,01001
36.2,2.1,11,MI,01001
36.6,2.3,11,MI,01001
37.1,1.4,11,MI,01001
31.6,2.9,11,MI,01001
38.9,1.6,11,MI,01001
38.2,1.6,11,MI,01001
37.2,2.5,11,MI,01001
41.0,1.8,11,MI,01001
39.2,1.4,11,MI,01001
39.4,2.1,11,MI,01001
40.1,1.9,11,MI,01001
36.6,2.0,11,MI,01001
36.0,2.3,11,MI,01001
33.0,0.9,11,MI,01001
35.8,1.6,11,MI,01001
38.4,1.2,11,MI,01001
34.8,1.9,11,MI,01001
34.2,1.5,11,MI,01001
32.8,3.2,11,MI,01001
38.6,1.5,11,MI,01001
35.9,1.8,11,MI,01001
38.6,1.6,11,MI,01001
36.7,1.5,11,MI,01001
30.3,2.1,11,MI,01001
36.9,2.5,11,MI,01001
38.0,1.4,11,MI,01001
38.9,1.5,11,MI,01001
33.2,3.4,11,MI,01001
37.9,1.3,11,MI,01001
38.2,1.2,11,MI,01001
38.3,1.4,11,MI,01001
36.3,1.2,11,MI,01001
30.8,3.0,11,MI,01001
37.2,1.7,11,MI,01001
38.5,1.5,11,MI,01001
40.0,2.2,11,MI,01001
35.6,2.2,11,MI,01001
38.6,1.5,11,MI,01001
34.0,3.4,11,MI,01001
36.2,1.1,11,MI,01001
38.1,1.1,11,MI,01001
37.6,2.5,11,MI,01001
40.5,2.4,11,MI,01001
38.1,1.4,11,MI,01001
32.3,0.8,11,MI,01001
33.6,0.9,11,MI,01001
40.2,1.6,11,MI,01001
36.6,1.3,11,MI,01001
32.2,2.7,11,MI,01001
37.1,1.0,11,MI,01001
36.4,1.3,11,MI,01001
34.9,2.9,11,MI,01001
38.0,1.7,11,MI,01001
35.2,1.9,11,MI,01001
41.1,1.7,11,MI,01001
37.3,1.4,11,MI,01001
35.7,2.3,11,MI,01001
39.4,1.9,11,MI,01001
37.4,1.4,11,MI,01001
38.7,1.5,11,MI,01001
37.8,1.5,11,MI,01001
35.4,1.5,11,MI,01001
31.6,2.2,11,MI,01001
35.2,1.3,11,MI,01001
34.9,1.6,11,MI,01001
35.2,2.7,11,MI,01001
40.1,1.8,11,MI,01001
36.2,2.3,11,MI,01001
35.3,1.9,11,MI,01001
38.5,1.6,11,MI,01001
39.8,1.4,11,MI,01001
40.0,1.9,11,MI,01001
38.2,1.1,11,MI,01001
33.4,0.9,11,MI,01001
38.3,1.2,11,MI,01001
37.8,1.0,11,MI,01001
40.3,1.7,11,MI,01001
38.5,1.1,11,MI,01001
40.3,1.4,11,MI,01001
35.3,1.6,11,MI,01001
30.9,3.8,11,MN,01001
35.3,4.4,11,MN,01001
31.0,4.6,11,MN,01001
29.3,4.2,11,MN,01001
34.4,5.2,11,MN,01001
35.4,5.8,11,MN,01001
36.6,4.2,11,MN,01001
37.1,5.3,11,MN,01001
30.7,3.4,11,MN,01001
36.3,5.0,11,MN,01001
31.3,4.4,11,MN,01001
36.0,5.7,11,MN,01001
34.4,3.9,11,MN,01001
32.0,4.8,11,MN,01001
29.6,4.3,11,MN,01001
27.7,2.7,11,MN,01001
37.5,6.2,11,MN,01001
32.4,4.5,11,MN,01001
36.5,4.5,11,MN,01001
35.6,4.5,11,MN,01001
33.1,5.5,11,MN,01001
36.8,4.2,11,MN,01001
35.4,3.3,11,MN,01001
36.6,4.8,11,MN,01001
35.5,3.8,11,MN,01001
33.8,5.5,11,MN,01001
36.4,5.3,11,MN,01001
36.7,3.2,11,MN,01001
30.7,4.4,11,MN,01001
34.2,4.1,11,MN,01001
29.7,4.1,11,MN,01001
37.2,5.6,11,MN,01001
33.3,4.5,11,MN,01001
34.5,4.9,11,MN,01001
29.9,6.3,11,MN,01001
28.8,4.1,11,MN,01001
36.1,5.6,11,MN,01001
27.6,2.8,11,MN,01001
29.1,4.9,11,MN,01001
36.2,4.4,11,MN,01001
35.5,5.3,11,MN,01001
36.6,5.5,11,MN,01001
35.8,5.0,11,MN,01001
30.2,4.5,11,MN,01001
29.1,4.7,11,MN,01001
37.1,5.0,11,MN,01001
34.4,4.6,11,MN,01001
33.5,4.8,11,MN,01001
33.3,4.8,11,MN,01001
35.9,4.5,11,MN,01001
36.2,5.5,11,MN,01001
36.7,4.8,11,MN,01001
36.2,4.7,11,MN,01001
30.7,4.2,11,MN,01001
35.5,3.9,11,MN,01001
32.4,5.2,11,MN,01001
28.8,3.8,11,MN,01001
32.6,4.2,11,MN,01001
35.4,4.8,11,MN,01001
29.9,4.3,11,MN,01001
33.9,5.5,11,MN,01001
36.4,4.8,11,MN,01001
29.2,3.8,11,MN,01001
37.1,5.6,11,MN,01001
36.4,5.4,11,MN,01001
36.0,4.4,11,MN,01001
36.6,5.0,11,MN,01001
28.8,5.3,11,MN,01001
28.5,3.6,11,MN,01001
36.7,4.8,11,MN,01001
35.3,5.4,11,MN,01001
36.6,5.1,11,MN,01001
34.0,5.1,11,MN,01001
36.0,4.6,11,MN,01001
34.6,5.6,11,MN,01001
35.1,5.5,11,MN,01001
33.0,5.3,11,MN,01001
34.5,5.4,11,MN,01001
35.5,3.3,11,MN,01001
31.8,4.7,11,MN,01001
36.0,4.1,11,MN,01001
35.8,4.2,11,MN,01001
37.1,5.1,11,MN,01001
33.4,5.4,11,MN,01001
36.0,3.4,11,MN,01001
35.5,5.3,11,MN,01001
36.6,5.6,11,MN,01001
57.4,1.0,11,MS,01001
51.7,2.1,11,MS,01001
57.1,0.8,11,MS,01001
53.6,0.8,11,MS,01001
52.1,2.1,11,MS,01001
54.2,1.7,11,MS,01001
53.4,1.3,11,MS,01001
54.7,2.1,11,MS,01001
54.0,1.9,11,MS,01001
52.7,0.4,11,MS,01001
57.2,1.8,11,MS,01001
56.2,1.7,11,MS,01001
54.0,1.4,11,MS,01001
54.0,2.2,11,MS,01001
57.2,1.9,11,MS,01001
57.9,2.5,11,MS,01001
52.8,1.6,11,MS,01001
57.7,1.5,11,MS,01001
56.8,0.9,11,MS,01001
58.3,1.4,11,MS,01001
57.7,1.5,11,MS,01001
54.0,1.7,11,MS,01001
58.9,0.9,11,MS,01001
58.6,0.7,11,MS,01001
57.1,2.2,11,MS,01001
55.6,2.2,11,MS,01001
55.6,1.8,11,MS,01001
55.6,1.3,11,MS,01001
53.5,2.3,11,MS,01001
59.0,1.0,11,MS,01001
56.5,2.0,11,MS,01001
57.0,1.3,11,MS,01001
58.2,2.7,11,MS,01001
57.6,2.1,11,MS,01001
54.0,0.7,11,MS,01001
53.2,1.7,11,MS,01001
58.1,1.9,11,MS,01001
55.0,1.3,11,MS,01001
57.9,2.2,11,MS,01001
54.5,1.2,11,MS,01001
54.1,2.6,11,MS,01001
55.8,2.8,11,MS,01001
57.0,1.5,11,MS,01001
54.0,1.2,11,MS,01001
56.0,1.6,11,MS,01001
58.8,2.4,11,MS,01001
52.4,1.8,11,MS,01001
53.9,1.8,11,MS,01001
52.7,0.4,11,MS,01001
54.0,1.1,11,MS,01001
55.3,1.8,11,MS,01001
54.0,0.9,11,MS,01001
53.8,1.1,11,MS,01001
53.4,1.7,11,MS,01001
57.9,0.9,11,MS,01001
57.6,1.4,11,MS,01001
57.3,1.2,11,MS,01001
53.8,2.2,11,MS,01001
52.8,2.4,11,MS,01001
54.0,2.1,11,MS,01001
56.6,2.2,11,MS,01001
55.5,1.9,11,MS,01001
55.4,1.2,11,MS,01001
57.2,2.4,11,MS,01001
56.8,2.3,11,MS,01001
57.8,0.9,11,MS,01001
54.8,1.8,11,MS,01001
54.7,2.4,11,MS,01001
52.8,1.4,11,MS,01001
52.1,2.1,11,MS,01001
52.2,2.5,11,MS,01001
53.3,1.7,11,MS,01001
53.2,2.2,11,MS,01001
58.0,1.7,11,MS,01001
57.0,2.0,11,MS,01001
54.3,0.8,11,MS,01001
56.9,1.6,11,MS,01001
52.8,0.6,11,MS,01001
57.8,1.0,11,MS,01001
53.5,0.9,11,MS,01001
53.6,1.6,11,MS,01001
56.2,1.7,11,MS,01001
42.4,2.6,11,MO,01001
43.6,2.8,11,MO,01001
42.2,2.5,11,MO,01001
45.6,3.5,11,MO,01001
48.7,2.8,11,MO,01001
48.0,2.1,11,MO,01001
46.9,2.4,11,MO,01001
45.8,1.7,11,MO,01001
46.5,1.0,11,MO,01001
45.7,2.7,11,MO,01001
44.1,2.5,11,MO,01001
49.0,2.0,11,MO,01001
43.0,1.9,11,MO,01001
46.4,3.2,11,MO,01001
47.9,3.2,11,MO,01001
47.4,1.9,11,MO,01001
43.8,1.8,11,MO,01001
47.9,2.5,11,MO,01001
46.8,3.7,11,MO,01001
48.5,3.0,11,MO,01001
44.0,2.0,11,MO,01001
47.3,2.5,11,MO,01001
41.5,1.0,11,MO,01001
45.2,3.0,11,MO,01001
43.9,2.7,11,MO,01001
47.2,3.1,11,MO,01001
45.8,2.6,11,MO,01001
46.4,2.8,11,MO,01001
48.8,3.3,11,MO,01001
47.0,2.5,11,MO,01001
42.8,2.0,11,MO,01001
43.4,2.7,11,MO,01001
46.4,2.5,11,MO,01001
47.7,2.9,11,MO,01001
50.8,2.7,11,MO,01001
46.1,2.5,11,MO,01001
46.5,3.0,11,MO,01001
43.0,3.1,11,MO,01001
48.0,3.3,11,MO,01001
42.4,1.6,11,MO,01001
42.3,2.7,11,MO,01001
46.2,2.0,11,MO,01001
46.9,2.2,11,MO,01001
43.6,2.7,11,MO,01001
45.0,2.3,11,MO,01001
48.8,3.9,11,MO,01001
46.0,2.1,11,MO,01001
46.1,3.5,11,MO,01001
49.4,3.2,11,MO,01001
46.8,2.4,11,MO,01001
46.0,3.1,11,MO,01001
41.9,1.6,11,MO,01001
47.9,3.3,11,MO,01001
45.3,2.9,11,MO,01001
48.5,3.1,11,MO,01001
41.7,0.6,11,MO,01001
45.3,2.5,11,MO,01001
42.9,1.7,11,MO,01001
43.0,1.4,11,MO,01001
50.4,3.7,11,MO,01001
43.4,2.5,11,MO,01001
45.6,1.0,11,MO,01001
47.7,3.3,11,MO,01001
43.3,1.7,11,MO,01001
42.0,2.3,11,MO,01001
48.0,3.5,11,MO,01001
49.1,2.1,11,MO,01001
46.4,2.9,11,MO,01001
43.8,2.0,11,MO,01001
46.2,3.5,11,MO,01001
46.4,2.9,11,MO,01001
49.6,2.0,11,MO,01001
50.6,4.4,11,MO,01001
42.8,3.4,11,MO,01001
48.5,3.2,11,MO,01001
47.3,3.2,11,MO,01001
48.4,2.8,11,MO,01001
51.5,3.0,11,MO,01001
46.1,1.3,11,MO,01001
45.5,2.3,11,MO,01001
47.7,3.2,11,MO,01001
45.0,2.7,11,MO,01001
45.0,2.8,11,MO,01001
47.9,3.1,11,MO,01001
48.3,3.6,11,MO,01001
41.2,1.7,11,MO,01001
45.0,3.1,11,MO,01001
43.9,2.0,11,MO,01001
44.3,2.5,11,MO,01001
46.7,2.5,11,MO,01001
48.8,2.6,11,MO,01001
46.3,2.5,11,MO,01001
47.1,2.0,11,MO,01001
45.8,1.2,11,MO,01001
45.5,1.3,11,MO,01001
47.0,2.6,11,MO,01001
44.9,2.2,11,MO,01001
41.4,2.0,11,MO,01001
41.4,1.6,11,MO,01001
48.4,1.9,11,MO,01001
48.1,3.4,11,MO,01001
42.0,1.0,11,MO,01001
48.6,1.5,11,MO,01001
47.7,1.8,11,MO,01001
42.1,1.9,11,MO,01001
48.0,2.0,11,MO,01001
47.9,3.5,11,MO,01001
47.6,2.2,11,MO,01001
45.7,2.7,11,MO,01001
46.1,2.4,11,MO,01001
47.2,1.6,11,MO,01001
47.1,3.1,11,MO,01001
42.1,3.2,11,MO,01001
47.7,3.4,11,MO,01001
47.3,2.6,11,MO,01001
31.1,5.0,11,MT,01001
38.5,6.3,11,MT,01001
34.9,5.9,11,MT,01001
35.3,4.5,11,MT,01001
36.4,6.0,11,MT,01001
35.3,5.1,11,MT,01001
37.5,5.7,11,MT,01001
37.3,6.2,11,MT,01001
36.5,5.3,11,MT,01001
29.6,4.5,11,MT,01001
34.4,5.2,11,MT,01001
30.2,3.8,11,MT,01001
34.7,4.8,11,MT,01001
37.3,5.5,11,MT,01001
30.6,2.5,11,MT,01001
32.8,5.0,11,MT,01001
36.2,5.8,11,MT,01001
33.7,5.8,11,MT,01001
37.9,5.4,11,MT,01001
31.7,4.3,11,MT,01001
34.1,6.5,11,MT,01001
34.1,4.8,11,MT,01001
35.9,5.3,11,MT,01001
32.8,1.8,11,MT,01001
33.9,4.5,11,MT,01001
34.7,6.8,11,MT,01001
30.7,1.6,11,MT,01001
33.8,5.0,11,MT,01001
32.9,5.0,11,MT,01001
34.1,5.8,11,MT,01001
32.1,2.1,11,MT,01001
32.0,2.7,11,MT,01001
38.4,5.4,11,MT,01001
32.8,5.5,11,MT,01001
38.4,5.6,11,MT,01001
34.3,5.1,11,MT,01001
35.4,6.2,11,MT,01001
36.9,5.1,11,MT,01001
31.6,3.9,11,MT,01001
35.6,5.3,11,MT,01001
32.2,3.8,11,MT,01001
32.9,4.8,11,MT,01001
31.8,5.0,11,MT,01001
37.0,5.4,11,MT,01001
30.9,0.2,11,MT,01001
30.8,5.5,11,MT,01001
32.4,4.6,11,MT,01001
37.1,5.2,11,MT,01001
37.2,5.9,11,MT,01001
35.6,5.7,11,MT,01001
36.3,7.9,11,MT,01001
37.8,5.7,11,MT,01001
32.2,4.9,11,MT,01001
36.8,5.3,11,MT,01001
34.6,5.1,11,MT,01001
38.9,5.6,11,MT,01001
42.7,5.2,11,NE,01001
39.7,4.5,11,NE,01001
40.4,5.8,11,NE,01001
39.6,4.9,11,NE,01001
40.8,5.4,11,NE,01001
40.3,4.9,11,NE,01001
39.3,5.5,11,NE,01001
40.0,5.0,11,NE,01001
40.2,5.4,11,NE,01001
42.0,5.3,11,NE,01001
40.7,4.6,11,NE,01001
41.8,4.6,11,NE,01001
41.3,2.8,11,NE,01001
39.3,4.6,11,NE,01001
42.5,5.5,11,NE,01001
40.3,6.5,11,NE,01001
40.4,5.0,11,NE,01001
42.6,4.9,11,NE,01001
41.8,5.3,11,NE,01001
40.1,4.3,11,NE,01001
41.1,5.5,11,NE,01001
39.5,4.3,11,NE,01001
40.3,6.1,11,NE,01001
41.4,4.5,11,NE,01001
40.8,4.6,11,NE,01001
39.1,4.1,11,NE,01001
41.4,4.8,11,NE,01001
42.1,4.4,11,NE,01001
43.0,5.2,11,NE,01001
42.2,4.0,11,NE,01001
42.6,4.1,11,NE,01001
41.8,4.5,11,NE,01001
42.0,3.6,11,NE,01001
41.9,2.9,11,NE,01001
39.9,5.2,11,NE,01001
39.2,4.4,11,NE,01001
41.8,4.1,11,NE,01001
39.1,5.4,11,NE,01001
40.1,4.5,11,NE,01001
42.8,5.7,11,NE,01001
43.1,5.7,11,NE,01001
42.6,3.9,11,NE,01001
42.1,4.8,11,NE,01001
42.3,4.1,11,NE,01001
39.4,4.6,11,NE,01001
39.8,5.2,11,NE,01001
41.6,5.0,11,NE,01001
42.6,3.8,11,NE,01001
41.3,2.0,11,NE,01001
42.2,4.8,11,NE,01001
41.8,5.6,11,NE,01001
40.2,5.7,11,NE,01001
39.0,4.7,11,NE,01001
39.8,4.8,11,NE,01001
42.4,4.0,11,NE,01001
41.1,4.8,11,NE,01001
40.4,4.9,11,NE,01001
39.8,4.9,11,NE,01001
40.1,5.0,11,NE,01001
40.6,5.1,11,NE,01001
42.5,5.5,11,NE,01001
39.9,5.0,11,NE,01001
41.7,5.3,11,NE,01001
42.0,2.0,11,NE,01001
42.3,3.9,11,NE,01001
41.2,2.1,11,NE,01001
41.4,1.7,11,NE,01001
41.8,5.4,11,NE,01001
41.9,4.4,11,NE,01001
39.5,4.6,11,NE,01001
41.7,5.5,11,NE,01001
42.8,5.6,11,NE,01001
42.6,4.5,11,NE,01001
43.0,2.6,11,NE,01001
39.4,4.8,11,NE,01001
42.4,4.0,11,NE,01001
41.9,3.7,11,NE,01001
42.2,4.7,11,NE,01001
39.7,4.6,11,NE,01001
42.0,4.1,11,NE,01001
39.7,6.6,11,NE,01001
41.3,5.3,11,NE,01001
38.1,5.0,11,NE,01001
40.8,5.0,11,NE,01001
42.4,3.7,11,NE,01001
40.5,5.0,11,NE,01001
39.5,4.1,11,NE,01001
40.0,4.6,11,NE,01001
41.6,4.5,11,NE,01001
39.2,4.0,11,NE,01001
42.7,4.3,11,NE,01001
39.6,4.5,11,NE,01001
42.6,4.8,11,NE,01001
40.1,0.8,11,NV,01001
54.2,2.2,11,NV,01001
40.0,0.9,11,NV,01001
36.0,2.2,11,NV,01001
41.8,1.8,11,NV,01001
36.6,1.7,11,NV,01001
39.2,1.8,11,NV,01001
38.4,1.7,11,NV,01001
45.4,2.2,11,NV,01001
40.5,0.7,11,NV,01001
39.9,1.4,11,NV,01001
41.4,1.5,11,NV,01001
40.2,1.5,11,NV,01001
41.2,1.4,11,NV,01001
39.6,1.6,11,NV,01001
36.7,2.1,11,NV,01001
41.4,1.9,11,NV,01001
35.0,-0.7,11,NH,01001
33.7,-0.4,11,NH,01001
34.6,-1.1,11,NH,01001
29.8,-0.6,11,NH,01001
32.7,0.0,11,NH,01001
36.4,-0.3,11,NH,01001
35.0,-0.8,11,NH,01001
37.3,-0.8,11,NH,01001
35.8,-1.2,11,NH,01001
34.0,-0.2,11,NH,01001
45.2,0.4,11,NJ,01001
43.1,0.5,11,NJ,01001
44.2,-0.3,11,NJ,01001
44.6,-0.1,11,NJ,01001
46.2,0.5,11,NJ,01001
45.3,0.5,11,NJ,01001
43.8,0.8,11,NJ,01001
45.2,0.4,11,NJ,01001
45.5,0.9,11,NJ,01001
41.0,0.0,11,NJ,01001
42.7,-0.6,11,NJ,01001
43.9,0.4,11,NJ,01001
44.1,0.3,11,NJ,01001
40.9,0.3,11,NJ,01001
44.4,-0.1,11,NJ,01001
40.9,0.1,11,NJ,01001
45.2,0.3,11,NJ,01001
42.3,0.1,11,NJ,01001
39.2,0.0,11,NJ,01001
44.4,0.9,11,NJ,01001
40.4,0.9,11,NJ,01001
43.4,2.7,11,NM,01001
40.3,2.2,11,NM,01001
51.1,4.4,11,NM,01001
40.2,2.4,11,NM,01001
39.8,3.3,11,NM,01001
48.8,4.5,11,NM,01001
49.9,4.7,11,NM,01001
52.8,4.0,11,NM,01001
52.7,3.2,11,NM,01001
48.9,4.0,11,NM,01001
46.4,3.2,11,NM,01001
45.6,3.6,11,NM,01001
52.4,4.1,11,NM,01001
51.5,3.1,11,NM,01001
46.5,3.4,11,NM,01001
38.4,2.6,11,NM,01001
52.9,4.2,11,NM,01001
40.1,2.6,11,NM,01001
41.3,4.4,11,NM,01001
49.3,3.2,11,NM,01001
48.3,3.4,11,NM,01001
37.0,2.7,11,NM,01001
49.4,4.1,11,NM,01001
40.4,2.2,11,NM,01001
41.7,2.9,11,NM,01001
44.1,2.8,11,NM,01001
40.1,2.3,11,NM,01001
49.2,3.4,11,NM,01001
45.0,3.1,11,NM,01001
35.1,3.0,11,NM,01001
41.5,2.5,11,NM,01001
43.9,3.6,11,NM,01001
44.7,2.5,11,NM,01001
38.0,0.1,11,NY,01001
37.0,0.5,11,NY,01001
45.5,0.9,11,NY,01001
36.9,-0.4,11,NY,01001
37.0,0.4,11,NY,01001
37.8,-0.4,11,NY,01001
38.8,0.8,11,NY,01001
37.7,0.2,11,NY,01001
35.5,-0.7,11,NY,01001
33.1,-0.2,11,NY,01001
38.4,-0.2,11,NY,01001
35.4,-0.6,11,NY,01001
35.1,-0.7,11,NY,01001
39.2,-0.0,11,NY,01001
39.0,0.5,11,NY,01001
30.7,-1.4,11,NY,01001
31.7,-0.2,11,NY,01001
34.6,-0.6,11,NY,01001
38.0,-0.0,11,NY,01001
36.8,-0.1,11,NY,01001
30.2,-1.2,11,NY,01001
32.2,-1.2,11,NY,01001
36.0,0.2,11,NY,01001
46.0,0.7,11,NY,01001
32.7,-0.5,11,NY,01001
38.5,0.3,11,NY,01001
35.4,-0.7,11,NY,01001
39.2,0.2,11,NY,01001
36.8,-0.5,11,NY,01001
45.0,0.6,11,NY,01001
45.8,0.9,11,NY,01001
39.0,-0.3,11,NY,01001
35.1,-0.7,11,NY,01001
37.8,0.1,11,NY,01001
38.3,0.0,11,NY,01001
39.2,-0.3,11,NY,01001
38.4,-0.4,11,NY,01001
37.5,0.3,11,NY,01001
34.8,-1.1,11,NY,01001
39.9,-0.0,11,NY,01001
45.6,0.6,11,NY,01001
37.4,0.1,11,NY,01001
45.7,0.8,11,NY,01001
41.4,0.1,11,NY,01001
33.7,0.0,11,NY,01001
36.1,-0.1,11,NY,01001
37.5,0.1,11,NY,01001
35.9,-0.4,11,NY,01001
37.4,0.2,11,NY,01001
38.4,-0.5,11,NY,01001
37.6,0.8,11,NY,01001
43.6,0.0,11,NY,01001
36.9,-0.2,11,NY,01001
37.0,-0.4,11,NY,01001
36.7,-0.6,11,NY,01001
37.6,-0.3,11,NY,01001
33.1,-0.7,11,NY,01001
35.8,-0.3,11,NY,01001
38.7,-0.3,11,NY,01001
42.2,0.5,11,NY,01001
37.1,0.4,11,NY,01001
38.0,-0.0,11,NY,01001
49.3,0.9,11,NC,01001
48.3,0.6,11,NC,01001
43.6,1.6,11,NC,01001
52.6,1.5,11,NC,01001
41.8,0.8,11,NC,01001
42.9,2.2,11,NC,01001
52.3,-0.1,11,NC,01001
51.0,0.6,11,NC,01001
53.0,0.5,11,NC,01001
53.8,-0.3,11,NC,01001
45.9,1.8,11,NC,01001
49.0,1.7,11,NC,01001
50.4,0.9,11,NC,01001
48.2,1.4,11,NC,01001
51.6,0.8,11,NC,01001
55.0,0.4,11,NC,01001
48.1,0.1,11,NC,01001
49.4,1.0,11,NC,01001
50.3,0.8,11,NC,01001
47.8,1.5,11,NC,01001
51.6,0.6,11,NC,01001
47.0,1.9,11,NC,01001
49.6,0.9,11,NC,01001
53.4,0.2,11,NC,01001
52.8,0.0,11,NC,01001
52.4,0.7,11,NC,01001
52.4,0.9,11,NC,01001
55.2,1.5,11,NC,01001
49.2,1.0,11,NC,01001
48.5,1.0,11,NC,01001
51.6,-0.6,11,NC,01001
50.0,1.4,11,NC,01001
50.6,0.4,11,NC,01001
48.3,1.0,11,NC,01001
49.3,0.7,11,NC,01001
50.7,1.6,11,NC,01001
50.6,0.6,11,NC,01001
46.5,2.0,11,NC,01001
48.9,0.9,11,NC,01001
50.7,-0.7,11,NC,01001
48.9,1.0,11,NC,01001
49.6,0.4,11,NC,01001
51.4,0.6,11,NC,01001
43.3,1.9,11,NC,01001
46.3,0.7,11,NC,01001
50.3,0.4,11,NC,01001
52.6,1.3,11,NC,01001
54.3,0.6,11,NC,01001
48.8,0.9,11,NC,01001
44.5,1.6,11,NC,01001
51.0,0.3,11,NC,01001
52.1,-0.3,11,NC,01001
50.7,0.5,11,NC,01001
50.6,-1.2,11,NC,01001
50.0,1.4,11,NC,01001
49.2,2.8,11,NC,01001
46.0,1.9,11,NC,01001
46.5,2.0,11,NC,01001
51.2,0.4,11,NC,01001
51.2,1.5,11,NC,01001
44.4,2.5,11,NC,01001
52.2,1.9,11,NC,01001
52.0,1.5,11,NC,01001
50.0,0.7,11,NC,01001
54.1,-0.1,11,NC,01001
49.3,0.1,11,NC,01001
53.1,-0.1,11,NC,01001
49.6,1.2,11,NC,01001
53.9,0.1,11,NC,01001
51.7,0.8,11,NC,01001
53.2,0.1,11,NC,01001
51.6,0.7,11,NC,01001
48.4,0.8,11,NC,01001
50.9,-0.5,11,NC,01001
50.1,1.4,11,NC,01001
50.1,1.0,11,NC,01001
53.0,1.8,11,NC,01001
53.5,1.2,11,NC,01001
48.2,0.5,11,NC,01001
49.4,0.9,11,NC,01001
50.0,1.5,11,NC,01001
51.9,0.1,11,NC,01001
53.6,2.0,11,NC,01001
51.4,1.2,11,NC,01001
47.7,0.9,11,NC,01001
47.0,1.2,11,NC,01001
44.8,2.1,11,NC,01001
45.7,1.4,11,NC,01001
53.5,1.0,11,NC,01001
51.9,1.4,11,NC,01001
48.7,0.7,11,NC,01001
50.5,0.8,11,NC,01001
48.9,0.6,11,NC,01001
52.2,0.7,11,NC,01001
42.9,1.5,11,NC,01001
50.9,-0.4,11,NC,01001
47.6,1.4,11,NC,01001
50.9,0.4,11,NC,01001
47.7,0.8,11,NC,01001
44.5,2.8,11,NC,01001
34.6,6.2,11,ND,01001
31.7,5.4,11,ND,01001
29.4,5.1,11,ND,01001
33.6,5.0,11,ND,01001
28.8,4.4,11,ND,01001
34.6,5.3,11,ND,01001
28.7,4.2,11,ND,01001
30.7,3.9,11,ND,01001
31.8,4.6,11,ND,01001
28.0,5.4,11,ND,01001
32.0,4.1,11,ND,01001
29.6,4.8,11,ND,01001
32.2,4.3,11,ND,01001
29.9,4.9,11,ND,01001
32.0,4.0,11,ND,01001
30.3,4.8,11,ND,01001
34.1,5.0,11,ND,01001
30.2,4.7,11,ND,01001
32.6,4.4,11,ND,01001
29.8,4.8,11,ND,01001
33.2,5.1,11,ND,01001
29.9,3.8,11,ND,01001
31.9,4.5,11,ND,01001
30.7,4.0,11,ND,01001
30.1,4.5,11,ND,01001
31.4,4.2,11,ND,01001
32.5,4.9,11,ND,01001
31.4,4.6,11,ND,01001
31.8,3.9,11,ND,01001
31.7,3.9,11,ND,01001
30.2,4.5,11,ND,01001
29.0,4.8,11,ND,01001
31.8,4.1,11,ND,01001
29.7,5.6,11,ND,01001
29.2,5.1,11,ND,01001
29.0,5.0,11,ND,01001
32.5,4.7,11,ND,01001
29.6,4.3,11,ND,01001
33.5,5.2,11,ND,01001
28.0,5.4,11,ND,01001
32.5,4.3,11,ND,01001
30.0,4.3,11,ND,01001
33.1,4.3,11,ND,01001
34.6,5.3,11,ND,01001
32.6,4.3,11,ND,01001
29.1,3.6,11,ND,01001
31.4,4.9,11,ND,01001
28.4,5.7,11,ND,01001
30.0,3.5,11,ND,01001
29.6,5.0,11,ND,01001
30.5,4.5,11,ND,01001
30.0,4.8,11,ND,01001
31.0,4.9,11,ND,01001
43.8,1.0,11,OH,01001
42.5,2.2,11,OH,01001
40.4,1.0,11,OH,01001
40.9,1.6,11,OH,01001
43.1,1.0,11,OH,01001
42.3,2.0,11,OH,01001
41.0,-0.1,11,OH,01001
44.0,1.6,11,OH,01001
43.8,1.7,11,OH,01001
40.2,0.3,11,OH,01001
41.7,1.3,11,OH,01001
43.0,2.1,11,OH,01001
45.1,2.3,11,OH,01001
44.2,2.9,11,OH,01001
40.0,0.3,11,OH,01001
40.8,0.4,11,OH,01001
41.4,1.9,11,OH,01001
42.6,2.0,11,OH,01001
42.3,1.9,11,OH,01001
40.9,1.3,11,OH,01001
42.3,1.4,11,OH,01001
42.8,1.6,11,OH,01001
41.7,0.3,11,OH,01001
43.4,2.2,11,OH,01001
43.4,1.7,11,OH,01001
40.9,1.9,11,OH,01001
43.4,-0.1,11,OH,01001
40.4,1.7,11,OH,01001
44.0,2.6,11,OH,01001
41.7,0.7,11,OH,01001
45.2,2.1,11,OH,01001
42.6,2.5,11,OH,01001
42.2,2.1,11,OH,01001
40.6,0.3,11,OH,01001
41.5,1.7,11,OH,01001
43.2,1.5,11,OH,01001
42.0,0.4,11,OH,01001
39.8,0.0,11,OH,01001
41.5,1.3,11,OH,01001
43.6,1.0,11,OH,01001
40.7,-0.3,11,OH,01001
39.9,0.2,11,OH,01001
42.7,2.4,11,OH,01001
44.6,0.9,11,OH,01001
40.9,0.4,11,OH,01001
41.4,1.5,11,OH,01001
41.8,0.9,11,OH,01001
42.7,2.6,11,OH,01001
43.4,2.4,11,OH,01001
40.1,1.0,11,OH,01001
42.2,2.0,11,OH,01001
41.1,1.0,11,OH,01001
43.0,0.1,11,OH,01001
41.9,1.8,11,OH,01001
43.2,2.2,11,OH,01001
41.8,0.3,11,OH,01001
43.9,2.3,11,OH,01001
42.6,0.9,11,OH,01001
40.7,1.1,11,OH,01001
42.2,1.1,11,OH,01001
42.3,0.9,11,OH,01001
42.5,1.7,11,OH,01001
41.5,1.5,11,OH,01001
41.8,0.8,11,OH,01001
43.2,1.0,11,OH,01001
44.0,1.4,11,OH,01001
40.1,1.1,11,OH,01001
42.1,1.3,11,OH,01001
42.2,2.0,11,OH,01001
40.4,1.4,11,OH,01001
43.6,1.3,11,OH,01001
42.2,1.6,11,OH,01001
44.2,1.2,11,OH,01001
41.9,1.8,11,OH,01001
41.9,1.6,11,OH,01001
40.3,0.7,11,OH,01001
41.2,1.3,11,OH,01001
40.4,1.4,11,OH,01001
40.8,0.6,11,OH,01001
42.3,1.7,11,OH,01001
41.8,1.7,11,OH,01001
43.0,1.0,11,OH,01001
44.6,2.5,11,OH,01001
43.6,1.2,11,OH,01001
40.1,0.3,11,OH,01001
39.7,1.0,11,OH,01001
42.6,2.4,11,OH,01001
42.5,2.3,11,OH,01001
50.6,2.7,11,OK,01001
48.4,2.5,11,OK,01001
53.7,2.2,11,OK,01001
47.7,3.2,11,OK,01001
50.5,2.9,11,OK,01001
49.6,2.4,11,OK,01001
54.8,2.6,11,OK,01001
51.2,2.8,11,OK,01001
51.1,3.1,11,OK,01001
53.2,1.6,11,OK,01001
51.4,2.7,11,OK,01001
53.7,1.9,11,OK,01001
46.4,3.8,11,OK,01001
52.5,2.9,11,OK,01001
53.4,2.0,11,OK,01001
52.3,2.3,11,OK,01001
53.6,2.4,11,OK,01001
49.9,2.4,11,OK,01001
51.8,2.9,11,OK,01001
49.5,2.5,11,OK,01001
50.4,2.6,11,OK,01001
49.0,2.7,11,OK,01001
48.8,3.4,11,OK,01001
49.5,2.6,11,OK,01001
52.4,1.9,11,OK,01001
52.0,2.8,11,OK,01001
48.7,2.7,11,OK,01001
51.7,3.0,11,OK,01001
52.2,3.1,11,OK,01001
48.1,3.0,11,OK,01001
53.6,3.1,11,OK,01001
52.6,2.0,11,OK,01001
52.9,3.1,11,OK,01001
53.7,1.8,11,OK,01001
53.6,1.9,11,OK,01001
49.6,3.0,11,OK,01001
50.4,2.5,11,OK,01001
51.8,2.9,11,OK,01001
53.0,2.5,11,OK,01001
52.3,2.4,11,OK,01001
52.1,2.9,11,OK,01001
51.1,2.9,11,OK,01001
54.2,1.8,11,OK,01001
52.5,2.8,11,OK,01001
52.6,1.8,11,OK,01001
53.3,2.9,11,OK,01001
48.8,2.2,11,OK,01001
54.5,2.1,11,OK,01001
50.9,2.3,11,OK,01001
52.6,1.4,11,OK,01001
53.0,3.1,11,OK,01001
50.7,3.2,11,OK,01001
49.8,2.4,11,OK,01001
52.5,2.5,11,OK,01001
52.0,3.1,11,OK,01001
52.6,2.6,11,OK,01001
49.9,2.6,11,OK,01001
50.7,3.4,11,OK,01001
50.9,2.9,11,OK,01001
51.5,3.2,11,OK,01001
52.9,2.0,11,OK,01001
52.6,1.7,11,OK,01001
52.7,2.7,11,OK,01001
52.8,2.0,11,OK,01001
49.8,3.2,11,OK,01001
50.9,2.6,11,OK,01001
52.6,2.4,11,OK,01001
52.5,2.8,11,OK,01001
52.4,1.6,11,OK,01001
47.4,3.6,11,OK,01001
53.5,2.8,11,OK,01001
51.6,2.8,11,OK,01001
52.0,2.5,11,OK,01001
49.9,2.5,11,OK,01001
50.3,2.4,11,OK,01001
48.0,2.7,11,OK,01001
48.4,2.9,11,OK,01001
36.7,3.0,11,OR,01001
45.1,0.6,11,OR,01001
42.2,1.9,11,OR,01001
44.6,1.0,11,OR,01001
43.9,1.2,11,OR,01001
48.9,2.4,11,OR,01001
37.8,2.1,11,OR,01001
48.4,2.2,11,OR,01001
37.1,2.0,11,OR,01001
44.6,1.8,11,OR,01001
39.7,0.8,11,OR,01001
37.1,3.1,11,OR,01001
37.7,3.0,11,OR,01001
37.6,1.3,11,OR,01001
43.3,2.5,11,OR,01001
39.1,1.7,11,OR,01001
44.6,2.5,11,OR,01001
37.4,2.6,11,OR,01001
37.3,2.3,11,OR,01001
44.0,1.7,11,OR,01001
47.0,1.0,11,OR,01001
43.3,2.1,11,OR,01001
38.2,2.4,11,OR,01001
43.0,1.1,11,OR,01001
40.2,1.9,11,OR,01001
45.0,1.9,11,OR,01001
44.9,0.8,11,OR,01001
39.5,0.7,11,OR,01001
45.0,1.7,11,OR,01001
39.8,2.5,11,OR,01001
36.6,2.8,11,OR,01001
35.1,2.2,11,OR,01001
38.8,0.9,11,OR,01001
44.6,1.6,11,OR,01001
38.5,1.4,11,OR,01001
44.7,0.6,11,OR,01001
42.4,0.4,11,PA,01001
42.4,1.0,11,PA,01001
39.7,-0.0,11,PA,01001
40.7,-0.2,11,PA,01001
41.1,0.7,11,PA,01001
41.1,-0.6,11,PA,01001
40.2,0.6,11,PA,01001
37.2,-0.2,11,PA,01001
41.9,-0.3,11,PA,01001
39.5,-0.2,11,PA,01001
38.4,0.1,11,PA,01001
37.8,-0.1,11,PA,01001
38.2,0.0,11,PA,01001
39.2,-0.0,11,PA,01001
42.6,0.1,11,PA,01001
38.2,-0.2,11,PA,01001
38.3,0.1,11,PA,01001
38.5,-0.2,11,PA,01001
38.9,0.0,11,PA,01001
38.8,0.7,11,PA,01001
42.4,0.7,11,PA,01001
41.9,0.9,11,PA,01001
44.8,0.6,11,PA,01001
38.1,1.2,11,PA,01001
39.6,0.9,11,PA,01001
40.4,-0.3,11,PA,01001
37.9,0.4,11,PA,01001
41.8,0.2,11,PA,01001
41.8,0.6,11,PA,01001
41.1,-0.2,11,PA,01001
41.4,0.7,11,PA,01001
39.3,-0.0,11,PA,01001
38.4,0.7,11,PA,01001
41.9,0.7,11,PA,01001
37.4,-0.0,11,PA,01001
42.2,0.1,11,PA,01001
39.9,0.0,11,PA,01001
41.4,0.3,11,PA,01001
40.9,-0.0,11,PA,01001
37.7,-0.1,11,PA,01001
38.4,0.2,11,PA,01001
37.6,1.4,11,PA,01001
39.3,0.7,11,PA,01001
41.5,0.8,11,PA,01001
37.8,0.1,11,PA,01001
42.8,-0.0,11,PA,01001
39.9,0.3,11,PA,01001
40.4,0.4,11,PA,01001
40.0,0.2,11,PA,01001
42.0,0.7,11,PA,01001
44.7,0.4,11,PA,01001
37.7,0.0,11,PA,01001
36.8,0.2,11,PA,01001
39.2,-0.1,11,PA,01001
40.5,0.2,11,PA,01001
38.5,0.3,11,PA,01001
35.9,-0.3,11,PA,01001
36.9,-0.3,11,PA,01001
37.2,0.4,11,PA,01001
39.8,0.2,11,PA,01001
38.2,-0.0,11,PA,01001
37.8,0.8,11,PA,01001
41.4,0.2,11,PA,01001
36.7,-0.3,11,PA,01001
41.1,0.4,11,PA,01001
37.6,-0.0,11,PA,01001
42.8,0.8,11,PA,01001
42.1,-0.9,11,RI,01001
40.8,-0.5,11,RI,01001
42.4,-0.8,11,RI,01001
40.1,-0.6,11,RI,01001
41.7,-0.3,11,RI,01001
53.6,2.2,11,SC,01001
54.9,1.2,11,SC,01001
55.2,0.5,11,SC,01001
52.8,2.0,11,SC,01001
54.6,0.0,11,SC,01001
54.7,0.4,11,SC,01001
58.5,1.0,11,SC,01001
56.6,1.2,11,SC,01001
54.9,0.7,11,SC,01001
57.9,1.4,11,SC,01001
50.4,1.0,11,SC,01001
51.6,0.6,11,SC,01001
52.7,1.2,11,SC,01001
54.9,0.7,11,SC,01001
56.8,1.4,11,SC,01001
53.7,1.2,11,SC,01001
54.1,1.4,11,SC,01001
56.9,1.7,11,SC,01001
54.8,1.7,11,SC,01001
52.8,0.8,11,SC,01001
54.6,1.1,11,SC,01001
55.2,0.1,11,SC,01001
51.4,1.6,11,SC,01001
53.6,1.8,11,SC,01001
56.1,0.8,11,SC,01001
54.2,0.3,11,SC,01001
57.4,0.9,11,SC,01001
53.4,1.3,11,SC,01001
52.1,1.3,11,SC,01001
52.4,1.3,11,SC,01001
54.1,1.2,11,SC,01001
54.4,1.5,11,SC,01001
54.6,2.2,11,SC,01001
54.5,1.0,11,SC,01001
53.7,1.5,11,SC,01001
53.0,1.3,11,SC,01001
50.8,0.8,11,SC,01001
55.0,0.6,11,SC,01001
51.5,1.8,11,SC,01001
54.3,0.9,11,SC,01001
54.0,1.8,11,SC,01001
51.4,1.4,11,SC,01001
54.9,1.2,11,SC,01001
51.5,0.8,11,SC,01001
54.9,0.6,11,SC,01001
50.8,0.7,11,SC,01001
37.6,4.9,11,SD,01001
36.3,4.9,11,SD,01001
40.0,6.8,11,SD,01001
39.3,4.7,11,SD,01001
34.9,4.8,11,SD,01001
33.9,5.3,11,SD,01001
38.3,5.3,11,SD,01001
36.9,4.9,11,SD,01001
37.3,5.1,11,SD,01001
33.6,4.2,11,SD,01001
39.6,5.1,11,SD,01001
35.3,6.0,11,SD,01001
39.2,4.9,11,SD,01001
34.4,6.0,11,SD,01001
34.7,4.8,11,SD,01001
38.2,5.1,11,SD,01001
37.8,4.6,11,SD,01001
34.2,6.0,11,SD,01001
34.9,5.7,11,SD,01001
36.4,5.4,11,SD,01001
38.5,4.8,11,SD,01001
33.9,4.8,11,SD,01001
39.0,5.1,11,SD,01001
34.9,5.2,11,SD,01001
35.3,6.0,11,SD,01001
40.0,5.7,11,SD,01001
37.5,4.6,11,SD,01001
34.8,5.8,11,SD,01001
35.7,4.8,11,SD,01001
37.9,4.9,11,SD,01001
36.4,6.2,11,SD,01001
37.2,4.9,11,SD,01001
38.8,5.2,11,SD,01001
35.9,5.3,11,SD,01001
39.4,5.5,11,SD,01001
36.5,4.6,11,SD,01001
38.9,5.3,11,SD,01001
35.7,5.4,11,SD,01001
35.8,4.8,11,SD,01001
35.7,4.4,11,SD,01001
37.8,4.9,11,SD,01001
38.6,5.2,11,SD,01001
37.6,5.4,11,SD,01001
32.6,4.4,11,SD,01001
32.6,4.5,11,SD,01001
37.9,5.0,11,SD,01001
40.1,6.0,11,SD,01001
36.7,4.9,11,SD,01001
37.2,5.4,11,SD,01001
35.4,4.4,11,SD,01001
40.4,6.4,11,SD,01001
37.8,5.0,11,SD,01001
36.3,6.4,11,SD,01001
35.4,5.6,11,SD,01001
34.4,5.4,11,SD,01001
37.0,4.5,11,SD,01001
35.6,5.4,11,SD,01001
37.2,4.4,11,SD,01001
36.7,5.5,11,SD,01001
40.0,6.1,11,SD,01001
39.9,5.9,11,SD,01001
38.4,5.4,11,SD,01001
39.2,4.9,11,SD,01001
34.5,4.9,11,SD,01001
39.3,5.1,11,SD,01001
37.0,5.7,11,SD,01001
49.6,3.2,11,TN,01001
50.6,2.4,11,TN,01001
49.6,1.7,11,TN,01001
49.4,2.8,11,TN,01001
50.9,3.5,11,TN,01001
51.6,3.1,11,TN,01001
47.1,2.0,11,TN,01001
49.7,2.3,11,TN,01001
50.1,2.2,11,TN,01001
45.6,2.0,11,TN,01001
50.7,3.1,11,TN,01001
50.8,2.3,11,TN,01001
47.3,2.1,11,TN,01001
49.8,2.9,11,TN,01001
49.4,2.7,11,TN,01001
49.7,2.4,11,TN,01001
50.8,2.4,11,TN,01001
47.6,2.6,11,TN,01001
51.1,3.1,11,TN,01001
51.0,2.4,11,TN,01001
50.0,2.6,11,TN,01001
50.2,3.0,11,TN,01001
51.5,3.2,11,TN,01001
51.9,2.3,11,TN,01001
47.4,2.8,11,TN,01001
50.3,2.3,11,TN,01001
50.6,2.6,11,TN,01001
50.5,2.3,11,TN,01001
49.1,2.9,11,TN,01001
48.3,1.7,11,TN,01001
48.3,2.2,11,TN,01001
49.6,2.7,11,TN,01001
51.7,3.3,11,TN,01001
47.6,2.1,11,TN,01001
51.2,2.2,11,TN,01001
51.7,2.8,11,TN,01001
48.2,1.9,11,TN,01001
51.0,2.2,11,TN,01001
50.5,2.3,11,TN,01001
49.2,1.6,11,TN,01001
49.9,2.3,11,TN,01001
49.6,2.2,11,TN,01001
49.4,1.8,11,TN,01001
50.1,2.7,11,TN,01001
50.5,3.3,11,TN,01001
43.2,1.0,11,TN,01001
51.0,3.6,11,TN,01001
50.8,2.8,11,TN,01001
51.8,2.8,11,TN,01001
50.5,2.6,11,TN,01001
50.0,2.4,11,TN,01001
50.9,2.1,11,TN,01001
51.3,3.4,11,TN,01001
51.2,3.2,11,TN,01001
51.1,2.1,11,TN,01001
49.3,2.4,11,TN,01001
50.8,2.4,11,TN,01001
50.3,2.4,11,TN,01001
50.5,2.4,11,TN,01001
50.2,2.4,11,TN,01001
51.0,3.1,11,TN,01001
50.2,2.7,11,TN,01001
50.4,3.0,11,TN,01001
50.6,2.3,11,TN,01001
48.2,2.9,11,TN,01001
50.2,2.6,11,TN,01001
49.4,3.3,11,TN,01001
50.6,2.4,11,TN,01001
48.7,2.9,11,TN,01001
50.5,2.4,11,TN,01001
49.5,3.0,11,TN,01001
50.2,2.9,11,TN,01001
50.7,3.3,11,TN,01001
49.6,2.3,11,TN,01001
50.5,2.4,11,TN,01001
46.8,2.3,11,TN,01001
49.5,2.6,11,TN,01001
48.7,2.8,11,TN,01001
52.7,2.1,11,TN,01001
50.0,2.2,11,TN,01001
49.6,2.2,11,TN,01001
47.4,1.8,11,TN,01001
49.9,2.5,11,TN,01001
51.8,2.1,11,TN,01001
49.9,2.2,11,TN,01001
45.5,1.7,11,TN,01001
48.7,2.7,11,TN,01001
48.9,2.6,11,TN,01001
49.6,2.6,11,TN,01001
47.8,1.7,11,TN,01001
51.2,3.1,11,TN,01001
50.0,2.4,11,TN,01001
49.4,2.8,11,TN,01001
50.6,2.9,11,TN,01001
50.3,2.4,11,TN,01001
56.2,0.3,11,TX,01001
54.1,3.3,11,TX,01001
57.6,0.8,11,TX,01001
64.2,0.5,11,TX,01001
55.2,2.8,11,TX,01001
51.1,4.5,11,TX,01001
61.2,0.1,11,TX,01001
61.2,1.7,11,TX,01001
49.4,3.6,11,TX,01001
57.4,0.4,11,TX,01001
59.9,1.5,11,TX,01001
55.2,3.1,11,TX,01001
62.3,-0.2,11,TX,01001
57.5,1.3,11,TX,01001
60.7,1.1,11,TX,01001
57.8,1.1,11,TX,01001
54.2,2.3,11,TX,01001
57.0,1.7,11,TX,01001
55.2,2.2,11,TX,01001
61.7,0.2,11,TX,01001
59.2,1.4,11,TX,01001
55.7,1.3,11,TX,01001
51.7,3.6,11,TX,01001
64.1,-0.7,11,TX,01001
56.0,1.9,11,TX,01001
59.9,1.9,11,TX,01001
57.3,1.0,11,TX,01001
60.6,1.8,11,TX,01001
63.0,0.3,11,TX,01001
55.2,1.9,11,TX,01001
66.4,-1.3,11,TX,01001
55.6,1.8,11,TX,01001
50.4,5.1,11,TX,01001
55.3,1.5,11,TX,01001
50.0,4.6,11,TX,01001
61.1,0.5,11,TX,01001
56.3,0.3,11,TX,01001
52.9,3.2,11,TX,01001
54.7,2.4,11,TX,01001
49.8,2.9,11,TX,01001
55.3,2.1,11,TX,01001
55.4,1.6,11,TX,01001
55.8,2.1,11,TX,01001
51.3,3.2,11,TX,01001
61.3,1.3,11,TX,01001
59.3,1.0,11,TX,01001
56.6,2.5,11,TX,01001
55.7,1.9,11,TX,01001
54.8,2.0,11,TX,01001
56.8,1.2,11,TX,01001
53.6,2.9,11,TX,01001
56.8,3.3,11,TX,01001
56.1,2.2,11,TX,01001
51.3,2.2,11,TX,01001
53.7,3.3,11,TX,01001
46.0,3.3,11,TX,01001
56.8,1.7,11,TX,01001
52.7,1.7,11,TX,01001
49.2,4.9,11,TX,01001
55.1,1.9,11,TX,01001
55.8,1.7,11,TX,01001
61.6,0.7,11,TX,01001
53.2,2.5,11,TX,01001
61.2,-0.1,11,TX,01001
51.2,3.9,11,TX,01001
63.1,-0.1,11,TX,01001
55.6,2.3,11,TX,01001
55.6,3.7,11,TX,01001
57.0,1.7,11,TX,01001
57.2,1.5,11,TX,01001
55.8,5.1,11,TX,01001
57.1,3.2,11,TX,01001
57.4,1.1,11,TX,01001
55.3,2.6,11,TX,01001
60.8,1.6,11,TX,01001
54.9,2.8,11,TX,01001
50.5,2.7,11,TX,01001
54.1,2.9,11,TX,01001
61.3,0.7,11,TX,01001
55.9,2.3,11,TX,01001
56.8,0.7,11,TX,01001
61.1,0.4,11,TX,01001
52.2,2.3,11,TX,01001
62.2,0.5,11,TX,01001
53.6,2.5,11,TX,01001
56.2,0.7,11,TX,01001
55.1,2.8,11,TX,01001
62.2,0.2,11,TX,01001
61.2,1.2,11,TX,01001
51.1,5.3,11,TX,01001
55.3,2.3,11,TX,01001
55.2,0.2,11,TX,01001
59.0,1.0,11,TX,01001
60.8,1.3,11,TX,01001
49.9,2.9,11,TX,01001
52.8,3.6,11,TX,01001
56.7,2.0,11,TX,01001
49.0,4.3,11,TX,01001
53.4,2.9,11,TX,01001
58.6,0.2,11,TX,01001
61.2,0.9,11,TX,01001
54.9,-0.1,11,TX,01001
46.7,3.1,11,TX,01001
55.5,3.2,11,TX,01001
58.6,0.9,11,TX,01001
50.2,4.3,11,TX,01001
56.1,0.8,11,TX,01001
65.5,-1.2,11,TX,01001
57.1,1.3,11,TX,01001
50.3,2.6,11,TX,01001
56.9,2.3,11,TX,01001
55.4,1.9,11,TX,01001
56.4,-0.4,11,TX,01001
55.1,2.6,11,TX,01001
53.8,4.3,11,TX,01001
55.5,2.2,11,TX,01001
51.1,5.2,11,TX,01001
55.3,2.2,11,TX,01001
54.8,2.1,11,TX,01001
61.8,0.5,11,TX,01001
57.6,0.2,11,TX,01001
53.2,2.7,11,TX,01001
60.6,0.6,11,TX,01001
64.1,-0.2,11,TX,01001
63.6,-0.1,11,TX,01001
57.0,2.0,11,TX,01001
55.4,2.6,11,TX,01001
61.1,-0.1,11,TX,01001
56.4,1.4,11,TX,01001
57.8,0.9,11,TX,01001
64.9,-0.7,11,TX,01001
54.4,2.7,11,TX,01001
55.7,0.5,11,TX,01001
55.9,1.7,11,TX,01001
54.6,3.1,11,TX,01001
60.6,1.8,11,TX,01001
65.2,0.5,11,TX,01001
55.0,3.2,11,TX,01001
54.3,1.5,11,TX,01001
49.6,3.1,11,TX,01001
56.6,1.2,11,TX,01001
61.8,-0.1,11,TX,01001
61.6,1.4,11,TX,01001
59.8,1.7,11,TX,01001
56.1,-0.5,11,TX,01001
59.7,0.4,11,TX,01001
57.0,0.9,11,TX,01001
49.0,3.9,11,TX,01001
62.4,-0.1,11,TX,01001
57.9,2.0,11,TX,01001
55.8,3.6,11,TX,01001
51.0,2.8,11,TX,01001
52.0,2.2,11,TX,01001
55.8,1.4,11,TX,01001
57.2,1.1,11,TX,01001
62.0,-0.2,11,TX,01001
57.2,-0.1,11,TX,01001
54.7,0.2,11,TX,01001
54.5,2.6,11,TX,01001
56.6,1.6,11,TX,01001
61.3,-0.5,11,TX,01001
61.4,1.0,11,TX,01001
60.3,1.1,11,TX,01001
55.4,1.9,11,TX,01001
55.3,3.0,11,TX,01001
58.4,1.5,11,TX,01001
56.2,1.6,11,TX,01001
55.1,2.6,11,TX,01001
54.5,2.1,11,TX,01001
59.7,1.0,11,TX,01001
49.0,4.3,11,TX,01001
55.5,1.8,11,TX,01001
52.9,3.0,11,TX,01001
56.6,0.5,11,TX,01001
57.4,1.5,11,TX,01001
57.9,0.6,11,TX,01001
54.9,2.7,11,TX,01001
64.7,0.5,11,TX,01001
49.3,4.3,11,TX,01001
48.3,3.5,11,TX,01001
59.7,0.6,11,TX,01001
56.3,2.7,11,TX,01001
55.5,0.1,11,TX,01001
55.8,1.8,11,TX,01001
49.5,4.7,11,TX,01001
56.4,3.2,11,TX,01001
58.0,0.3,11,TX,01001
49.8,4.5,11,TX,01001
55.7,2.3,11,TX,01001
55.4,1.5,11,TX,01001
49.9,4.6,11,TX,01001
55.4,2.8,11,TX,01001
57.0,0.9,11,TX,01001
54.6,2.1,11,TX,01001
55.8,3.2,11,TX,01001
63.2,0.2,11,TX,01001
51.1,5.3,11,TX,01001
57.5,0.6,11,TX,01001
56.1,1.9,11,TX,01001
55.4,1.9,11,TX,01001
55.5,-0.0,11,TX,01001
56.9,0.7,11,TX,01001
56.7,0.4,11,TX,01001
58.3,0.1,11,TX,01001
63.8,0.0,11,TX,01001
56.8,1.8,11,TX,01001
55.0,1.8,11,TX,01001
54.4,2.6,11,TX,01001
55.9,2.8,11,TX,01001
55.9,0.3,11,TX,01001
47.7,3.7,11,TX,01001
55.2,0.3,11,TX,01001
57.3,2.4,11,TX,01001
65.1,-0.6,11,TX,01001
55.9,2.9,11,TX,01001
55.0,2.3,11,TX,01001
55.1,3.0,11,TX,01001
55.6,1.8,11,TX,01001
50.0,3.7,11,TX,01001
56.7,1.7,11,TX,01001
55.4,2.4,11,TX,01001
56.8,1.7,11,TX,01001
51.1,2.0,11,TX,01001
55.8,3.3,11,TX,01001
56.0,2.7,11,TX,01001
55.5,1.8,11,TX,01001
58.6,1.0,11,TX,01001
57.3,0.1,11,TX,01001
57.6,0.1,11,TX,01001
55.0,0.7,11,TX,01001
56.3,2.9,11,TX,01001
59.8,0.8,11,TX,01001
58.0,1.1,11,TX,01001
55.6,1.1,11,TX,01001
62.4,0.7,11,TX,01001
57.6,-0.2,11,TX,01001
60.9,1.6,11,TX,01001
56.6,3.7,11,TX,01001
60.7,2.0,11,TX,01001
62.9,0.1,11,TX,01001
61.1,0.3,11,TX,01001
50.8,4.0,11,TX,01001
54.7,3.0,11,TX,01001
54.2,2.9,11,TX,01001
65.7,-1.1,11,TX,01001
57.9,1.0,11,TX,01001
60.9,0.4,11,TX,01001
55.7,3.8,11,TX,01001
55.2,1.9,11,TX,01001
55.4,1.3,11,TX,01001
50.9,2.8,11,TX,01001
55.5,2.8,11,TX,01001
64.7,0.0,11,TX,01001
60.8,0.2,11,TX,01001
39.6,2.9,11,UT,01001
38.0,3.0,11,UT,01001
35.0,3.4,11,UT,01001
36.0,4.1,11,UT,01001
31.8,2.7,11,UT,01001
40.2,3.6,11,UT,01001
33.2,3.9,11,UT,01001
40.0,3.2,11,UT,01001
39.5,2.9,11,UT,01001
40.3,3.6,11,UT,01001
39.9,2.8,11,UT,01001
39.4,2.2,11,UT,01001
42.6,2.3,11,UT,01001
40.3,2.5,11,UT,01001
35.8,3.9,11,UT,01001
36.2,3.7,11,UT,01001
32.1,3.4,11,UT,01001
39.8,3.3,11,UT,01001
42.5,2.8,11,UT,01001
36.3,3.7,11,UT,01001
37.2,3.7,11,UT,01001
31.6,4.0,11,UT,01001
38.7,1.4,11,UT,01001
35.4,3.3,11,UT,01001
38.2,3.4,11,UT,01001
34.0,4.3,11,UT,01001
46.6,2.3,11,UT,01001
41.1,3.4,11,UT,01001
37.6,4.1,11,UT,01001
33.4,-1.0,11,VT,01001
33.5,-0.2,11,VT,01001
31.8,-0.1,11,VT,01001
34.6,0.1,11,VT,01001
30.2,-0.8,11,VT,01001
34.1,0.3,11,VT,01001
35.6,-0.2,11,VT,01001
32.3,0.4,11,VT,01001
33.3,0.4,11,VT,01001
30.9,-0.8,11,VT,01001
33.4,-0.5,11,VT,01001
32.2,-0.2,11,VT,01001
34.0,-0.6,11,VT,01001
33.9,0.1,11,VT,01001
49.1,0.3,11,VA,01001
46.9,1.6,11,VA,01001
42.4,-0.3,11,VA,01001
47.6,0.3,11,VA,01001
45.0,0.1,11,VA,01001
46.4,0.6,11,VA,01001
46.5,0.8,11,VA,01001
43.7,1.2,11,VA,01001
41.5,-0.1,11,VA,01001
45.8,0.2,11,VA,01001
41.8,0.2,11,VA,01001
44.5,-0.2,11,VA,01001
48.4,0.4,11,VA,01001
44.6,0.8,11,VA,01001
47.1,0.9,11,VA,01001
45.6,-0.1,11,VA,01001
46.3,-0.3,11,VA,01001
43.6,1.0,11,VA,01001
48.8,-0.6,11,VA,01001
46.5,0.0,11,VA,01001
47.8,-0.2,11,VA,01001
43.6,0.3,11,VA,01001
43.1,0.2,11,VA,01001
45.1,0.3,11,VA,01001
47.1,0.5,11,VA,01001
45.0,1.2,11,VA,01001
48.2,0.1,11,VA,01001
46.9,-0.7,11,VA,01001
46.1,0.8,11,VA,01001
44.9,0.7,11,VA,01001
43.2,0.9,11,VA,01001
46.9,0.8,11,VA,01001
46.3,0.6,11,VA,01001
43.0,0.3,11,VA,01001
42.5,0.1,11,VA,01001
49.2,-0.2,11,VA,01001
46.8,0.2,11,VA,01001
41.7,0.9,11,VA,01001
45.3,1.3,11,VA,01001
48.6,-0.0,11,VA,01001
46.9,-0.1,11,VA,01001
46.8,-0.3,11,VA,01001
47.8,-0.2,11,VA,01001
46.8,0.1,11,VA,01001
39.3,0.0,11,VA,01001
50.0,0.0,11,VA,01001
49.4,-0.1,11,VA,01001
47.1,-0.9,11,VA,01001
47.2,0.4,11,VA,01001
47.0,-0.8,11,VA,01001
48.0,-0.4,11,VA,01001
46.6,1.8,11,VA,01001
44.7,0.8,11,VA,01001
45.9,0.2,11,VA,01001
47.5,0.3,11,VA,01001
44.5,0.8,11,VA,01001
49.3,-0.1,11,VA,01001
48.0,0.4,11,VA,01001
48.2,-0.5,11,VA,01001
44.4,1.0,11,VA,01001
45.9,1.2,11,VA,01001
48.0,-0.6,11,VA,01001
49.8,-0.1,11,VA,01001
48.2,0.2,11,VA,01001
47.8,0.6,11,VA,01001
45.5,0.3,11,VA,01001
43.2,0.7,11,VA,01001
45.6,0.4,11,VA,01001
46.4,-0.3,11,VA,01001
47.3,0.3,11,VA,01001
46.9,0.4,11,VA,01001
48.6,-0.6,11,VA,01001
46.2,1.1,11,VA,01001
43.5,0.5,11,VA,01001
43.7,0.4,11,VA,01001
47.3,-0.4,11,VA,01001
45.8,0.9,11,VA,01001
43.6,-0.3,11,VA,01001
43.6,1.2,11,VA,01001
44.7,1.3,11,VA,01001
46.8,1.7,11,VA,01001
43.0,0.3,11,VA,01001
42.6,0.8,11,VA,01001
49.2,0.0,11,VA,01001
45.3,-0.2,11,VA,01001
46.5,0.8,11,VA,01001
49.4,-0.2,11,VA,01001
48.6,-0.2,11,VA,01001
42.2,0.7,11,VA,01001
43.4,0.3,11,VA,01001
45.0,1.2,11,VA,01001
47.7,0.2,11,VA,01001
44.7,1.4,11,VA,01001
42.8,0.7,11,VA,01001
50.0,0.0,11,VA,01001
47.0,0.9,11,VA,01001
46.9,1.8,11,VA,01001
44.4,-0.6,11,VA,01001
47.4,1.5,11,VA,01001
51.0,0.6,11,VA,01001
48.1,-0.6,11,VA,01001
43.6,-0.5,11,VA,01001
47.4,-0.3,11,VA,01001
48.5,-0.2,11,VA,01001
45.8,0.7,11,VA,01001
45.9,0.6,11,VA,01001
49.6,0.1,11,VA,01001
46.0,0.2,11,VA,01001
43.4,1.1,11,VA,01001
50.8,0.0,11,VA,01001
44.8,1.5,11,VA,01001
48.4,-0.9,11,VA,01001
45.7,0.1,11,VA,01001
46.0,1.0,11,VA,01001
46.0,0.9,11,VA,01001
46.7,0.0,11,VA,01001
50.5,0.0,11,VA,01001
51.7,0.4,11,VA,01001
44.9,1.5,11,VA,01001
48.2,-0.5,11,VA,01001
50.7,0.1,11,VA,01001
51.6,0.3,11,VA,01001
44.3,0.8,11,VA,01001
47.8,-0.1,11,VA,01001
47.1,1.1,11,VA,01001
47.1,1.2,11,VA,01001
45.2,1.9,11,VA,01001
50.3,0.3,11,VA,01001
51.8,0.6,11,VA,01001
45.8,2.0,11,VA,01001
49.6,0.1,11,VA,01001
43.2,0.3,11,VA,01001
37.2,0.6,11,WA,01001
38.8,1.8,11,WA,01001
39.9,0.1,11,WA,01001
32.6,0.6,11,WA,01001
41.9,0.7,11,WA,01001
45.0,1.4,11,WA,01001
37.3,0.9,11,WA,01001
43.2,1.5,11,WA,01001
35.3,0.7,11,WA,01001
31.0,0.7,11,WA,01001
38.8,-0.2,11,WA,01001
38.6,1.8,11,WA,01001
37.6,0.8,11,WA,01001
42.8,-0.6,11,WA,01001
44.3,0.3,11,WA,01001
39.5,0.6,11,WA,01001
40.8,0.9,11,WA,01001
44.4,0.4,11,WA,01001
34.6,0.8,11,WA,01001
38.6,1.4,11,WA,01001
40.8,1.0,11,WA,01001
34.9,0.4,11,WA,01001
41.5,0.1,11,WA,01001
31.2,0.7,11,WA,01001
43.5,-0.7,11,WA,01001
30.7,0.5,11,WA,01001
40.2,0.9,11,WA,01001
44.8,0.7,11,WA,01001
39.1,1.5,11,WA,01001
38.4,1.3,11,WA,01001
39.4,1.0,11,WA,01001
36.0,1.3,11,WA,01001
32.7,0.5,11,WA,01001
44.2,0.7,11,WA,01001
44.3,0.4,11,WA,01001
39.8,-0.3,11,WA,01001
37.4,1.6,11,WA,01001
38.9,1.5,11,WA,01001
36.6,1.3,11,WA,01001
42.0,0.7,11,WV,01001
42.8,0.2,11,WV,01001
45.1,0.8,11,WV,01001
43.5,0.1,11,WV,01001
41.2,-0.2,11,WV,01001
45.6,1.0,11,WV,01001
44.5,1.4,11,WV,01001
44.1,0.1,11,WV,01001
43.1,0.9,11,WV,01001
42.7,0.1,11,WV,01001
44.4,1.5,11,WV,01001
40.5,-0.1,11,WV,01001
40.3,0.0,11,WV,01001
42.9,0.7,11,WV,01001
40.6,-0.6,11,WV,01001
42.0,0.3,11,WV,01001
42.4,0.3,11,WV,01001
44.2,0.6,11,WV,01001
43.1,-0.1,11,WV,01001
45.3,0.6,11,WV,01001
43.1,0.4,11,WV,01001
46.0,1.0,11,WV,01001
45.8,1.0,11,WV,01001
43.7,0.3,11,WV,01001
41.9,0.1,11,WV,01001
41.2,-0.3,11,WV,01001
43.6,-0.3,11,WV,01001
41.7,-0.5,11,WV,01001
42.2,-0.0,11,WV,01001
46.1,0.9,11,WV,01001
41.8,0.3,11,WV,01001
42.3,0.2,11,WV,01001
42.9,0.6,11,WV,01001
41.4,-0.4,11,WV,01001
41.2,-0.1,11,WV,01001
40.4,0.5,11,WV,01001
43.6,1.3,11,WV,01001
37.7,0.0,11,WV,01001
40.2,0.5,11,WV,01001
45.0,0.4,11,WV,01001
42.2,0.0,11,WV,01001
38.6,0.5,11,WV,01001
44.1,1.7,11,WV,01001
44.7,1.1,11,WV,01001
42.8,0.0,11,WV,01001
42.4,0.5,11,WV,01001
38.3,0.4,11,WV,01001
43.0,0.9,11,WV,01001
41.8,0.3,11,WV,01001
46.0,1.1,11,WV,01001
39.7,-0.7,11,WV,01001
41.8,0.1,11,WV,01001
44.4,1.5,11,WV,01001
44.5,1.5,11,WV,01001
43.4,0.1,11,WV,01001
35.6,3.0,11,WI,01001
31.5,2.8,11,WI,01001
32.5,2.7,11,WI,01001
32.0,3.3,11,WI,01001
36.6,3.3,11,WI,01001
36.0,3.5,11,WI,01001
33.0,3.8,11,WI,01001
36.5,3.1,11,WI,01001
33.8,3.2,11,WI,01001
34.1,3.7,11,WI,01001
36.6,2.6,11,WI,01001
37.0,2.7,11,WI,01001
37.6,2.7,11,WI,01001
36.5,2.0,11,WI,01001
36.4,2.2,11,WI,01001
31.6,3.2,11,WI,01001
34.4,3.1,11,WI,01001
35.1,3.9,11,WI,01001
32.1,3.4,11,WI,01001
36.6,2.7,11,WI,01001
31.3,3.1,11,WI,01001
37.2,2.2,11,WI,01001
37.5,2.1,11,WI,01001
35.5,1.8,11,WI,01001
36.6,2.2,11,WI,01001
30.1,2.1,11,WI,01001
35.4,3.8,11,WI,01001
37.6,2.0,11,WI,01001
35.5,3.0,11,WI,01001
39.9,2.9,11,WI,01001
36.6,2.9,11,WI,01001
36.5,3.2,11,WI,01001
36.7,1.6,11,WI,01001
31.9,3.3,11,WI,01001
31.8,2.7,11,WI,01001
37.1,3.1,11,WI,01001
33.6,3.5,11,WI,01001
34.8,3.5,11,WI,01001
35.4,2.0,11,WI,01001
34.1,3.6,11,WI,01001
39.9,3.3,11,WI,01001
34.7,2.4,11,WI,01001
35.1,3.4,11,WI,01001
30.8,2.3,11,WI,01001
36.6,3.6,11,WI,01001
37.8,2.2,11,WI,01001
35.6,3.3,11,WI,01001
35.0,3.5,11,WI,01001
33.8,3.9,11,WI,01001
35.4,3.8,11,WI,01001
31.0,2.6,11,WI,01001
39.4,2.8,11,WI,01001
36.7,2.8,11,WI,01001
37.9,1.9,11,WI,01001
31.7,1.9,11,WI,01001
34.4,3.5,11,WI,01001
36.2,2.5,11,WI,01001
31.0,2.6,11,WI,01001
34.8,3.5,11,WI,01001
37.2,2.7,11,WI,01001
32.0,2.7,11,WI,01001
36.2,3.9,11,WI,01001
35.8,2.7,11,WI,01001
29.8,1.9,11,WI,01001
37.4,1.4,11,WI,01001
31.5,2.7,11,WI,01001
36.1,1.7,11,WI,01001
38.0,2.7,11,WI,01001
36.4,3.9,11,WI,01001
36.3,3.5,11,WI,01001
36.8,3.2,11,WI,01001
35.2,3.7,11,WI,01001
33.3,4.6,11,WY,01001
34.7,5.7,11,WY,01001
36.4,5.0,11,WY,01001
32.8,4.1,11,WY,01001
35.3,3.6,11,WY,01001
35.5,4.5,11,WY,01001
31.6,4.0,11,WY,01001
39.1,5.1,11,WY,01001
34.5,4.5,11,WY,01001
35.7,4.7,11,WY,01001
38.1,4.9,11,WY,01001
30.0,3.9,11,WY,01001
34.6,4.0,11,WY,01001
37.4,5.2,11,WY,01001
31.8,5.0,11,WY,01001
38.7,5.0,11,WY,01001
35.2,5.1,11,WY,01001
27.8,4.0,11,WY,01001
31.8,3.3,11,WY,01001
27.2,3.7,11,WY,01001
31.5,3.4,11,WY,01001
35.8,5.0,11,WY,01001
35.8,4.7,11,WY,01001
49.1,1.9,12,AL,01001
54.6,2.3,12,AL,01001
49.6,0.8,12,AL,01001
48.0,2.4,12,AL,01001
47.0,3.9,12,AL,01001
49.0,1.1,12,AL,01001
49.9,1.3,12,AL,01001
47.0,3.4,12,AL,01001
46.8,2.2,12,AL,01001
46.2,3.5,12,AL,01001
48.2,2.4,12,AL,01001
50.6,2.2,12,AL,01001
50.9,1.9,12,AL,01001
46.3,2.4,12,AL,01001
46.4,3.7,12,AL,01001
50.2,0.4,12,AL,01001
46.2,4.3,12,AL,01001
51.0,1.1,12,AL,01001
47.4,1.9,12,AL,01001
51.0,1.0,12,AL,01001
49.4,1.0,12,AL,01001
46.4,3.7,12,AL,01001
50.5,0.3,12,AL,01001
49.8,1.9,12,AL,01001
44.9,3.3,12,AL,01001
48.6,1.5,12,AL,01001
52.1,1.3,12,AL,01001
46.5,3.2,12,AL,01001
47.6,3.2,12,AL,01001
46.2,4.1,12,AL,01001
51.2,0.5,12,AL,01001
48.4,1.8,12,AL,01001
48.7,2.0,12,AL,01001
50.7,0.7,12,AL,01001
52.0,0.9,12,AL,01001
45.2,3.7,12,AL,01001
47.7,3.2,12,AL,01001
48.0,3.6,12,AL,01001
45.8,4.4,12,AL,01001
45.8,3.5,12,AL,01001
48.4,1.9,12,AL,01001
45.8,4.0,12,AL,01001
49.8,1.6,12,AL,01001
49.0,1.4,12,AL,01001
46.0,3.9,12,AL,01001
50.0,2.2,12,AL,01001
47.1,4.1,12,AL,01001
46.2,3.5,12,AL,01001
54.3,2.5,12,AL,01001
50.9,1.4,12,AL,01001
49.2,1.2,12,AL,01001
46.0,3.6,12,AL,01001
48.9,2.1,12,AL,01001
48.2,2.6,12,AL,01001
49.3,0.6,12,AL,01001
46.4,3.0,12,AL,01001
49.6,1.7,12,AL,01001
47.1,3.2,12,AL,01001
47.7,2.7,12,AL,01001
49.0,1.8,12,AL,01001
47.0,2.2,12,AL,01001
47.0,1.6,12,AL,01001
47.9,2.2,12,AL,01001
47.3,3.2,12,AL,01001
51.7,1.9,12,AL,01001
50.4,1.8,12,AL,01001
46.3,3.6,12,AL,01001
33.8,2.9,12,AZ,01001
46.7,2.7,12,AZ,01001
37.7,4.8,12,AZ,01001
45.5,3.8,12,AZ,01001
46.8,3.6,12,AZ,01001
42.2,3.2,12,AZ,01001
55.8,4.2,12,AZ,01001
55.6,4.0,12,AZ,01001
48.4,5.2,12,AZ,01001
34.4,3.0,12,AZ,01001
54.0,3.7,12,AZ,01001
53.9,3.6,12,AZ,01001
48.5,3.3,12,AZ,01001
46.4,4.6,12,AZ,01001
56.7,3.6,12,AZ,01001
48.3,4.9,12,AR,01001
49.6,4.1,12,AR,01001
44.1,6.7,12,AR,01001
44.1,6.3,12,AR,01001
43.6,6.3,12,AR,01001
48.9,4.3,12,AR,01001
47.7,3.1,12,AR,01001
43.8,6.3,12,AR,01001
49.2,3.5,12,AR,01001
45.9,2.4,12,AR,01001
45.0,6.5,12,AR,01001
45.3,5.5,12,AR,01001
48.0,4.0,12,AR,01001
47.8,2.2,12,AR,01001
44.7,3.9,12,AR,01001
45.4,5.7,12,AR,01001
44.6,4.8,12,AR,01001
46.7,4.6,12,AR,01001
46.2,4.7,12,AR,01001
46.4,2.5,12,AR,01001
48.6,4.3,12,AR,01001
49.3,4.6,12,AR,01001
45.0,3.6,12,AR,01001
44.5,4.8,12,AR,01001
44.0,7.4,12,AR,01001
46.0,3.9,12,AR,01001
46.4,2.9,12,AR,01001
45.1,6.1,12,AR,01001
46.4,2.1,12,AR,01001
46.2,3.0,12,AR,01001
45.4,2.5,12,AR,01001
45.0,5.8,12,AR,01001
44.3,6.5,12,AR,01001
45.4,5.4,12,AR,01001
47.8,4.3,12,AR,01001
44.0,4.8,12,AR,01001
48.2,2.6,12,AR,01001
44.9,6.1,12,AR,01001
47.6,4.9,12,AR,01001
49.0,5.0,12,AR,01001
47.4,3.0,12,AR,01001
45.1,4.4,12,AR,01001
47.0,4.4,12,AR,01001
43.2,5.7,12,AR,01001
43.8,6.4,12,AR,01001
48.5,2.8,12,AR,01001
45.6,5.0,12,AR,01001
47.7,5.0,12,AR,01001
45.2,3.7,12,AR,01001
46.5,2.1,12,AR,01001
43.0,5.6,12,AR,01001
46.9,2.0,12,AR,01001
45.3,3.7,12,AR,01001
48.0,4.8,12,AR,01001
45.2,2.6,12,AR,01001
45.7,5.2,12,AR,01001
44.3,3.5,12,AR,01001
44.2,4.5,12,AR,01001
47.3,4.7,12,AR,01001
46.4,3.9,12,AR,01001
44.6,6.7,12,AR,01001
46.9,4.7,12,AR,01001
45.8,3.3,12,AR,01001
44.6,3.9,12,AR,01001
43.0,5.2,12,AR,01001
45.5,4.7,12,AR,01001
46.3,3.1,12,AR,01001
44.0,6.5,12,AR,01001
44.4,6.0,12,AR,01001
48.6,3.1,12,AR,01001
43.7,4.6,12,AR,01001
43.9,5.7,12,AR,01001
45.9,4.7,12,AR,01001
46.3,4.8,12,AR,01001
45.2,4.0,12,AR,01001
52.0,4.9,12,CA,01001
37.0,6.0,12,CA,01001
48.5,4.6,12,CA,01001
49.3,5.2,12,CA,01001
48.8,4.9,12,CA,01001
50.7,5.6,12,CA,01001
51.5,4.7,12,CA,01001
44.7,4.6,12,CA,01001
45.2,4.6,12,CA,01001
45.8,5.8,12,CA,01001
49.4,5.3,12,CA,01001
46.8,4.5,12,CA,01001
59.3,4.8,12,CA,01001
46.6,5.1,12,CA,01001
50.1,5.3,12,CA,01001
52.4,6.7,12,CA,01001
47.5,4.1,12,CA,01001
35.8,5.4,12,CA,01001
53.5,4.7,12,CA,01001
46.8,6.1,12,CA,01001
53.0,5.0,12,CA,01001
46.3,5.4,12,CA,01001
48.3,4.1,12,CA,01001
51.7,6.1,12,CA,01001
37.1,7.0,12,CA,01001
34.4,5.4,12,CA,01001
52.2,4.6,12,CA,01001
50.4,4.6,12,CA,01001
42.6,3.8,12,CA,01001
60.3,5.2,12,CA,01001
44.2,4.3,12,CA,01001
36.7,4.0,12,CA,01001
55.7,4.4,12,CA,01001
51.7,5.2,12,CA,01001
50.5,4.8,12,CA,01001
51.7,4.6,12,CA,01001
55.7,5.0,12,CA,01001
53.6,4.4,12,CA,01001
52.0,6.0,12,CA,01001
53.1,5.6,12,CA,01001
53.0,4.3,12,CA,01001
54.2,5.6,12,CA,01001
51.0,4.7,12,CA,01001
53.0,4.7,12,CA,01001
44.1,4.5,12,CA,01001
37.4,4.3,12,CA,01001
38.6,4.8,12,CA,01001
51.6,5.1,12,CA,01001
51.3,4.4,12,CA,01001
51.4,5.9,12,CA,01001
51.7,5.4,12,CA,01001
47.8,4.6,12,CA,01001
42.2,4.6,12,CA,01001
44.7,6.0,12,CA,01001
42.4,5.4,12,CA,01001
52.1,5.1,12,CA,01001
51.1,4.9,12,CA,01001
50.0,4.6,12,CA,01001
35.2,7.1,12,CO,01001
24.5,4.1,12,CO,01001
34.9,6.4,12,CO,01001
27.7,3.6,12,CO,01001
38.7,6.2,12,CO,01001
37.0,6.3,12,CO,01001
31.2,4.4,12,CO,01001
37.0,6.0,12,CO,01001
23.0,2.9,12,CO,01001
35.5,6.5,12,CO,01001
24.3,3.9,12,CO,01001
23.8,3.7,12,CO,01001
25.1,2.6,12,CO,01001
35.2,5.7,12,CO,01001
27.6,3.6,12,CO,01001
29.8,5.1,12,CO,01001
37.0,6.4,12,CO,01001
28.3,3.9,12,CO,01001
33.6,4.3,12,CO,01001
23.1,3.4,12,CO,01001
33.7,6.0,12,CO,01001
34.8,5.5,12,CO,01001
30.8,3.0,12,CO,01001
28.0,5.1,12,CO,01001
26.6,3.9,12,CO,01001
20.4,2.5,12,CO,01001
22.6,4.4,12,CO,01001
21.0,3.0,12,CO,01001
32.8,3.9,12,CO,01001
20.5,2.9,12,CO,01001
33.4,4.3,12,CO,01001
35.8,6.2,12,CO,01001
35.8,6.9,12,CO,01001
19.6,2.6,12,CO,01001
29.9,4.2,12,CO,01001
28.9,4.9,12,CO,01001
36.0,4.1,12,CO,01001
34.7,6.2,12,CO,01001
34.9,7.3,12,CO,01001
31.0,6.0,12,CO,01001
21.2,3.2,12,CO,01001
26.7,5.2,12,CO,01001
32.5,4.6,12,CO,01001
31.5,5.9,12,CO,01001
34.6,8.5,12,CO,01001
37.0,5.7,12,CO,01001
27.2,5.2,12,CO,01001
23.6,2.6,12,CO,01001
35.5,8.4,12,CO,01001
22.0,2.6,12,CO,01001
37.1,6.2,12,CO,01001
36.7,4.6,12,CO,01001
27.6,4.9,12,CO,01001
23.2,4.3,12,CO,01001
23.3,3.9,12,CO,01001
23.1,3.9,12,CO,01001
21.9,2.9,12,CO,01001
29.3,4.4,12,CO,01001
34.6,7.4,12,CO,01001
20.3,2.9,12,CO,01001
26.7,3.0,12,CO,01001
34.9,7.4,12,CO,01001
34.7,7.6,12,CO,01001
35.9,7.7,12,CO,01001
39.8,9.1,12,CT,01001
38.3,9.3,12,CT,01001
36.3,9.7,12,CT,01001
39.4,8.8,12,CT,01001
38.9,8.5,12,CT,01001
40.2,9.4,12,CT,01001
37.8,9.4,12,CT,01001
38.3,9.5,12,CT,01001
43.2,7.4,12,DE,01001
41.8,7.3,12,DE,01001
44.6,7.3,12,DE,01001
58.9,2.8,12,FL,01001
56.2,2.4,12,FL,01001
54.8,1.5,12,FL,01001
58.4,3.0,12,FL,01001
65.5,3.4,12,FL,01001
69.0,2.4,12,FL,01001
53.8,1.5,12,FL,01001
64.9,1.4,12,FL,01001
61.0,2.9,12,FL,01001
59.8,4.1,12,FL,01001
67.3,1.5,12,FL,01001
55.6,1.6,12,FL,01001
64.3,1.8,12,FL,01001
57.3,2.4,12,FL,01001
58.8,3.9,12,FL,01001
54.8,2.2,12,FL,01001
62.3,4.4,12,FL,01001
56.0,1.9,12,FL,01001
54.4,2.1,12,FL,01001
57.3,2.3,12,FL,01001
65.1,1.6,12,FL,01001
55.5,1.8,12,FL,01001
54.2,1.3,12,FL,01001
64.2,2.5,12,FL,01001
65.7,1.1,12,FL,01001
62.2,3.3,12,FL,01001
64.7,2.3,12,FL,01001
63.7,2.8,12,FL,01001
52.1,0.8,12,FL,01001
66.0,3.3,12,FL,01001
53.0,1.1,12,FL,01001
55.1,2.4,12,FL,01001
56.0,2.0,12,FL,01001
62.6,3.5,12,FL,01001
65.6,1.0,12,FL,01001
55.3,2.6,12,FL,01001
58.9,2.7,12,FL,01001
54.6,1.8,12,FL,01001
54.4,1.7,12,FL,01001
63.8,1.9,12,FL,01001
60.9,3.5,12,FL,01001
67.3,2.6,12,FL,01001
69.7,2.6,12,FL,01001
69.8,2.2,12,FL,01001
57.3,3.7,12,FL,01001
54.0,2.1,12,FL,01001
65.5,2.6,12,FL,01001
64.2,3.5,12,FL,01001
64.9,3.2,12,FL,01001
67.7,2.1,12,FL,01001
62.6,3.0,12,FL,01001
64.2,2.7,12,FL,01001
64.0,2.8,12,FL,01001
61.4,4.4,12,FL,01001
61.4,4.6,12,FL,01001
66.9,3.1,12,FL,01001
54.5,2.1,12,FL,01001
64.0,1.2,12,FL,01001
63.9,3.5,12,FL,01001
61.9,3.2,12,FL,01001
55.2,1.4,12,FL,01001
56.0,2.3,12,FL,01001
57.1,2.3,12,FL,01001
62.9,3.7,12,FL,01001
55.7,2.3,12,FL,01001
53.4,1.7,12,FL,01001
53.3,1.2,12,FL,01001
53.5,2.9,12,GA,01001
53.5,2.7,12,GA,01001
53.9,3.1,12,GA,01001
52.5,2.0,12,GA,01001
50.1,3.7,12,GA,01001
46.9,4.0,12,GA,01001
47.2,4.1,12,GA,01001
45.0,2.8,12,GA,01001
52.2,2.8,12,GA,01001
52.6,2.0,12,GA,01001
50.2,3.6,12,GA,01001
50.8,2.8,12,GA,01001
54.9,3.4,12,GA,01001
52.8,1.2,12,GA,01001
53.7,2.9,12,GA,01001
52.5,3.2,12,GA,01001
50.3,3.2,12,GA,01001
48.7,4.1,12,GA,01001
51.6,1.9,12,GA,01001
56.4,3.4,12,GA,01001
52.2,3.0,12,GA,01001
46.2,3.6,12,GA,01001
46.0,4.9,12,GA,01001
55.8,3.2,12,GA,01001
54.1,3.1,12,GA,01001
49.9,2.2,12,GA,01001
45.6,3.8,12,GA,01001
45.0,3.2,12,GA,01001
47.4,3.9,12,GA,01001
50.6,1.1,12,GA,01001
48.3,4.5,12,GA,01001
54.1,2.2,12,GA,01001
46.2,3.7,12,GA,01001
53.0,2.8,12,GA,01001
52.0,1.3,12,GA,01001
49.5,3.6,12,GA,01001
52.2,1.4,12,GA,01001
47.6,3.9,12,GA,01001
49.9,3.5,12,GA,01001
51.9,3.5,12,GA,01001
44.9,4.5,12,GA,01001
45.0,3.9,12,GA,01001
53.5,1.9,12,GA,01001
47.6,4.5,12,GA,01001
51.0,2.3,12,GA,01001
51.4,3.6,12,GA,01001
52.1,2.1,12,GA,01001
46.7,4.0,12,GA,01001
51.8,1.4,12,GA,01001
53.7,1.4,12,GA,01001
52.8,3.2,12,GA,01001
47.6,4.6,12,GA,01001
51.7,3.3,12,GA,01001
52.9,2.7,12,GA,01001
42.5,3.4,12,GA,01001
48.2,4.2,12,GA,01001
45.7,3.4,12,GA,01001
45.9,4.1,12,GA,01001
46.7,3.8,12,GA,01001
47.1,4.3,12,GA,01001
43.4,3.6,12,GA,01001
49.8,3.6,12,GA,01001
55.7,3.0,12,GA,01001
45.2,3.3,12,GA,01001
53.7,2.0,12,GA,01001
48.4,3.9,12,GA,01001
46.9,4.3,12,GA,01001
45.3,3.6,12,GA,01001
46.4,4.1,12,GA,01001
49.4,3.6,12,GA,01001
45.8,3.8,12,GA,01001
48.3,2.4,12,GA,01001
46.8,4.1,12,GA,01001
46.9,3.3,12,GA,01001
48.4,4.1,12,GA,01001
50.8,3.2,12,GA,01001
52.3,2.7,12,GA,01001
47.2,4.1,12,GA,01001
48.5,4.0,12,GA,01001
52.7,2.9,12,GA,01001
50.4,3.5,12,GA,01001
51.1,3.4,12,GA,01001
51.3,3.3,12,GA,01001
49.7,3.8,12,GA,01001
49.1,3.9,12,GA,01001
53.1,1.9,12,GA,01001
51.1,2.7,12,GA,01001
51.9,2.8,12,GA,01001
54.0,2.7,12,GA,01001
48.6,4.0,12,GA,01001
53.9,2.6,12,GA,01001
53.0,1.3,12,GA,01001
44.4,3.9,12,GA,01001
49.1,3.7,12,GA,01001
54.9,2.7,12,GA,01001
50.7,3.5,12,GA,01001
47.2,4.2,12,GA,01001
49.8,2.6,12,GA,01001
48.0,3.2,12,GA,01001
52.6,1.8,12,GA,01001
52.7,1.9,12,GA,01001
49.3,3.9,12,GA,01001
52.0,2.8,12,GA,01001
48.1,4.0,12,GA,01001
45.0,4.0,12,GA,01001
49.6,2.3,12,GA,01001
48.0,4.2,12,GA,01001
47.7,4.0,12,GA,01001
47.6,4.1,12,GA,01001
45.8,3.5,12,GA,01001
50.4,3.5,12,GA,01001
44.5,3.5,12,GA,01001
54.6,3.3,12,GA,01001
48.8,3.7,12,GA,01001
46.0,3.7,12,GA,01001
51.1,2.9,12,GA,01001
49.0,3.9,12,GA,01001
49.8,1.0,12,GA,01001
43.2,3.3,12,GA,01001
50.3,1.5,12,GA,01001
50.1,3.3,12,GA,01001
47.9,4.3,12,GA,01001
50.6,3.2,12,GA,01001
51.1,3.0,12,GA,01001
53.0,1.5,12,GA,01001
48.8,3.9,12,GA,01001
46.3,3.3,12,GA,01001
49.8,1.8,12,GA,01001
51.4,3.3,12,GA,01001
48.8,2.7,12,GA,01001
48.6,3.9,12,GA,01001
53.0,2.6,12,GA,01001
49.8,3.2,12,GA,01001
51.9,2.6,12,GA,01001
51.2,2.3,12,GA,01001
53.2,1.6,12,GA,01001
52.0,2.1,12,GA,01001
52.5,2.8,12,GA,01001
42.4,3.5,12,GA,01001
51.7,2.9,12,GA,01001
47.4,2.9,12,GA,01001
51.9,2.9,12,GA,01001
50.7,3.2,12,GA,01001
42.4,3.4,12,GA,01001
49.2,3.5,12,GA,01001
45.6,4.7,12,GA,01001
47.4,4.0,12,GA,01001
54.8,3.0,12,GA,01001
49.1,3.6,12,GA,01001
50.6,3.5,12,GA,01001
54.2,2.9,12,GA,01001
50.3,2.4,12,GA,01001
51.8,2.6,12,GA,01001
44.6,3.8,12,GA,01001
45.9,4.6,12,GA,01001
51.7,3.0,12,GA,01001
48.3,4.3,12,GA,01001
50.8,3.3,12,GA,01001
52.0,2.4,12,GA,01001
35.3,4.2,12,ID,01001
29.3,4.7,12,ID,01001
29.2,5.2,12,ID,01001
26.2,6.1,12,ID,01001
34.3,5.6,12,ID,01001
27.5,5.3,12,ID,01001
28.1,6.8,12,ID,01001
29.2,5.3,12,ID,01001
31.6,6.0,12,ID,01001
26.4,5.6,12,ID,01001
29.3,6.0,12,ID,01001
25.9,7.0,12,ID,01001
28.2,6.8,12,ID,01001
35.3,4.3,12,ID,01001
27.1,5.5,12,ID,01001
32.1,5.9,12,ID,01001
25.0,6.7,12,ID,01001
32.6,6.2,12,ID,01001
24.6,5.9,12,ID,01001
32.9,6.1,12,ID,01001
29.9,6.7,12,ID,01001
23.8,6.1,12,ID,01001
32.8,4.3,12,ID,01001
34.1,7.4,12,ID,01001
29.5,5.3,12,ID,01001
26.2,7.1,12,ID,01001
34.3,6.8,12,ID,01001
32.6,4.5,12,ID,01001
35.4,6.1,12,ID,01001
24.6,4.9,12,ID,01001
33.2,4.7,12,ID,01001
32.8,8.5,12,ID,01001
26.7,6.2,12,ID,01001
31.1,6.7,12,ID,01001
36.5,5.5,12,ID,01001
30.8,5.9,12,ID,01001
34.0,5.3,12,ID,01001
35.4,5.8,12,ID,01001
29.5,5.0,12,ID,01001
31.7,6.2,12,ID,01001
24.8,6.0,12,ID,01001
33.1,5.0,12,ID,01001
25.2,4.6,12,ID,01001
31.7,4.5,12,ID,01001
40.0,10.3,12,IL,01001
43.5,7.1,12,IL,01001
42.1,9.6,12,IL,01001
35.5,11.5,12,IL,01001
39.8,10.2,12,IL,01001
37.7,12.1,12,IL,01001
41.5,9.7,12,IL,01001
35.2,11.5,12,IL,01001
39.4,9.7,12,IL,01001
38.8,10.0,12,IL,01001
40.3,9.8,12,IL,01001
41.1,9.9,12,IL,01001
41.8,9.2,12,IL,01001
43.1,9.8,12,IL,01001
40.0,9.6,12,IL,01001
38.8,11.8,12,IL,01001
41.4,9.2,12,IL,01001
40.7,9.5,12,IL,01001
36.3,11.6,12,IL,01001
38.8,10.4,12,IL,01001
39.9,10.2,12,IL,01001
37.9,11.8,12,IL,01001
40.1,9.8,12,IL,01001
42.2,8.2,12,IL,01001
41.0,9.4,12,IL,01001
41.4,9.4,12,IL,01001
38.0,10.3,12,IL,01001
42.2,7.7,12,IL,01001
39.2,10.8,12,IL,01001
42.6,7.1,12,IL,01001
41.1,9.6,12,IL,01001
38.2,11.8,12,IL,01001
42.3,7.9,12,IL,01001
39.0,10.3,12,IL,01001
42.7,6.8,12,IL,01001
38.2,10.9,12,IL,01001
37.2,11.4,12,IL,01001
38.0,10.3,12,IL,01001
42.2,7.5,12,IL,01001
41.4,9.4,12,IL,01001
42.1,8.3,12,IL,01001
42.0,9.8,12,IL,01001
34.6,11.4,12,IL,01001
43.0,7.4,12,IL,01001
36.9,11.7,12,IL,01001
38.3,11.1,12,IL,01001
37.6,11.5,12,IL,01001
37.9,11.2,12,IL,01001
37.6,11.8,12,IL,01001
37.6,11.5,12,IL,01001
41.6,8.4,12,IL,01001
36.6,12.0,12,IL,01001
38.6,11.6,12,IL,01001
39.1,10.1,12,IL,01001
38.8,10.7,12,IL,01001
35.7,11.5,12,IL,01001
38.7,11.2,12,IL,01001
39.2,9.7,12,IL,01001
41.2,9.8,12,IL,01001
43.0,10.0,12,IL,01001
41.9,9.0,12,IL,01001
38.8,12.0,12,IL,01001
39.2,10.0,12,IL,01001
43.6,7.1,12,IL,01001
39.1,9.6,12,IL,01001
37.5,11.2,12,IL,01001
43.5,9.2,12,IL,01001
41.0,9.7,12,IL,01001
39.9,9.9,12,IL,01001
39.6,9.5,12,IL,01001
35.8,11.7,12,IL,01001
39.0,11.6,12,IL,01001
42.0,7.9,12,IL,01001
39.1,10.2,12,IL,01001
40.5,9.9,12,IL,01001
43.0,7.1,12,IL,01001
43.7,7.2,12,IL,01001
38.5,11.8,12,IL,01001
42.3,8.0,12,IL,01001
41.8,8.7,12,IL,01001
37.1,11.3,12,IL,01001
43.6,9.8,12,IL,01001
42.5,7.3,12,IL,01001
39.8,9.8,12,IL,01001
39.5,10.4,12,IL,01001
40.4,9.8,12,IL,01001
40.1,9.3,12,IL,01001
38.4,12.1,12,IL,01001
34.9,11.7,12,IL,01001
39.2,11.2,12,IL,01001
42.8,7.5,12,IL,01001
38.2,9.1,12,IL,01001
42.0,8.0,12,IL,01001
37.8,10.9,12,IL,01001
42.7,9.1,12,IL,01001
42.2,8.5,12,IL,01001
42.5,7.7,12,IL,01001
36.6,11.8,12,IL,01001
38.0,11.1,12,IL,01001
42.4,7.6,12,IL,01001
35.6,11.7,12,IL,01001
38.8,11.8,12,IL,01001
39.7,11.3,12,IN,01001
39.4,11.4,12,IN,01001
41.2,9.0,12,IN,01001
38.1,10.4,12,IN,01001
39.7,10.4,12,IN,01001
39.2,10.4,12,IN,01001
40.7,9.3,12,IN,01001
39.1,10.5,12,IN,01001
38.9,10.7,12,IN,01001
41.6,7.4,12,IN,01001
40.8,9.8,12,IN,01001
38.9,10.3,12,IN,01001
41.0,6.6,12,IN,01001
41.4,8.6,12,IN,01001
40.4,7.8,12,IN,01001
40.4,8.6,12,IN,01001
38.5,11.3,12,IN,01001
40.2,10.7,12,IN,01001
41.1,7.2,12,IN,01001
37.8,10.8,12,IN,01001
39.4,8.9,12,IN,01001
41.8,7.4,12,IN,01001
38.8,9.6,12,IN,01001
39.7,8.1,12,IN,01001
38.5,11.1,12,IN,01001
41.8,7.5,12,IN,01001
39.8,10.6,12,IN,01001
41.2,9.6,12,IN,01001
39.8,10.2,12,IN,01001
40.3,10.1,12,IN,01001
42.0,7.3,12,IN,01001
39.6,9.9,12,IN,01001
39.6,10.1,12,IN,01001
39.4,10.7,12,IN,01001
39.2,10.6,12,IN,01001
41.9,9.1,12,IN,01001
38.6,11.2,12,IN,01001
39.6,10.6,12,IN,01001
41.5,8.2,12,IN,01001
41.4,8.5,12,IN,01001
40.4,9.6,12,IN,01001
41.8,8.6,12,IN,01001
38.2,10.8,12,IN,01001
37.9,11.0,12,IN,01001
38.7,11.5,12,IN,01001
38.3,11.0,12,IN,01001
40.9,8.6,12,IN,01001
40.2,10.5,12,IN,01001
40.1,9.8,12,IN,01001
38.3,11.3,12,IN,01001
41.0,8.4,12,IN,01001
39.0,10.6,12,IN,01001
40.4,9.2,12,IN,01001
39.2,10.4,12,IN,01001
40.3,9.5,12,IN,01001
38.4,11.0,12,IN,01001
38.1,11.0,12,IN,01001
41.2,7.9,12,IN,01001
40.9,7.5,12,IN,01001
40.4,9.4,12,IN,01001
39.6,9.5,12,IN,01001
41.2,5.8,12,IN,01001
41.5,7.8,12,IN,01001
38.4,11.1,12,IN,01001
42.3,7.0,12,IN,01001
38.4,11.0,12,IN,01001
39.5,9.6,12,IN,01001
39.3,10.2,12,IN,01001
40.3,8.1,12,IN,01001
40.0,9.4,12,IN,01001
38.4,11.3,12,IN,01001
42.0,8.5,12,IN,01001
40.8,9.6,12,IN,01001
41.7,6.2,12,IN,01001
38.4,11.2,12,IN,01001
37.9,11.4,12,IN,01001
41.9,10.1,12,IN,01001
41.4,7.9,12,IN,01001
39.1,10.5,12,IN,01001
39.6,10.7,12,IN,01001
39.0,8.3,12,IN,01001
42.2,6.9,12,IN,01001
39.5,9.3,12,IN,01001
41.2,10.0,12,IN,01001
38.9,10.3,12,IN,01001
38.2,9.6,12,IN,01001
41.8,6.9,12,IN,01001
41.3,8.2,12,IN,01001
38.8,9.0,12,IN,01001
39.5,10.9,12,IN,01001
38.7,10.8,12,IN,01001
38.6,10.8,12,IN,01001
35.6,11.6,12,IA,01001
35.7,11.0,12,IA,01001
32.4,12.0,12,IA,01001
37.6,10.9,12,IA,01001
34.5,11.7,12,IA,01001
34.1,11.5,12,IA,01001
34.1,12.7,12,IA,01001
34.8,12.2,12,IA,01001
33.4,13.1,12,IA,01001
33.4,12.2,12,IA,01001
32.4,12.2,12,IA,01001
33.4,12.8,12,IA,01001
33.9,12.4,12,IA,01001
34.3,12.2,12,IA,01001
35.4,11.1,12,IA,01001
35.2,10.8,12,IA,01001
31.9,12.7,12,IA,01001
32.4,12.0,12,IA,01001
32.6,13.1,12,IA,01001
37.0,11.7,12,IA,01001
32.4,13.2,12,IA,01001
33.6,12.5,12,IA,01001
36.3,11.7,12,IA,01001
34.2,12.1,12,IA,01001
35.8,11.7,12,IA,01001
38.2,11.2,12,IA,01001
37.5,11.5,12,IA,01001
33.6,12.2,12,IA,01001
37.7,10.7,12,IA,01001
32.0,13.6,12,IA,01001
33.9,11.4,12,IA,01001
31.4,12.9,12,IA,01001
32.8,12.8,12,IA,01001
32.4,12.7,12,IA,01001
32.8,12.8,12,IA,01001
36.3,9.6,12,IA,01001
34.6,11.9,12,IA,01001
34.1,12.6,12,IA,01001
35.0,11.6,12,IA,01001
33.4,12.0,12,IA,01001
31.7,12.4,12,IA,01001
33.9,12.7,12,IA,01001
34.4,10.6,12,IA,01001
37.5,10.8,12,IA,01001
31.8,13.4,12,IA,01001
33.0,12.2,12,IA,01001
33.2,11.9,12,IA,01001
35.4,11.6,12,IA,01001
35.2,11.4,12,IA,01001
36.3,12.3,12,IA,01001
37.1,10.8,12,IA,01001
35.2,10.8,12,IA,01001
34.6,11.6,12,IA,01001
36.2,11.3,12,IA,01001
32.1,12.8,12,IA,01001
38.2,10.0,12,IA,01001
34.5,11.7,12,IA,01001
37.4,11.1,12,IA,01001
37.4,11.7,12,IA,01001
31.6,12.7,12,IA,01001
36.5,11.7,12,IA,01001
36.9,11.7,12,IA,01001
37.4,11.7,12,IA,01001
35.0,12.4,12,IA,01001
35.6,9.7,12,IA,01001
31.8,13.2,12,IA,01001
33.5,10.7,12,IA,01001
37.4,11.2,12,IA,01001
35.6,10.4,12,IA,01001
36.2,10.5,12,IA,01001
32.2,12.8,12,IA,01001
31.4,12.9,12,IA,01001
36.1,10.2,12,IA,01001
32.1,12.7,12,IA,01001
32.6,11.8,12,IA,01001
32.8,12.1,12,IA,01001
36.2,11.7,12,IA,01001
35.0,10.1,12,IA,01001
35.6,12.1,12,IA,01001
36.9,11.4,12,IA,01001
33.6,12.4,12,IA,01001
36.8,11.5,12,IA,01001
34.6,11.3,12,IA,01001
32.0,12.2,12,IA,01001
35.0,12.3,12,IA,01001
34.6,12.2,12,IA,01001
36.3,10.9,12,IA,01001
36.3,11.5,12,IA,01001
38.2,10.7,12,IA,01001
37.4,11.2,12,IA,01001
37.0,11.5,12,IA,01001
36.5,11.2,12,IA,01001
37.3,11.1,12,IA,01001
33.6,12.1,12,IA,01001
31.5,12.9,12,IA,01001
32.7,13.6,12,IA,01001
33.0,11.1,12,IA,01001
31.5,13.0,12,IA,01001
32.5,12.2,12,IA,01001
41.9,7.8,12,KS,01001
41.0,7.8,12,KS,01001
39.0,9.1,12,KS,01001
42.5,8.6,12,KS,01001
39.1,7.8,12,KS,01001
42.6,8.2,12,KS,01001
38.2,9.4,12,KS,01001
41.4,8.2,12,KS,01001
39.6,7.7,12,KS,01001
43.1,7.6,12,KS,01001
43.7,7.3,12,KS,01001
35.8,6.8,12,KS,01001
41.2,7.0,12,KS,01001
38.3,8.2,12,KS,01001
38.4,8.7,12,KS,01001
42.0,9.2,12,KS,01001
41.7,7.9,12,KS,01001
42.4,7.7,12,KS,01001
43.0,7.6,12,KS,01001
36.0,7.6,12,KS,01001
38.8,7.8,12,KS,01001
39.4,9.8,12,KS,01001
40.6,8.7,12,KS,01001
40.3,8.1,12,KS,01001
42.7,8.1,12,KS,01001
37.8,7.1,12,KS,01001
39.6,8.4,12,KS,01001
37.8,6.7,12,KS,01001
39.7,7.2,12,KS,01001
41.1,8.5,12,KS,01001
38.6,7.9,12,KS,01001
36.9,6.6,12,KS,01001
36.8,6.8,12,KS,01001
38.8,6.5,12,KS,01001
38.8,6.9,12,KS,01001
36.2,6.4,12,KS,01001
41.7,8.4,12,KS,01001
37.4,6.2,12,KS,01001
42.7,8.3,12,KS,01001
40.5,7.9,12,KS,01001
38.7,6.6,12,KS,01001
39.0,6.9,12,KS,01001
38.4,8.8,12,KS,01001
39.2,8.5,12,KS,01001
36.7,8.5,12,KS,01001
40.9,9.0,12,KS,01001
37.6,6.5,12,KS,01001
41.6,8.2,12,KS,01001
40.9,8.0,12,KS,01001
43.4,7.1,12,KS,01001
37.3,6.8,12,KS,01001
40.1,9.0,12,KS,01001
39.1,8.8,12,KS,01001
41.6,8.0,12,KS,01001
36.7,6.6,12,KS,01001
40.5,8.7,12,KS,01001
39.8,8.2,12,KS,01001
39.8,8.0,12,KS,01001
36.3,7.7,12,KS,01001
40.7,6.9,12,KS,01001
41.3,8.6,12,KS,01001
37.9,8.4,12,KS,01001
43.3,7.2,12,KS,01001
39.0,8.1,12,KS,01001
40.1,6.6,12,KS,01001
36.8,8.3,12,KS,01001
42.6,7.5,12,KS,01001
38.0,6.6,12,KS,01001
35.8,7.2,12,KS,01001
41.0,9.2,12,KS,01001
37.4,7.7,12,KS,01001
39.0,8.6,12,KS,01001
39.6,8.0,12,KS,01001
36.0,7.2,12,KS,01001
37.7,7.9,12,KS,01001
41.3,8.6,12,KS,01001
36.1,7.3,12,KS,01001
40.6,7.9,12,KS,01001
36.9,8.6,12,KS,01001
39.8,8.0,12,KS,01001
38.0,7.9,12,KS,01001
36.9,6.9,12,KS,01001
38.5,7.3,12,KS,01001
38.8,8.1,12,KS,01001
39.4,8.3,12,KS,01001
37.2,6.8,12,KS,01001
41.4,7.8,12,KS,01001
40.2,6.7,12,KS,01001
39.8,8.8,12,KS,01001
36.2,6.9,12,KS,01001
35.9,6.9,12,KS,01001
36.1,7.6,12,KS,01001
40.2,8.2,12,KS,01001
38.8,6.2,12,KS,01001
40.1,6.8,12,KS,01001
42.4,7.8,12,KS,01001
36.0,6.9,12,KS,01001
37.4,6.6,12,KS,01001
39.3,8.6,12,KS,01001
36.4,6.8,12,KS,01001
36.8,8.3,12,KS,01001
36.7,6.6,12,KS,01001
42.9,7.8,12,KS,01001
42.4,8.5,12,KS,01001
40.8,9.4,12,KS,01001
42.2,5.4,12,KY,01001
43.8,5.7,12,KY,01001
42.6,7.6,12,KY,01001
43.9,6.9,12,KY,01001
43.3,5.6,12,KY,01001
42.3,7.1,12,KY,01001
40.8,4.4,12,KY,01001
41.2,7.8,12,KY,01001
42.0,7.5,12,KY,01001
41.8,6.6,12,KY,01001
42.6,6.9,12,KY,01001
41.2,7.4,12,KY,01001
43.3,6.5,12,KY,01001
41.6,5.9,12,KY,01001
43.1,7.4,12,KY,01001
43.7,6.5,12,KY,01001
43.6,6.4,12,KY,01001
43.6,5.3,12,KY,01001
41.6,7.9,12,KY,01001
44.0,6.6,12,KY,01001
41.8,7.7,12,KY,01001
41.3,6.7,12,KY,01001
41.9,5.8,12,KY,01001
44.0,6.2,12,KY,01001
42.7,7.5,12,KY,01001
42.2,5.4,12,KY,01001
42.9,5.4,12,KY,01001
43.0,6.5,12,KY,01001
43.3,5.3,12,KY,01001
42.4,6.2,12,KY,01001
43.5,6.3,12,KY,01001
41.6,6.5,12,KY,01001
43.1,6.7,12,KY,01001
42.8,8.0,12,KY,01001
41.7,7.1,12,KY,01001
42.2,5.2,12,KY,01001
42.3,7.5,12,KY,01001
44.3,6.1,12,KY,01001
41.8,7.7,12,KY,01001
43.0,7.0,12,KY,01001
41.4,7.5,12,KY,01001
43.9,6.1,12,KY,01001
42.5,6.3,12,KY,01001
42.6,5.8,12,KY,01001
41.2,6.9,12,KY,01001
41.6,5.5,12,KY,01001
42.5,6.8,12,KY,01001
40.4,5.1,12,KY,01001
41.4,7.1,12,KY,01001
43.0,6.1,12,KY,01001
42.6,6.5,12,KY,01001
41.4,7.3,12,KY,01001
44.1,6.3,12,KY,01001
43.8,6.6,12,KY,01001
42.1,6.0,12,KY,01001
42.5,7.2,12,KY,01001
43.2,7.9,12,KY,01001
42.0,5.9,12,KY,01001
41.3,7.9,12,KY,01001
42.1,5.5,12,KY,01001
41.8,4.8,12,KY,01001
42.5,6.5,12,KY,01001
42.1,5.3,12,KY,01001
42.0,6.3,12,KY,01001
43.2,6.4,12,KY,01001
42.0,5.5,12,KY,01001
41.1,5.0,12,KY,01001
41.2,7.0,12,KY,01001
42.3,6.4,12,KY,01001
43.6,6.8,12,KY,01001
43.7,5.8,12,KY,01001
43.8,6.3,12,KY,01001
43.9,6.9,12,KY,01001
42.0,5.1,12,KY,01001
43.4,6.7,12,KY,01001
43.0,6.9,12,KY,01001
42.4,6.2,12,KY,01001
42.5,6.4,12,KY,01001
43.9,6.1,12,KY,01001
42.3,5.6,12,KY,01001
41.2,7.3,12,KY,01001
41.8,6.5,12,KY,01001
42.3,6.8,12,KY,01001
43.0,7.5,12,KY,01001
42.5,5.4,12,KY,01001
43.2,5.2,12,KY,01001
42.4,7.4,12,KY,01001
42.2,6.5,12,KY,01001
44.0,6.7,12,KY,01001
42.9,7.1,12,KY,01001
41.6,7.2,12,KY,01001
43.0,6.4,12,KY,01001
41.1,6.9,12,KY,01001
41.7,7.5,12,KY,01001
43.0,6.0,12,KY,01001
41.5,7.5,12,KY,01001
42.7,6.0,12,KY,01001
41.7,4.7,12,KY,01001
42.9,6.9,12,KY,01001
42.2,5.4,12,KY,01001
41.3,7.2,12,KY,01001
42.3,6.0,12,KY,01001
41.7,6.6,12,KY,01001
42.2,5.2,12,KY,01001
42.0,7.6,12,KY,01001
41.5,7.1,12,KY,01001
43.7,5.7,12,KY,01001
42.3,7.2,12,KY,01001
42.1,5.7,12,KY,01001
43.8,5.9,12,KY,01001
43.9,5.9,12,KY,01001
41.5,7.7,12,KY,01001
42.6,6.4,12,KY,01001
43.9,6.2,12,KY,01001
42.8,7.2,12,KY,01001
42.4,5.3,12,KY,01001
42.9,6.3,12,KY,01001
41.9,4.7,12,KY,01001
42.8,6.6,12,KY,01001
43.0,8.0,12,KY,01001
55.3,2.1,12,LA,01001
53.9,2.0,12,LA,01001
55.2,2.0,12,LA,01001
56.0,2.0,12,LA,01001
52.5,1.4,12,LA,01001
54.0,2.5,12,LA,01001
50.0,3.2,12,LA,01001
49.8,3.0,12,LA,01001
50.4,3.1,12,LA,01001
55.0,2.0,12,LA,01001
51.3,3.3,12,LA,01001
56.3,2.1,12,LA,01001
52.0,2.6,12,LA,01001
48.7,2.6,12,LA,01001
52.1,2.1,12,LA,01001
50.6,2.7,12,LA,01001
54.2,1.9,12,LA,01001
50.7,3.8,12,LA,01001
52.8,1.6,12,LA,01001
53.7,1.8,12,LA,01001
52.1,3.7,12,LA,01001
51.0,1.7,12,LA,01001
56.2,2.1,12,LA,01001
55.3,2.2,12,LA,01001
50.2,3.4,12,LA,01001
56.7,1.6,12,LA,01001
54.9,1.5,12,LA,01001
55.8,2.5,12,LA,01001
57.0,1.5,12,LA,01001
51.3,2.1,12,LA,01001
49.5,3.2,12,LA,01001
54.0,1.6,12,LA,01001
51.7,3.8,12,LA,01001
50.2,3.7,12,LA,01001
51.0,2.1,12,LA,01001
56.2,2.1,12,LA,01001
50.5,3.4,12,LA,01001
57.6,1.8,12,LA,01001
53.7,1.5,12,LA,01001
52.4,2.0,12,LA,01001
50.5,2.8,12,LA,01001
51.2,3.6,12,LA,01001
51.1,2.3,12,LA,01001
56.4,2.0,12,LA,01001
56.3,1.7,12,LA,01001
52.5,1.6,12,LA,01001
55.6,1.9,12,LA,01001
55.4,1.8,12,LA,01001
54.3,1.9,12,LA,01001
55.7,2.2,12,LA,01001
56.7,2.3,12,LA,01001
54.4,2.2,12,LA,01001
53.1,1.6,12,LA,01001
52.4,3.6,12,LA,01001
57.3,1.6,12,LA,01001
49.6,3.4,12,LA,01001
56.5,2.2,12,LA,01001
52.6,2.5,12,LA,01001
52.9,2.2,12,LA,01001
49.3,2.7,12,LA,01001
54.6,1.9,12,LA,01001
50.5,3.8,12,LA,01001
52.9,1.4,12,LA,01001
50.6,2.5,12,LA,01001
31.7,9.2,12,ME,01001
26.0,11.0,12,ME,01001
32.8,8.9,12,ME,01001
27.8,10.9,12,ME,01001
32.5,9.3,12,ME,01001
31.6,9.5,12,ME,01001
33.4,8.7,12,ME,01001
33.4,9.0,12,ME,01001
29.7,10.6,12,ME,01001
29.6,10.2,12,ME,01001
26.5,10.4,12,ME,01001
33.3,8.9,12,ME,01001
26.8,10.2,12,ME,01001
31.7,9.2,12,ME,01001
32.3,9.8,12,ME,01001
34.3,9.3,12,ME,01001
39.4,7.3,12,MD,01001
44.0,7.1,12,MD,01001
41.9,7.7,12,MD,01001
44.1,6.6,12,MD,01001
43.5,7.2,12,MD,01001
40.5,7.7,12,MD,01001
41.7,7.4,12,MD,01001
43.6,6.3,12,MD,01001
44.9,7.3,12,MD,01001
40.6,7.4,12,MD,01001
36.6,7.8,12,MD,01001
41.6,7.4,12,MD,01001
41.8,7.6,12,MD,01001
42.7,6.7,12,MD,01001
42.0,7.4,12,MD,01001
43.1,6.7,12,MD,01001
43.1,6.9,12,MD,01001
44.6,6.6,12,MD,01001
45.7,7.0,12,MD,01001
44.2,6.9,12,MD,01001
39.8,7.0,12,MD,01001
45.3,7.5,12,MD,01001
46.0,7.2,12,MD,01001
44.0,7.9,12,MD,01001
43.0,6.7,12,MD,01001
41.3,7.8,12,MA,01001
35.0,10.5,12,MA,01001
39.9,8.4,12,MA,01001
41.8,7.7,12,MA,01001
37.9,8.8,12,MA,01001
36.1,11.0,12,MA,01001
36.8,9.7,12,MA,01001
36.3,10.1,12,MA,01001
38.0,9.7,12,MA,01001
42.6,7.7,12,MA,01001
39.1,9.4,12,MA,01001
40.4,8.7,12,MA,01001
39.6,9.2,12,MA,01001
37.4,10.6,12,MA,01001
34.4,11.4,12,MI,01001
30.8,10.3,12,MI,01001
38.8,11.0,12,MI,01001
34.4,11.4,12,MI,01001
35.2,11.8,12,MI,01001
36.7,12.0,12,MI,01001
30.1,13.7,12,MI,01001
38.0,11.7,12,MI,01001
37.7,12.0,12,MI,01001
35.6,11.4,12,MI,01001
39.1,11.1,12,MI,01001
38.0,11.5,12,MI,01001
38.3,12.1,12,MI,01001
38.1,11.2,12,MI,01001
35.1,11.4,12,MI,01001
33.8,11.4,12,MI,01001
31.0,10.6,12,MI,01001
35.1,12.0,12,MI,01001
38.1,12.0,12,MI,01001
33.8,12.1,12,MI,01001
31.4,10.2,12,MI,01001
30.0,12.9,12,MI,01001
38.0,12.0,12,MI,01001
34.4,11.3,12,MI,01001
38.6,12.7,12,MI,01001
36.1,11.9,12,MI,01001
28.6,13.6,12,MI,01001
35.7,12.1,12,MI,01001
37.9,12.3,12,MI,01001
37.9,11.8,12,MI,01001
31.5,13.9,12,MI,01001
37.8,12.3,12,MI,01001
38.0,12.1,12,MI,01001
37.5,11.6,12,MI,01001
35.8,11.8,12,MI,01001
28.3,13.4,12,MI,01001
36.4,11.9,12,MI,01001
38.2,12.3,12,MI,01001
38.6,11.8,12,MI,01001
34.4,12.0,12,MI,01001
37.7,11.4,12,MI,01001
32.5,13.8,12,MI,01001
35.6,11.2,12,MI,01001
38.1,12.3,12,MI,01001
36.1,11.5,12,MI,01001
39.7,12.8,12,MI,01001
37.9,12.3,12,MI,01001
30.5,10.2,12,MI,01001
31.9,10.4,12,MI,01001
39.8,12.2,12,MI,01001
35.8,11.1,12,MI,01001
30.1,12.6,12,MI,01001
36.4,10.8,12,MI,01001
35.5,11.3,12,MI,01001
31.8,11.9,12,MI,01001
37.4,12.0,12,MI,01001
34.5,12.3,12,MI,01001
40.7,12.4,12,MI,01001
36.7,11.8,12,MI,01001
34.0,11.9,12,MI,01001
38.5,11.5,12,MI,01001
36.5,11.3,12,MI,01001
38.3,12.2,12,MI,01001
37.0,11.3,12,MI,01001
34.7,12.1,12,MI,01001
29.9,13.2,12,MI,01001
34.6,11.7,12,MI,01001
33.9,12.0,12,MI,01001
33.5,12.2,12,MI,01001
39.1,11.3,12,MI,01001
34.1,11.3,12,MI,01001
34.4,12.3,12,MI,01001
38.3,12.4,12,MI,01001
39.4,12.1,12,MI,01001
38.3,11.3,12,MI,01001
38.1,12.2,12,MI,01001
31.0,9.8,12,MI,01001
38.4,12.5,12,MI,01001
37.5,11.8,12,MI,01001
38.8,11.1,12,MI,01001
38.4,12.1,12,MI,01001
39.9,12.0,12,MI,01001
34.6,11.9,12,MI,01001
29.7,17.7,12,MN,01001
31.6,15.3,12,MN,01001
28.7,17.9,12,MN,01001
27.8,18.8,12,MN,01001
30.7,16.5,12,MN,01001
31.2,16.1,12,MN,01001
32.6,14.4,12,MN,01001
32.5,14.9,12,MN,01001
29.2,16.8,12,MN,01001
32.0,15.3,12,MN,01001
29.4,18.0,12,MN,01001
32.3,16.5,12,MN,01001
31.5,15.7,12,MN,01001
28.8,17.1,12,MN,01001
27.6,18.1,12,MN,01001
26.6,15.6,12,MN,01001
32.4,15.2,12,MN,01001
30.3,17.6,12,MN,01001
32.6,14.9,12,MN,01001
31.9,14.9,12,MN,01001
29.9,17.5,12,MN,01001
32.4,13.8,12,MN,01001
31.4,13.0,12,MN,01001
32.0,14.2,12,MN,01001
32.1,14.6,12,MN,01001
30.1,16.9,12,MN,01001
32.1,15.4,12,MN,01001
32.6,12.8,12,MN,01001
29.2,18.5,12,MN,01001
31.1,15.8,12,MN,01001
27.6,17.6,12,MN,01001
31.9,14.1,12,MN,01001
31.0,17.1,12,MN,01001
31.6,16.8,12,MN,01001
25.5,18.0,12,MN,01001
27.2,18.7,12,MN,01001
32.0,15.7,12,MN,01001
26.6,16.4,12,MN,01001
27.5,19.8,12,MN,01001
32.7,15.2,12,MN,01001
30.7,14.5,12,MN,01001
31.9,14.9,12,MN,01001
32.2,16.0,12,MN,01001
27.1,17.2,12,MN,01001
25.8,17.4,12,MN,01001
31.9,13.7,12,MN,01001
31.5,16.4,12,MN,01001
30.5,16.8,12,MN,01001
30.4,16.9,12,MN,01001
31.4,14.0,12,MN,01001
31.3,14.5,12,MN,01001
32.6,14.9,12,MN,01001
31.0,13.3,12,MN,01001
27.6,16.8,12,MN,01001
31.6,13.9,12,MN,01001
29.7,17.9,12,MN,01001
26.4,17.4,12,MN,01001
30.9,17.6,12,MN,01001
30.4,13.6,12,MN,01001
26.9,17.1,12,MN,01001
30.9,17.5,12,MN,01001
32.5,15.3,12,MN,01001
26.9,17.5,12,MN,01001
32.7,15.4,12,MN,01001
32.4,15.9,12,MN,01001
32.8,15.6,12,MN,01001
31.3,13.4,12,MN,01001
25.9,18.7,12,MN,01001
27.5,18.0,12,MN,01001
32.8,15.3,12,MN,01001
31.3,16.2,12,MN,01001
32.6,15.5,12,MN,01001
30.5,16.4,12,MN,01001
32.7,15.5,12,MN,01001
30.9,17.0,12,MN,01001
31.9,17.0,12,MN,01001
30.3,17.8,12,MN,01001
30.4,16.1,12,MN,01001
32.0,13.7,12,MN,01001
30.2,18.5,12,MN,01001
32.7,15.1,12,MN,01001
32.3,15.1,12,MN,01001
32.3,14.4,12,MN,01001
29.6,16.6,12,MN,01001
32.1,13.3,12,MN,01001
31.6,16.1,12,MN,01001
32.1,15.4,12,MN,01001
52.1,2.5,12,MS,01001
46.0,4.5,12,MS,01001
51.7,1.8,12,MS,01001
48.3,2.8,12,MS,01001
46.4,4.6,12,MS,01001
48.3,3.8,12,MS,01001
48.1,3.7,12,MS,01001
49.2,4.1,12,MS,01001
48.2,3.8,12,MS,01001
47.9,3.0,12,MS,01001
52.0,3.3,12,MS,01001
51.1,3.0,12,MS,01001
49.0,3.9,12,MS,01001
48.6,5.0,12,MS,01001
51.7,3.0,12,MS,01001
51.3,2.3,12,MS,01001
47.5,4.7,12,MS,01001
52.0,1.9,12,MS,01001
51.5,2.2,12,MS,01001
53.4,2.5,12,MS,01001
52.0,2.0,12,MS,01001
48.7,3.9,12,MS,01001
54.5,2.4,12,MS,01001
54.5,2.5,12,MS,01001
51.4,3.3,12,MS,01001
50.1,3.9,12,MS,01001
50.1,3.7,12,MS,01001
50.5,3.5,12,MS,01001
47.7,4.3,12,MS,01001
54.6,2.6,12,MS,01001
51.0,3.1,12,MS,01001
51.9,2.9,12,MS,01001
51.4,2.2,12,MS,01001
51.3,2.2,12,MS,01001
48.8,2.4,12,MS,01001
47.7,4.1,12,MS,01001
52.0,2.0,12,MS,01001
49.9,2.8,12,MS,01001
51.7,2.3,12,MS,01001
49.3,3.1,12,MS,01001
48.0,4.4,12,MS,01001
50.3,4.9,12,MS,01001
51.4,2.3,12,MS,01001
48.8,3.4,12,MS,01001
50.2,2.8,12,MS,01001
52.2,2.0,12,MS,01001
47.0,4.6,12,MS,01001
48.2,3.6,12,MS,01001
47.2,2.4,12,MS,01001
49.2,3.2,12,MS,01001
50.1,3.3,12,MS,01001
48.8,3.0,12,MS,01001
49.4,4.2,12,MS,01001
48.3,4.5,12,MS,01001
53.3,2.4,12,MS,01001
51.9,1.9,12,MS,01001
51.8,2.0,12,MS,01001
47.8,4.2,12,MS,01001
46.9,4.6,12,MS,01001
48.9,5.0,12,MS,01001
50.9,3.2,12,MS,01001
50.0,3.1,12,MS,01001
50.1,3.3,12,MS,01001
51.4,3.2,12,MS,01001
51.0,3.1,12,MS,01001
53.3,2.4,12,MS,01001
49.3,4.1,12,MS,01001
49.5,5.0,12,MS,01001
47.7,4.5,12,MS,01001
46.2,4.4,12,MS,01001
46.5,4.6,12,MS,01001
47.9,4.6,12,MS,01001
47.3,4.4,12,MS,01001
52.0,2.0,12,MS,01001
51.6,3.5,12,MS,01001
48.8,3.0,12,MS,01001
51.0,2.0,12,MS,01001
47.7,3.1,12,MS,01001
52.1,1.7,12,MS,01001
48.8,3.4,12,MS,01001
48.5,4.2,12,MS,01001
50.5,3.1,12,MS,01001
39.1,11.2,12,MO,01001
39.3,10.6,12,MO,01001
37.2,9.7,12,MO,01001
41.2,10.2,12,MO,01001
43.3,6.8,12,MO,01001
43.0,7.2,12,MO,01001
42.2,8.4,12,MO,01001
42.3,8.7,12,MO,01001
42.6,7.1,12,MO,01001
41.7,9.8,12,MO,01001
40.2,10.4,12,MO,01001
44.1,6.5,12,MO,01001
39.6,10.2,12,MO,01001
42.2,9.9,12,MO,01001
43.8,9.3,12,MO,01001
42.9,7.3,12,MO,01001
40.5,9.9,12,MO,01001
42.9,7.2,12,MO,01001
41.7,9.5,12,MO,01001
43.4,8.1,12,MO,01001
40.5,10.0,12,MO,01001
42.0,6.8,12,MO,01001
39.2,10.6,12,MO,01001
40.6,9.9,12,MO,01001
39.9,10.5,12,MO,01001
43.5,9.9,12,MO,01001
42.2,10.0,12,MO,01001
42.3,8.6,12,MO,01001
43.7,8.1,12,MO,01001
42.8,8.3,12,MO,01001
39.6,10.7,12,MO,01001
39.6,10.9,12,MO,01001
41.8,7.7,12,MO,01001
42.6,7.4,12,MO,01001
44.9,5.9,12,MO,01001
42.8,9.6,12,MO,01001
42.9,9.9,12,MO,01001
39.0,11.3,12,MO,01001
42.6,7.7,12,MO,01001
39.3,10.3,12,MO,01001
38.6,11.2,12,MO,01001
42.4,8.8,12,MO,01001
42.9,8.5,12,MO,01001
38.6,10.0,12,MO,01001
41.5,10.1,12,MO,01001
43.7,8.3,12,MO,01001
41.5,7.6,12,MO,01001
41.2,9.8,12,MO,01001
43.6,7.3,12,MO,01001
43.5,9.4,12,MO,01001
42.0,10.1,12,MO,01001
39.2,10.8,12,MO,01001
43.2,8.5,12,MO,01001
41.2,10.1,12,MO,01001
42.9,7.3,12,MO,01001
39.3,10.0,12,MO,01001
41.5,9.8,12,MO,01001
39.5,10.0,12,MO,01001
39.7,9.7,12,MO,01001
44.2,6.9,12,MO,01001
39.5,10.4,12,MO,01001
42.0,7.4,12,MO,01001
43.9,9.6,12,MO,01001
40.2,10.2,12,MO,01001
38.2,10.7,12,MO,01001
44.2,10.0,12,MO,01001
44.1,6.5,12,MO,01001
42.8,9.9,12,MO,01001
40.4,10.1,12,MO,01001
41.9,10.3,12,MO,01001
42.7,9.7,12,MO,01001
44.4,6.2,12,MO,01001
44.1,7.5,12,MO,01001
37.8,10.7,12,MO,01001
43.4,7.5,12,MO,01001
43.6,10.0,12,MO,01001
43.3,7.1,12,MO,01001
45.1,5.8,12,MO,01001
42.4,7.7,12,MO,01001
42.0,9.7,12,MO,01001
43.3,8.7,12,MO,01001
41.0,10.1,12,MO,01001
40.5,9.9,12,MO,01001
43.3,8.5,12,MO,01001
44.0,9.2,12,MO,01001
38.0,10.5,12,MO,01001
40.9,10.4,12,MO,01001
40.3,10.0,12,MO,01001
40.4,10.0,12,MO,01001
41.8,7.4,12,MO,01001
43.8,7.0,12,MO,01001
42.9,9.9,12,MO,01001
42.6,7.9,12,MO,01001
42.5,8.0,12,MO,01001
42.2,8.2,12,MO,01001
43.6,9.9,12,MO,01001
41.5,10.1,12,MO,01001
38.9,11.5,12,MO,01001
39.4,11.6,12,MO,01001
43.6,6.8,12,MO,01001
43.0,8.0,12,MO,01001
39.3,10.0,12,MO,01001
43.7,6.3,12,MO,01001
42.7,6.3,12,MO,01001
38.8,10.5,12,MO,01001
42.9,6.4,12,MO,01001
42.7,8.0,12,MO,01001
42.8,7.8,12,MO,01001
42.1,10.0,12,MO,01001
42.4,8.8,12,MO,01001
42.5,6.7,12,MO,01001
41.9,7.7,12,MO,01001
37.9,11.4,12,MO,01001
42.4,7.9,12,MO,01001
44.1,10.1,12,MO,01001
25.6,6.6,12,MT,01001
33.6,10.2,12,MT,01001
32.4,13.7,12,MT,01001
32.2,9.2,12,MT,01001
32.5,9.9,12,MT,01001
30.0,10.0,12,MT,01001
35.9,11.8,12,MT,01001
34.7,12.9,12,MT,01001
31.0,10.8,12,MT,01001
27.7,15.5,12,MT,01001
29.4,12.1,12,MT,01001
26.5,6.4,12,MT,01001
29.6,10.5,12,MT,01001
34.7,11.6,12,MT,01001
30.0,8.2,12,MT,01001
27.9,7.8,12,MT,01001
33.0,13.2,12,MT,01001
33.7,13.0,12,MT,01001
34.8,10.2,12,MT,01001
29.1,7.8,12,MT,01001
31.1,14.1,12,MT,01001
30.8,8.3,12,MT,01001
34.2,11.0,12,MT,01001
31.0,6.5,12,MT,01001
32.6,10.3,12,MT,01001
32.5,13.9,12,MT,01001
29.7,7.2,12,MT,01001
29.4,12.7,12,MT,01001
28.2,7.5,12,MT,01001
32.1,11.0,12,MT,01001
30.2,6.2,12,MT,01001
29.7,7.1,12,MT,01001
35.6,11.2,12,MT,01001
28.7,8.5,12,MT,01001
35.2,12.1,12,MT,01001
31.3,13.6,12,MT,01001
34.1,12.7,12,MT,01001
31.7,9.9,12,MT,01001
30.0,9.2,12,MT,01001
30.4,11.5,12,MT,01001
27.8,5.6,12,MT,01001
29.0,13.4,12,MT,01001
28.4,14.6,12,MT,01001
32.5,11.1,12,MT,01001
29.2,4.8,12,MT,01001
28.0,16.0,12,MT,01001
28.4,7.2,12,MT,01001
33.5,9.2,12,MT,01001
33.0,8.5,12,MT,01001
34.7,12.1,12,MT,01001
33.7,13.9,12,MT,01001
33.4,11.0,12,MT,01001
29.1,14.2,12,MT,01001
34.2,10.1,12,MT,01001
30.0,11.8,12,MT,01001
34.8,10.2,12,MT,01001
34.0,7.6,12,NE,01001
32.9,9.8,12,NE,01001
33.8,8.5,12,NE,01001
35.1,8.1,12,NE,01001
33.6,8.5,12,NE,01001
32.9,9.5,12,NE,01001
34.0,8.8,12,NE,01001
33.5,10.4,12,NE,01001
33.2,8.9,12,NE,01001
34.1,8.6,12,NE,01001
33.4,10.0,12,NE,01001
34.0,8.9,12,NE,01001
35.4,9.2,12,NE,01001
32.6,10.6,12,NE,01001
36.1,8.5,12,NE,01001
33.7,9.6,12,NE,01001
34.6,7.7,12,NE,01001
34.0,7.6,12,NE,01001
33.8,9.6,12,NE,01001
33.0,9.7,12,NE,01001
33.9,8.9,12,NE,01001
32.4,10.0,12,NE,01001
34.0,8.7,12,NE,01001
33.9,7.6,12,NE,01001
34.2,7.3,12,NE,01001
32.1,9.9,12,NE,01001
34.1,9.8,12,NE,01001
34.9,9.6,12,NE,01001
36.3,7.8,12,NE,01001
34.8,8.2,12,NE,01001
34.8,7.5,12,NE,01001
35.2,8.1,12,NE,01001
35.4,7.6,12,NE,01001
36.1,8.8,12,NE,01001
33.8,8.4,12,NE,01001
33.5,10.0,12,NE,01001
34.4,7.4,12,NE,01001
32.9,8.5,12,NE,01001
33.0,9.1,12,NE,01001
34.0,8.3,12,NE,01001
33.7,7.8,12,NE,01001
35.2,7.4,12,NE,01001
35.7,8.2,12,NE,01001
36.2,7.7,12,NE,01001
33.4,10.3,12,NE,01001
33.3,8.2,12,NE,01001
33.4,8.3,12,NE,01001
35.9,8.7,12,NE,01001
36.2,8.8,12,NE,01001
34.3,8.0,12,NE,01001
35.1,8.5,12,NE,01001
33.4,10.1,12,NE,01001
33.9,7.2,12,NE,01001
32.9,10.3,12,NE,01001
35.8,9.5,12,NE,01001
34.7,8.4,12,NE,01001
33.9,8.3,12,NE,01001
33.6,9.6,12,NE,01001
33.9,8.4,12,NE,01001
33.0,9.7,12,NE,01001
33.1,7.8,12,NE,01001
34.6,8.5,12,NE,01001
32.8,8.4,12,NE,01001
37.0,9.1,12,NE,01001
35.0,8.0,12,NE,01001
35.9,9.0,12,NE,01001
36.4,8.5,12,NE,01001
35.3,8.5,12,NE,01001
34.1,7.5,12,NE,01001
32.6,10.0,12,NE,01001
33.0,9.0,12,NE,01001
33.6,8.4,12,NE,01001
36.2,8.4,12,NE,01001
37.7,9.3,12,NE,01001
33.1,9.6,12,NE,01001
36.1,9.5,12,NE,01001
35.2,9.5,12,NE,01001
34.9,9.6,12,NE,01001
35.4,8.7,12,NE,01001
35.3,9.3,12,NE,01001
33.2,9.3,12,NE,01001
33.6,8.9,12,NE,01001
33.3,8.7,12,NE,01001
33.3,9.8,12,NE,01001
35.5,8.3,12,NE,01001
33.6,8.0,12,NE,01001
32.5,9.7,12,NE,01001
33.3,9.3,12,NE,01001
34.5,9.9,12,NE,01001
32.6,9.9,12,NE,01001
34.9,7.9,12,NE,01001
33.4,10.1,12,NE,01001
34.5,8.5,12,NE,01001
36.1,4.8,12,NV,01001
49.4,5.2,12,NV,01001
37.3,4.8,12,NV,01001
32.0,6.0,12,NV,01001
38.8,6.8,12,NV,01001
33.7,6.7,12,NV,01001
35.2,5.5,12,NV,01001
35.5,6.3,12,NV,01001
41.8,6.2,12,NV,01001
36.7,4.4,12,NV,01001
37.3,6.4,12,NV,01001
38.6,6.5,12,NV,01001
35.8,4.9,12,NV,01001
37.1,4.4,12,NV,01001
36.1,5.1,12,NV,01001
33.0,6.1,12,NV,01001
38.0,5.2,12,NV,01001
34.0,10.4,12,NH,01001
32.0,10.4,12,NH,01001
34.4,10.8,12,NH,01001
28.1,11.1,12,NH,01001
30.9,11.0,12,NH,01001
35.8,10.7,12,NH,01001
34.1,10.4,12,NH,01001
36.4,9.8,12,NH,01001
34.8,9.5,12,NH,01001
32.9,11.0,12,NH,01001
42.8,7.8,12,NJ,01001
41.3,9.0,12,NJ,01001
42.7,8.0,12,NJ,01001
42.9,8.1,12,NJ,01001
43.7,7.6,12,NJ,01001
42.8,7.8,12,NJ,01001
42.1,9.5,12,NJ,01001
42.8,7.9,12,NJ,01001
43.5,9.1,12,NJ,01001
39.7,9.3,12,NJ,01001
41.2,8.1,12,NJ,01001
42.2,8.8,12,NJ,01001
42.3,8.5,12,NJ,01001
39.3,9.4,12,NJ,01001
42.5,7.9,12,NJ,01001
39.5,9.3,12,NJ,01001
42.7,7.7,12,NJ,01001
40.8,9.0,12,NJ,01001
37.7,9.4,12,NJ,01001
42.7,9.5,12,NJ,01001
39.0,10.1,12,NJ,01001
36.5,3.8,12,NM,01001
34.2,3.1,12,NM,01001
45.1,5.9,12,NM,01001
33.4,3.4,12,NM,01001
31.8,2.6,12,NM,01001
43.0,7.1,12,NM,01001
44.0,6.7,12,NM,01001
44.8,3.5,12,NM,01001
47.2,5.3,12,NM,01001
41.4,3.2,12,NM,01001
40.7,5.3,12,NM,01001
38.5,4.8,12,NM,01001
44.0,2.8,12,NM,01001
45.6,4.9,12,NM,01001
40.8,4.8,12,NM,01001
31.1,3.3,12,NM,01001
44.8,3.5,12,NM,01001
32.9,3.7,12,NM,01001
33.4,3.8,12,NM,01001
42.7,3.8,12,NM,01001
42.1,5.6,12,NM,01001
29.4,4.0,12,NM,01001
43.4,6.1,12,NM,01001
32.8,3.0,12,NM,01001
34.0,4.7,12,NM,01001
37.4,3.9,12,NM,01001
32.7,2.9,12,NM,01001
41.4,3.0,12,NM,01001
38.6,4.3,12,NM,01001
26.1,2.4,12,NM,01001
35.6,4.3,12,NM,01001
37.1,4.4,12,NM,01001
37.8,3.6,12,NM,01001
36.3,10.1,12,NY,01001
35.9,10.3,12,NY,01001
43.2,8.7,12,NY,01001
36.3,10.0,12,NY,01001
36.1,10.3,12,NY,01001
36.9,9.9,12,NY,01001
37.7,10.5,12,NY,01001
36.0,9.4,12,NY,01001
35.4,10.5,12,NY,01001
30.6,10.6,12,NY,01001
37.3,10.1,12,NY,01001
35.0,10.1,12,NY,01001
34.1,9.6,12,NY,01001
37.8,9.8,12,NY,01001
38.1,10.5,12,NY,01001
29.6,10.3,12,NY,01001
29.8,11.4,12,NY,01001
32.8,9.8,12,NY,01001
37.4,10.4,12,NY,01001
35.2,9.8,12,NY,01001
29.9,11.0,12,NY,01001
31.6,10.8,12,NY,01001
34.6,12.2,12,NY,01001
43.8,8.7,12,NY,01001
32.1,12.1,12,NY,01001
37.6,10.3,12,NY,01001
35.1,10.8,12,NY,01001
38.7,10.7,12,NY,01001
34.9,9.5,12,NY,01001
42.8,8.4,12,NY,01001
43.7,9.0,12,NY,01001
38.3,9.8,12,NY,01001
34.6,11.0,12,NY,01001
36.9,10.6,12,NY,01001
37.3,10.0,12,NY,01001
37.6,9.2,12,NY,01001
37.9,10.0,12,NY,01001
36.6,11.5,12,NY,01001
33.9,9.6,12,NY,01001
38.3,9.6,12,NY,01001
43.2,8.3,12,NY,01001
36.5,10.9,12,NY,01001
43.7,9.1,12,NY,01001
39.8,9.2,12,NY,01001
31.8,12.0,12,NY,01001
34.5,10.4,12,NY,01001
35.6,10.1,12,NY,01001
34.0,9.3,12,NY,01001
36.0,9.8,12,NY,01001
37.6,9.7,12,NY,01001
36.1,10.2,12,NY,01001
42.1,8.5,12,NY,01001
35.4,9.6,12,NY,01001
36.0,9.3,12,NY,01001
35.6,9.3,12,NY,01001
36.0,9.4,12,NY,01001
32.1,10.8,12,NY,01001
34.8,11.0,12,NY,01001
38.1,10.2,12,NY,01001
40.5,9.4,12,NY,01001
36.1,10.6,12,NY,01001
36.9,9.9,12,NY,01001
45.4,5.1,12,NC,01001
43.6,4.1,12,NC,01001
40.2,6.2,12,NC,01001
47.7,4.6,12,NC,01001
38.5,5.1,12,NC,01001
38.2,4.9,12,NC,01001
48.2,3.6,12,NC,01001
47.3,4.9,12,NC,01001
49.0,4.1,12,NC,01001
50.2,3.3,12,NC,01001
41.0,4.3,12,NC,01001
43.9,4.6,12,NC,01001
45.8,4.3,12,NC,01001
43.4,4.4,12,NC,01001
48.1,5.3,12,NC,01001
49.8,2.7,12,NC,01001
44.4,4.7,12,NC,01001
44.6,4.4,12,NC,01001
46.6,5.3,12,NC,01001
42.0,3.1,12,NC,01001
47.9,4.9,12,NC,01001
41.4,3.5,12,NC,01001
44.4,3.7,12,NC,01001
49.5,3.7,12,NC,01001
48.5,3.4,12,NC,01001
48.5,4.7,12,NC,01001
48.6,5.2,12,NC,01001
49.4,3.4,12,NC,01001
45.0,5.0,12,NC,01001
44.0,4.8,12,NC,01001
47.7,3.3,12,NC,01001
46.2,5.8,12,NC,01001
47.3,5.2,12,NC,01001
43.9,4.9,12,NC,01001
46.4,5.9,12,NC,01001
45.5,4.3,12,NC,01001
47.3,5.4,12,NC,01001
40.6,3.4,12,NC,01001
45.5,5.9,12,NC,01001
47.6,4.1,12,NC,01001
45.0,5.2,12,NC,01001
46.1,5.1,12,NC,01001
47.7,4.9,12,NC,01001
38.3,3.9,12,NC,01001
41.6,3.5,12,NC,01001
46.9,5.2,12,NC,01001
48.6,5.3,12,NC,01001
49.5,3.4,12,NC,01001
44.3,4.7,12,NC,01001
39.5,3.5,12,NC,01001
47.8,5.1,12,NC,01001
48.1,3.4,12,NC,01001
47.2,5.2,12,NC,01001
47.0,3.0,12,NC,01001
44.9,4.3,12,NC,01001
43.9,5.4,12,NC,01001
40.6,3.6,12,NC,01001
41.4,4.5,12,NC,01001
47.6,4.8,12,NC,01001
46.5,4.8,12,NC,01001
39.0,4.7,12,NC,01001
48.2,6.0,12,NC,01001
48.3,6.0,12,NC,01001
47.0,5.9,12,NC,01001
50.5,3.6,12,NC,01001
45.9,4.9,12,NC,01001
49.0,3.2,12,NC,01001
45.5,5.4,12,NC,01001
49.3,3.2,12,NC,01001
48.1,5.2,12,NC,01001
49.3,3.6,12,NC,01001
47.9,5.0,12,NC,01001
44.7,5.6,12,NC,01001
47.7,4.2,12,NC,01001
45.2,4.3,12,NC,01001
46.4,5.4,12,NC,01001
48.4,5.3,12,NC,01001
49.4,4.8,12,NC,01001
44.4,5.0,12,NC,01001
45.1,4.8,12,NC,01001
45.0,4.4,12,NC,01001
48.0,4.0,12,NC,01001
49.0,5.4,12,NC,01001
46.8,4.6,12,NC,01001
43.4,4.9,12,NC,01001
42.5,4.9,12,NC,01001
39.1,3.6,12,NC,01001
41.3,4.1,12,NC,01001
48.8,4.0,12,NC,01001
47.3,4.6,12,NC,01001
45.4,5.8,12,NC,01001
47.2,5.6,12,NC,01001
45.7,5.7,12,NC,01001
48.2,4.5,12,NC,01001
38.7,4.9,12,NC,01001
47.6,4.2,12,NC,01001
43.5,5.4,12,NC,01001
48.1,5.6,12,NC,01001
43.1,4.6,12,NC,01001
39.2,5.0,12,NC,01001
29.5,12.5,12,ND,01001
27.2,15.3,12,ND,01001
24.8,15.0,12,ND,01001
29.8,13.1,12,ND,01001
24.0,14.3,12,ND,01001
30.3,11.8,12,ND,01001
24.0,13.1,12,ND,01001
26.1,12.9,12,ND,01001
27.8,15.6,12,ND,01001
23.2,15.8,12,ND,01001
26.9,13.0,12,ND,01001
26.2,14.9,12,ND,01001
28.8,13.5,12,ND,01001
25.4,14.9,12,ND,01001
27.1,12.7,12,ND,01001
25.7,14.7,12,ND,01001
29.8,12.2,12,ND,01001
25.9,15.9,12,ND,01001
28.1,12.3,12,ND,01001
25.4,15.3,12,ND,01001
28.7,12.3,12,ND,01001
25.1,12.9,12,ND,01001
27.3,13.9,12,ND,01001
26.2,13.3,12,ND,01001
25.8,14.6,12,ND,01001
26.7,13.0,12,ND,01001
28.8,14.0,12,ND,01001
26.9,13.4,12,ND,01001
27.7,12.6,12,ND,01001
27.4,12.5,12,ND,01001
25.8,13.4,12,ND,01001
24.7,15.6,12,ND,01001
27.6,12.8,12,ND,01001
24.6,16.3,12,ND,01001
24.7,15.2,12,ND,01001
24.4,15.4,12,ND,01001
27.8,14.4,12,ND,01001
24.9,13.6,12,ND,01001
29.2,15.5,12,ND,01001
23.7,15.7,12,ND,01001
27.8,13.9,12,ND,01001
25.7,13.7,12,ND,01001
28.3,12.5,12,ND,01001
30.2,12.0,12,ND,01001
28.9,12.5,12,ND,01001
25.0,14.7,12,ND,01001
26.9,14.5,12,ND,01001
23.7,15.8,12,ND,01001
26.4,15.4,12,ND,01001
25.1,16.0,12,ND,01001
26.2,13.7,12,ND,01001
25.3,14.2,12,ND,01001
27.5,14.6,12,ND,01001
41.0,7.7,12,OH,01001
40.6,11.3,12,OH,01001
39.3,10.5,12,OH,01001
39.5,10.7,12,OH,01001
40.7,8.2,12,OH,01001
40.0,10.7,12,OH,01001
39.2,8.0,12,OH,01001
40.9,8.2,12,OH,01001
40.1,8.3,12,OH,01001
39.5,9.7,12,OH,01001
39.5,9.9,12,OH,01001
40.6,10.2,12,OH,01001
41.3,8.4,12,OH,01001
41.4,10.2,12,OH,01001
39.2,9.5,12,OH,01001
39.6,9.5,12,OH,01001
40.0,11.2,12,OH,01001
41.0,11.0,12,OH,01001
39.5,9.9,12,OH,01001
39.7,11.4,12,OH,01001
40.3,9.9,12,OH,01001
41.1,10.7,12,OH,01001
39.6,8.4,12,OH,01001
41.1,10.1,12,OH,01001
41.1,9.8,12,OH,01001
40.2,12.3,12,OH,01001
40.2,5.8,12,OH,01001
38.9,11.0,12,OH,01001
41.3,10.2,12,OH,01001
40.5,9.4,12,OH,01001
40.9,7.9,12,OH,01001
41.3,12.2,12,OH,01001
40.7,11.5,12,OH,01001
39.7,9.3,12,OH,01001
40.5,11.9,12,OH,01001
40.8,8.9,12,OH,01001
39.8,8.2,12,OH,01001
39.1,9.8,12,OH,01001
40.1,10.8,12,OH,01001
40.7,7.7,12,OH,01001
39.7,8.7,12,OH,01001
38.9,9.6,12,OH,01001
40.6,10.8,12,OH,01001
41.1,6.4,12,OH,01001
39.3,9.1,12,OH,01001
39.4,10.4,12,OH,01001
40.7,10.4,12,OH,01001
41.9,12.8,12,OH,01001
41.1,10.5,12,OH,01001
39.7,10.9,12,OH,01001
40.6,11.0,12,OH,01001
40.0,10.5,12,OH,01001
40.1,6.5,12,OH,01001
39.5,10.5,12,OH,01001
40.8,10.5,12,OH,01001
39.3,7.5,12,OH,01001
41.1,9.9,12,OH,01001
40.3,8.5,12,OH,01001
39.5,10.5,12,OH,01001
40.6,9.6,12,OH,01001
39.9,8.3,12,OH,01001
41.3,11.5,12,OH,01001
40.0,11.4,12,OH,01001
39.8,8.8,12,OH,01001
41.0,9.0,12,OH,01001
40.9,8.2,12,OH,01001
39.5,11.0,12,OH,01001
39.0,8.8,12,OH,01001
40.6,11.6,12,OH,01001
39.2,10.8,12,OH,01001
40.9,8.6,12,OH,01001
41.0,11.2,12,OH,01001
40.9,7.4,12,OH,01001
40.6,11.3,12,OH,01001
39.8,10.4,12,OH,01001
39.6,10.3,12,OH,01001
40.2,10.7,12,OH,01001
39.7,11.1,12,OH,01001
40.0,9.9,12,OH,01001
40.0,10.0,12,OH,01001
40.0,11.2,12,OH,01001
40.4,8.1,12,OH,01001
41.4,9.4,12,OH,01001
40.9,8.1,12,OH,01001
39.4,10.1,12,OH,01001
38.8,11.4,12,OH,01001
41.5,12.3,12,OH,01001
41.2,11.8,12,OH,01001
44.3,5.3,12,OK,01001
43.7,8.1,12,OK,01001
47.0,4.4,12,OK,01001
41.8,6.8,12,OK,01001
45.4,7.3,12,OK,01001
43.9,6.6,12,OK,01001
48.7,5.3,12,OK,01001
45.1,6.3,12,OK,01001
44.6,6.4,12,OK,01001
47.5,4.8,12,OK,01001
44.7,5.1,12,OK,01001
47.3,4.0,12,OK,01001
39.8,5.5,12,OK,01001
45.8,5.8,12,OK,01001
46.5,4.2,12,OK,01001
46.4,5.9,12,OK,01001
47.5,5.6,12,OK,01001
44.0,6.3,12,OK,01001
45.3,6.2,12,OK,01001
44.3,7.0,12,OK,01001
43.9,5.5,12,OK,01001
43.9,7.4,12,OK,01001
43.1,7.3,12,OK,01001
43.9,7.3,12,OK,01001
46.4,5.1,12,OK,01001
45.7,6.1,12,OK,01001
43.5,8.0,12,OK,01001
46.0,6.8,12,OK,01001
45.9,6.3,12,OK,01001
42.3,7.1,12,OK,01001
46.4,4.9,12,OK,01001
45.8,4.4,12,OK,01001
46.6,6.4,12,OK,01001
48.1,5.3,12,OK,01001
47.4,4.7,12,OK,01001
43.4,7.4,12,OK,01001
44.0,6.2,12,OK,01001
45.9,6.6,12,OK,01001
45.7,3.9,12,OK,01001
45.2,4.0,12,OK,01001
45.6,6.1,12,OK,01001
44.5,6.2,12,OK,01001
48.3,4.8,12,OK,01001
46.0,5.9,12,OK,01001
45.9,3.5,12,OK,01001
46.5,5.2,12,OK,01001
44.1,7.6,12,OK,01001
48.2,4.8,12,OK,01001
44.1,5.0,12,OK,01001
46.9,4.7,12,OK,01001
46.2,5.5,12,OK,01001
44.6,7.3,12,OK,01001
44.1,6.8,12,OK,01001
45.9,5.3,12,OK,01001
45.2,6.0,12,OK,01001
46.1,5.6,12,OK,01001
43.9,6.9,12,OK,01001
44.6,7.1,12,OK,01001
44.8,7.0,12,OK,01001
45.2,6.9,12,OK,01001
46.1,4.2,12,OK,01001
46.3,4.5,12,OK,01001
46.1,5.6,12,OK,01001
45.7,3.5,12,OK,01001
44.5,7.5,12,OK,01001
44.3,5.8,12,OK,01001
46.0,5.1,12,OK,01001
45.8,5.1,12,OK,01001
46.8,5.4,12,OK,01001
41.6,6.9,12,OK,01001
47.2,5.9,12,OK,01001
44.9,5.9,12,OK,01001
45.3,5.4,12,OK,01001
44.0,6.9,12,OK,01001
45.0,6.7,12,OK,01001
43.4,8.3,12,OK,01001
43.6,8.0,12,OK,01001
31.0,4.8,12,OR,01001
44.9,5.0,12,OR,01001
41.3,5.4,12,OR,01001
44.8,5.2,12,OR,01001
43.3,5.2,12,OR,01001
48.2,5.6,12,OR,01001
35.2,5.6,12,OR,01001
47.0,4.6,12,OR,01001
35.0,5.7,12,OR,01001
43.8,5.4,12,OR,01001
37.7,5.3,12,OR,01001
33.2,5.5,12,OR,01001
34.0,6.4,12,OR,01001
36.0,4.8,12,OR,01001
41.2,5.6,12,OR,01001
37.2,5.6,12,OR,01001
42.8,5.0,12,OR,01001
34.6,5.8,12,OR,01001
34.8,5.9,12,OR,01001
43.4,5.4,12,OR,01001
47.0,5.1,12,OR,01001
42.5,5.5,12,OR,01001
33.0,4.9,12,OR,01001
42.3,4.8,12,OR,01001
38.2,5.8,12,OR,01001
43.6,5.4,12,OR,01001
44.8,5.2,12,OR,01001
37.2,5.1,12,OR,01001
44.9,5.4,12,OR,01001
37.4,6.1,12,OR,01001
33.2,5.6,12,OR,01001
32.2,5.7,12,OR,01001
36.7,5.0,12,OR,01001
43.7,5.3,12,OR,01001
36.6,5.2,12,OR,01001
44.2,4.7,12,OR,01001
39.5,7.7,12,PA,01001
41.6,10.0,12,PA,01001
39.3,9.7,12,PA,01001
39.9,9.0,12,PA,01001
38.9,8.3,12,PA,01001
39.1,7.9,12,PA,01001
38.2,8.7,12,PA,01001
35.6,9.0,12,PA,01001
40.4,8.7,12,PA,01001
39.1,9.5,12,PA,01001
36.7,8.6,12,PA,01001
36.2,8.8,12,PA,01001
36.3,9.2,12,PA,01001
36.9,8.2,12,PA,01001
40.2,7.9,12,PA,01001
37.8,9.7,12,PA,01001
37.2,9.3,12,PA,01001
36.5,8.5,12,PA,01001
36.9,8.7,12,PA,01001
37.9,10.3,12,PA,01001
39.4,7.8,12,PA,01001
38.9,8.3,12,PA,01001
41.9,7.8,12,PA,01001
37.1,10.5,12,PA,01001
38.4,10.2,12,PA,01001
39.2,8.4,12,PA,01001
37.5,10.4,12,PA,01001
39.1,7.4,12,PA,01001
39.3,7.9,12,PA,01001
40.1,8.3,12,PA,01001
38.9,8.3,12,PA,01001
38.3,9.0,12,PA,01001
37.6,10.1,12,PA,01001
38.4,7.5,12,PA,01001
36.0,9.7,12,PA,01001
40.0,8.1,12,PA,01001
39.4,9.7,12,PA,01001
38.7,8.0,12,PA,01001
39.5,9.1,12,PA,01001
36.1,9.3,12,PA,01001
36.4,9.0,12,PA,01001
36.2,10.6,12,PA,01001
38.5,10.3,12,PA,01001
38.0,7.6,12,PA,01001
36.1,9.4,12,PA,01001
40.9,8.4,12,PA,01001
37.8,8.7,12,PA,01001
39.1,9.7,12,PA,01001
37.7,8.4,12,PA,01001
38.7,7.7,12,PA,01001
42.6,8.3,12,PA,01001
35.8,9.4,12,PA,01001
35.1,9.2,12,PA,01001
36.7,8.2,12,PA,01001
37.9,7.9,12,PA,01001
36.6,8.4,12,PA,01001
34.2,9.0,12,PA,01001
35.8,9.6,12,PA,01001
35.4,9.5,12,PA,01001
37.5,8.5,12,PA,01001
37.8,9.9,12,PA,01001
37.0,10.4,12,PA,01001
40.6,9.2,12,PA,01001
35.6,9.7,12,PA,01001
40.5,9.5,12,PA,01001
36.5,9.7,12,PA,01001
40.0,8.2,12,PA,01001
40.6,8.0,12,RI,01001
39.4,8.7,12,RI,01001
40.7,7.6,12,RI,01001
39.0,9.1,12,RI,01001
40.6,8.9,12,RI,01001
47.8,4.3,12,SC,01001
49.7,3.3,12,SC,01001
49.9,2.3,12,SC,01001
47.2,4.4,12,SC,01001
49.3,1.9,12,SC,01001
49.4,2.3,12,SC,01001
53.4,3.0,12,SC,01001
52.2,4.0,12,SC,01001
50.1,3.2,12,SC,01001
53.6,4.2,12,SC,01001
45.2,3.6,12,SC,01001
47.0,3.9,12,SC,01001
47.6,4.0,12,SC,01001
50.4,3.4,12,SC,01001
51.8,3.4,12,SC,01001
49.1,4.1,12,SC,01001
49.8,4.7,12,SC,01001
52.2,4.1,12,SC,01001
49.2,3.7,12,SC,01001
48.1,3.9,12,SC,01001
50.2,4.0,12,SC,01001
50.7,2.8,12,SC,01001
46.1,4.2,12,SC,01001
47.8,3.8,12,SC,01001
51.0,2.7,12,SC,01001
50.1,3.4,12,SC,01001
52.5,2.9,12,SC,01001
48.7,4.4,12,SC,01001
47.5,4.6,12,SC,01001
46.9,3.6,12,SC,01001
49.4,4.1,12,SC,01001
49.3,3.9,12,SC,01001
48.6,3.9,12,SC,01001
50.1,3.9,12,SC,01001
48.9,4.5,12,SC,01001
47.9,3.9,12,SC,01001
45.4,3.1,12,SC,01001
50.0,2.8,12,SC,01001
46.1,4.2,12,SC,01001
49.6,3.7,12,SC,01001
48.6,3.9,12,SC,01001
46.1,3.8,12,SC,01001
50.3,4.0,12,SC,01001
46.3,3.4,12,SC,01001
50.4,3.2,12,SC,01001
46.2,3.9,12,SC,01001
31.8,12.0,12,SD,01001
30.3,12.5,12,SD,01001
33.3,9.9,12,SD,01001
32.4,10.6,12,SD,01001
30.0,13.9,12,SD,01001
28.9,14.3,12,SD,01001
32.3,11.8,12,SD,01001
30.8,11.5,12,SD,01001
31.6,9.7,12,SD,01001
28.5,12.6,12,SD,01001
33.1,11.0,12,SD,01001
29.8,14.6,12,SD,01001
32.5,11.3,12,SD,01001
29.7,15.2,12,SD,01001
29.5,12.2,12,SD,01001
33.4,8.7,12,SD,01001
31.6,11.6,12,SD,01001
29.0,14.9,12,SD,01001
30.5,15.4,12,SD,01001
30.5,12.1,12,SD,01001
32.3,11.3,12,SD,01001
29.1,13.5,12,SD,01001
33.9,9.4,12,SD,01001
29.7,13.5,12,SD,01001
30.8,15.6,12,SD,01001
33.4,10.9,12,SD,01001
31.5,10.0,12,SD,01001
29.7,14.7,12,SD,01001
30.1,12.4,12,SD,01001
31.3,11.6,12,SD,01001
30.9,11.2,12,SD,01001
30.8,11.3,12,SD,01001
31.9,11.4,12,SD,01001
29.8,12.2,12,SD,01001
33.1,9.7,12,SD,01001
30.8,11.9,12,SD,01001
32.8,10.8,12,SD,01001
29.8,13.3,12,SD,01001
30.2,12.6,12,SD,01001
31.6,7.9,12,SD,01001
31.9,12.4,12,SD,01001
32.1,10.9,12,SD,01001
31.2,12.3,12,SD,01001
27.7,13.0,12,SD,01001
27.8,13.9,12,SD,01001
32.2,9.8,12,SD,01001
33.8,10.6,12,SD,01001
30.5,12.3,12,SD,01001
31.6,13.3,12,SD,01001
30.6,13.3,12,SD,01001
33.6,9.3,12,SD,01001
32.3,9.0,12,SD,01001
30.1,11.5,12,SD,01001
29.8,13.2,12,SD,01001
29.9,15.1,12,SD,01001
30.7,11.6,12,SD,01001
30.2,13.8,12,SD,01001
31.1,10.6,12,SD,01001
30.5,12.3,12,SD,01001
33.5,10.0,12,SD,01001
33.5,10.8,12,SD,01001
31.9,12.1,12,SD,01001
32.4,11.3,12,SD,01001
29.4,13.1,12,SD,01001
32.4,11.2,12,SD,01001
30.9,11.4,12,SD,01001
42.7,4.4,12,TN,01001
44.9,4.5,12,TN,01001
44.6,5.0,12,TN,01001
42.8,4.6,12,TN,01001
43.9,4.4,12,TN,01001
45.0,4.3,12,TN,01001
41.2,4.4,12,TN,01001
43.7,4.2,12,TN,01001
44.9,5.4,12,TN,01001
40.3,4.5,12,TN,01001
45.0,5.8,12,TN,01001
45.6,5.1,12,TN,01001
41.4,4.3,12,TN,01001
43.9,5.2,12,TN,01001
43.5,4.7,12,TN,01001
44.2,4.5,12,TN,01001
45.6,5.9,12,TN,01001
41.8,4.8,12,TN,01001
45.2,5.6,12,TN,01001
45.6,5.0,12,TN,01001
43.7,4.4,12,TN,01001
44.5,5.8,12,TN,01001
45.3,5.9,12,TN,01001
46.4,5.1,12,TN,01001
42.2,5.7,12,TN,01001
44.8,4.6,12,TN,01001
45.4,6.0,12,TN,01001
45.0,4.6,12,TN,01001
42.7,4.6,12,TN,01001
43.0,4.4,12,TN,01001
42.6,4.7,12,TN,01001
43.3,4.6,12,TN,01001
45.0,4.6,12,TN,01001
42.3,4.9,12,TN,01001
45.8,5.0,12,TN,01001
46.1,5.0,12,TN,01001
43.0,4.8,12,TN,01001
45.8,5.5,12,TN,01001
45.4,5.2,12,TN,01001
44.3,5.4,12,TN,01001
44.8,5.4,12,TN,01001
44.3,5.5,12,TN,01001
44.4,5.2,12,TN,01001
44.1,5.0,12,TN,01001
44.0,5.0,12,TN,01001
39.0,4.5,12,TN,01001
44.0,4.7,12,TN,01001
44.8,6.0,12,TN,01001
45.7,5.4,12,TN,01001
45.1,5.1,12,TN,01001
45.1,5.6,12,TN,01001
45.2,4.2,12,TN,01001
44.4,4.4,12,TN,01001
44.8,4.7,12,TN,01001
45.5,4.5,12,TN,01001
43.5,5.1,12,TN,01001
45.9,5.8,12,TN,01001
44.4,4.7,12,TN,01001
44.8,4.7,12,TN,01001
45.0,5.3,12,TN,01001
44.6,4.7,12,TN,01001
43.8,4.1,12,TN,01001
44.6,5.9,12,TN,01001
45.0,4.5,12,TN,01001
42.2,4.9,12,TN,01001
44.6,6.0,12,TN,01001
43.8,5.8,12,TN,01001
45.1,5.1,12,TN,01001
43.3,5.7,12,TN,01001
44.2,4.0,12,TN,01001
43.6,5.2,12,TN,01001
43.6,4.5,12,TN,01001
44.0,4.6,12,TN,01001
44.2,5.7,12,TN,01001
44.8,4.8,12,TN,01001
41.6,5.2,12,TN,01001
43.0,4.6,12,TN,01001
42.3,4.2,12,TN,01001
47.0,4.9,12,TN,01001
43.9,4.4,12,TN,01001
44.1,5.4,12,TN,01001
42.0,4.5,12,TN,01001
44.2,5.5,12,TN,01001
46.0,4.8,12,TN,01001
44.1,4.9,12,TN,01001
39.7,3.6,12,TN,01001
42.3,4.3,12,TN,01001
42.5,4.4,12,TN,01001
43.5,4.3,12,TN,01001
42.2,4.0,12,TN,01001
45.2,5.0,12,TN,01001
44.8,5.9,12,TN,01001
43.3,4.7,12,TN,01001
44.8,5.3,12,TN,01001
44.4,4.8,12,TN,01001
51.0,2.8,12,TX,01001
48.5,5.5,12,TX,01001
52.6,2.8,12,TX,01001
61.8,5.2,12,TX,01001
49.6,6.3,12,TX,01001
44.2,6.4,12,TX,01001
58.3,4.4,12,TX,01001
57.4,4.9,12,TX,01001
43.2,5.5,12,TX,01001
54.0,3.9,12,TX,01001
55.7,4.7,12,TX,01001
50.0,7.0,12,TX,01001
60.1,4.5,12,TX,01001
53.3,5.0,12,TX,01001
56.9,4.3,12,TX,01001
54.2,4.8,12,TX,01001
48.5,4.8,12,TX,01001
52.2,4.8,12,TX,01001
48.7,3.6,12,TX,01001
58.5,3.3,12,TX,01001
54.5,4.1,12,TX,01001
52.0,4.7,12,TX,01001
45.2,5.8,12,TX,01001
62.5,4.7,12,TX,01001
52.7,6.6,12,TX,01001
55.0,4.6,12,TX,01001
53.4,4.5,12,TX,01001
56.4,4.9,12,TX,01001
60.3,4.4,12,TX,01001
51.0,5.9,12,TX,01001
65.1,3.6,12,TX,01001
50.0,4.0,12,TX,01001
43.6,7.1,12,TX,01001
49.1,2.8,12,TX,01001
43.2,6.1,12,TX,01001
57.4,3.2,12,TX,01001
51.5,3.0,12,TX,01001
46.4,5.9,12,TX,01001
49.0,5.7,12,TX,01001
43.9,4.7,12,TX,01001
50.6,5.6,12,TX,01001
51.9,6.1,12,TX,01001
50.1,5.2,12,TX,01001
45.3,6.4,12,TX,01001
58.1,5.2,12,TX,01001
55.6,4.4,12,TX,01001
52.6,6.5,12,TX,01001
51.6,5.6,12,TX,01001
49.0,4.8,12,TX,01001
52.4,4.5,12,TX,01001
47.3,5.5,12,TX,01001
52.0,6.6,12,TX,01001
51.7,5.5,12,TX,01001
45.7,4.8,12,TX,01001
48.2,5.0,12,TX,01001
40.1,5.6,12,TX,01001
51.5,4.7,12,TX,01001
46.9,4.1,12,TX,01001
42.2,6.3,12,TX,01001
49.2,4.4,12,TX,01001
50.4,4.9,12,TX,01001
58.7,4.8,12,TX,01001
47.2,5.0,12,TX,01001
58.3,4.4,12,TX,01001
44.9,6.6,12,TX,01001
60.6,4.5,12,TX,01001
51.2,6.0,12,TX,01001
50.3,6.2,12,TX,01001
53.7,5.5,12,TX,01001
51.8,4.3,12,TX,01001
47.4,4.4,12,TX,01001
52.3,6.3,12,TX,01001
52.6,4.3,12,TX,01001
49.7,5.6,12,TX,01001
57.1,5.1,12,TX,01001
50.0,6.3,12,TX,01001
44.7,5.2,12,TX,01001
48.2,6.3,12,TX,01001
57.9,3.9,12,TX,01001
50.0,4.6,12,TX,01001
51.9,3.6,12,TX,01001
58.1,4.7,12,TX,01001
46.0,3.9,12,TX,01001
58.6,3.2,12,TX,01001
47.8,4.9,12,TX,01001
52.6,4.2,12,TX,01001
49.8,5.6,12,TX,01001
59.7,4.6,12,TX,01001
57.8,4.9,12,TX,01001
44.1,7.4,12,TX,01001
49.1,4.9,12,TX,01001
50.1,2.5,12,TX,01001
54.8,4.0,12,TX,01001
57.0,4.8,12,TX,01001
44.0,5.2,12,TX,01001
46.5,6.1,12,TX,01001
52.3,5.4,12,TX,01001
42.8,7.1,12,TX,01001
47.1,6.1,12,TX,01001
54.5,2.7,12,TX,01001
57.3,3.6,12,TX,01001
49.9,2.1,12,TX,01001
41.1,5.9,12,TX,01001
50.4,6.7,12,TX,01001
54.9,4.5,12,TX,01001
43.7,7.2,12,TX,01001
50.4,3.0,12,TX,01001
63.9,3.7,12,TX,01001
52.2,4.5,12,TX,01001
44.4,4.6,12,TX,01001
52.2,5.6,12,TX,01001
49.4,4.2,12,TX,01001
52.1,2.6,12,TX,01001
49.8,5.5,12,TX,01001
46.5,4.3,12,TX,01001
49.8,5.0,12,TX,01001
44.3,7.4,12,TX,01001
50.3,5.0,12,TX,01001
49.8,5.6,12,TX,01001
59.1,4.4,12,TX,01001
52.8,2.1,12,TX,01001
49.2,5.2,12,TX,01001
56.6,3.1,12,TX,01001
62.1,4.8,12,TX,01001
61.2,4.5,12,TX,01001
52.2,5.1,12,TX,01001
50.8,6.4,12,TX,01001
58.6,4.5,12,TX,01001
50.8,4.1,12,TX,01001
53.9,4.0,12,TX,01001
63.5,4.6,12,TX,01001
48.5,5.2,12,TX,01001
52.2,4.0,12,TX,01001
51.7,4.7,12,TX,01001
48.8,6.2,12,TX,01001
56.9,5.5,12,TX,01001
62.7,5.0,12,TX,01001
49.5,6.6,12,TX,01001
48.4,4.0,12,TX,01001
43.4,5.0,12,TX,01001
52.7,4.8,12,TX,01001
59.2,4.6,12,TX,01001
58.4,5.3,12,TX,01001
55.3,4.7,12,TX,01001
51.9,2.7,12,TX,01001
56.0,3.3,12,TX,01001
52.2,4.0,12,TX,01001
42.4,6.8,12,TX,01001
59.7,4.4,12,TX,01001
53.8,5.4,12,TX,01001
50.2,6.0,12,TX,01001
45.2,5.1,12,TX,01001
46.3,4.5,12,TX,01001
51.9,5.3,12,TX,01001
52.2,4.2,12,TX,01001
59.4,4.4,12,TX,01001
53.1,3.1,12,TX,01001
49.2,2.0,12,TX,01001
48.9,5.2,12,TX,01001
52.4,4.8,12,TX,01001
59.4,4.0,12,TX,01001
58.0,5.0,12,TX,01001
56.6,4.4,12,TX,01001
50.8,4.8,12,TX,01001
50.0,5.7,12,TX,01001
53.8,4.7,12,TX,01001
52.5,5.7,12,TX,01001
50.4,6.2,12,TX,01001
49.2,5.6,12,TX,01001
55.8,4.0,12,TX,01001
42.8,6.7,12,TX,01001
49.8,3.8,12,TX,01001
46.5,5.2,12,TX,01001
51.6,2.5,12,TX,01001
52.1,4.3,12,TX,01001
53.0,2.4,12,TX,01001
50.4,6.5,12,TX,01001
62.3,4.9,12,TX,01001
42.7,7.0,12,TX,01001
42.0,5.7,12,TX,01001
55.3,2.8,12,TX,01001
51.3,6.0,12,TX,01001
50.8,2.4,12,TX,01001
51.2,5.5,12,TX,01001
42.9,6.4,12,TX,01001
52.4,6.6,12,TX,01001
53.7,2.8,12,TX,01001
43.1,6.5,12,TX,01001
51.5,4.9,12,TX,01001
49.4,3.9,12,TX,01001
42.6,5.9,12,TX,01001
50.5,5.7,12,TX,01001
54.0,4.9,12,TX,01001
48.5,4.1,12,TX,01001
50.8,5.9,12,TX,01001
61.0,4.8,12,TX,01001
44.0,7.4,12,TX,01001
53.0,3.8,12,TX,01001
50.5,4.8,12,TX,01001
51.3,6.0,12,TX,01001
50.8,2.4,12,TX,01001
51.6,2.3,12,TX,01001
51.5,2.1,12,TX,01001
54.4,3.1,12,TX,01001
61.5,4.6,12,TX,01001
53.2,5.9,12,TX,01001
50.4,4.6,12,TX,01001
49.1,5.5,12,TX,01001
51.1,6.5,12,TX,01001
51.0,2.3,12,TX,01001
41.8,6.5,12,TX,01001
49.8,2.6,12,TX,01001
52.5,5.5,12,TX,01001
63.3,4.5,12,TX,01001
50.5,5.8,12,TX,01001
50.0,5.4,12,TX,01001
49.6,6.2,12,TX,01001
51.7,5.2,12,TX,01001
43.5,5.7,12,TX,01001
51.8,5.2,12,TX,01001
50.9,6.2,12,TX,01001
53.2,5.9,12,TX,01001
45.2,4.0,12,TX,01001
50.6,6.8,12,TX,01001
50.2,4.8,12,TX,01001
50.8,4.9,12,TX,01001
54.6,4.4,12,TX,01001
52.9,2.8,12,TX,01001
53.0,2.3,12,TX,01001
49.7,3.0,12,TX,01001
51.7,6.2,12,TX,01001
56.4,4.6,12,TX,01001
54.3,5.1,12,TX,01001
49.9,3.5,12,TX,01001
59.4,4.5,12,TX,01001
53.6,3.0,12,TX,01001
56.9,4.6,12,TX,01001
51.5,6.7,12,TX,01001
56.2,4.9,12,TX,01001
60.5,4.9,12,TX,01001
58.8,4.7,12,TX,01001
44.7,7.2,12,TX,01001
48.5,6.1,12,TX,01001
48.3,6.4,12,TX,01001
64.4,4.0,12,TX,01001
54.0,4.6,12,TX,01001
57.7,4.3,12,TX,01001
50.4,6.5,12,TX,01001
50.1,5.3,12,TX,01001
49.4,3.4,12,TX,01001
44.6,4.2,12,TX,01001
50.0,5.9,12,TX,01001
62.5,5.1,12,TX,01001
57.6,4.3,12,TX,01001
34.6,6.1,12,UT,01001
32.4,6.4,12,UT,01001
29.6,6.4,12,UT,01001
29.6,6.8,12,UT,01001
26.4,5.3,12,UT,01001
34.5,6.4,12,UT,01001
27.2,6.9,12,UT,01001
32.9,6.0,12,UT,01001
33.2,5.3,12,UT,01001
32.8,6.2,12,UT,01001
35.4,6.4,12,UT,01001
33.5,5.1,12,UT,01001
36.0,4.5,12,UT,01001
33.6,4.8,12,UT,01001
30.4,6.3,12,UT,01001
31.8,6.8,12,UT,01001
26.3,6.0,12,UT,01001
34.2,6.1,12,UT,01001
34.7,4.4,12,UT,01001
30.8,6.3,12,UT,01001
31.9,5.9,12,UT,01001
26.8,6.1,12,UT,01001
32.5,4.2,12,UT,01001
27.9,6.6,12,UT,01001
32.3,6.2,12,UT,01001
28.5,6.4,12,UT,01001
41.9,5.6,12,UT,01001
33.8,5.6,12,UT,01001
32.1,7.0,12,UT,01001
31.9,10.2,12,VT,01001
33.3,11.5,12,VT,01001
29.2,10.8,12,VT,01001
32.5,11.2,12,VT,01001
28.3,11.1,12,VT,01001
30.9,10.9,12,VT,01001
32.0,10.2,12,VT,01001
29.4,11.0,12,VT,01001
31.1,11.2,12,VT,01001
28.7,10.8,12,VT,01001
32.4,10.9,12,VT,01001
29.9,10.8,12,VT,01001
33.6,11.1,12,VT,01001
32.4,11.2,12,VT,01001
46.1,6.3,12,VA,01001
43.0,6.7,12,VA,01001
39.1,5.3,12,VA,01001
43.8,5.2,12,VA,01001
41.0,4.8,12,VA,01001
42.5,5.4,12,VA,01001
43.1,6.8,12,VA,01001
40.0,6.2,12,VA,01001
37.9,4.9,12,VA,01001
41.8,4.6,12,VA,01001
38.6,5.1,12,VA,01001
40.9,4.7,12,VA,01001
45.0,5.6,12,VA,01001
40.4,5.0,12,VA,01001
43.2,5.8,12,VA,01001
41.6,4.5,12,VA,01001
42.7,5.2,12,VA,01001
39.8,5.4,12,VA,01001
45.5,5.0,12,VA,01001
42.8,5.0,12,VA,01001
44.4,5.1,12,VA,01001
40.5,6.9,12,VA,01001
39.7,5.6,12,VA,01001
41.5,6.1,12,VA,01001
43.2,5.3,12,VA,01001
40.6,5.0,12,VA,01001
44.8,5.4,12,VA,01001
43.7,5.2,12,VA,01001
42.8,7.0,12,VA,01001
41.3,6.8,12,VA,01001
39.8,6.1,12,VA,01001
43.2,6.0,12,VA,01001
42.5,5.2,12,VA,01001
39.9,6.9,12,VA,01001
39.3,5.6,12,VA,01001
45.9,5.4,12,VA,01001
43.1,5.4,12,VA,01001
38.8,5.8,12,VA,01001
41.7,7.0,12,VA,01001
45.1,5.0,12,VA,01001
43.2,4.8,12,VA,01001
43.5,5.3,12,VA,01001
44.4,5.1,12,VA,01001
43.1,4.8,12,VA,01001
35.4,4.8,12,VA,01001
47.0,5.6,12,VA,01001
46.0,5.3,12,VA,01001
44.0,5.0,12,VA,01001
43.3,5.7,12,VA,01001
43.8,5.0,12,VA,01001
44.8,5.4,12,VA,01001
41.7,5.1,12,VA,01001
41.7,7.6,12,VA,01001
42.5,5.8,12,VA,01001
44.2,5.7,12,VA,01001
41.0,6.6,12,VA,01001
46.0,5.5,12,VA,01001
44.8,5.8,12,VA,01001
44.9,5.1,12,VA,01001
41.2,6.3,12,VA,01001
41.8,6.0,12,VA,01001
44.7,5.0,12,VA,01001
46.6,5.6,12,VA,01001
44.9,6.0,12,VA,01001
44.2,5.6,12,VA,01001
42.0,6.0,12,VA,01001
40.3,7.1,12,VA,01001
42.0,5.2,12,VA,01001
42.5,4.3,12,VA,01001
43.5,5.2,12,VA,01001
43.2,5.4,12,VA,01001
45.4,5.0,12,VA,01001
42.6,6.9,12,VA,01001
40.6,5.9,12,VA,01001
40.2,6.6,12,VA,01001
44.2,5.5,12,VA,01001
42.0,5.7,12,VA,01001
39.7,4.6,12,VA,01001
40.6,7.2,12,VA,01001
40.8,5.7,12,VA,01001
41.8,4.9,12,VA,01001
40.2,6.9,12,VA,01001
39.4,5.6,12,VA,01001
46.0,5.3,12,VA,01001
41.6,5.3,12,VA,01001
42.1,5.7,12,VA,01001
46.2,5.4,12,VA,01001
45.5,5.3,12,VA,01001
38.7,5.4,12,VA,01001
39.9,6.5,12,VA,01001
40.9,5.2,12,VA,01001
44.4,6.0,12,VA,01001
40.0,5.1,12,VA,01001
39.9,5.9,12,VA,01001
46.7,5.5,12,VA,01001
43.6,6.8,12,VA,01001
41.9,4.9,12,VA,01001
40.5,4.2,12,VA,01001
43.4,6.6,12,VA,01001
48.1,5.8,12,VA,01001
44.8,4.8,12,VA,01001
40.5,5.0,12,VA,01001
43.5,4.2,12,VA,01001
45.1,4.9,12,VA,01001
42.4,6.9,12,VA,01001
42.6,6.8,12,VA,01001
46.4,5.4,12,VA,01001
41.7,5.2,12,VA,01001
40.0,5.5,12,VA,01001
47.7,5.6,12,VA,01001
41.9,7.3,12,VA,01001
45.2,4.7,12,VA,01001
41.7,4.6,12,VA,01001
42.6,7.1,12,VA,01001
42.7,7.1,12,VA,01001
43.0,4.8,12,VA,01001
47.4,5.6,12,VA,01001
48.7,5.9,12,VA,01001
40.1,5.1,12,VA,01001
44.9,4.9,12,VA,01001
47.5,5.6,12,VA,01001
48.7,5.8,12,VA,01001
41.3,6.3,12,VA,01001
44.3,5.2,12,VA,01001
43.2,5.5,12,VA,01001
43.3,5.8,12,VA,01001
41.8,7.0,12,VA,01001
47.4,5.7,12,VA,01001
48.8,6.0,12,VA,01001
42.1,7.0,12,VA,01001
46.2,5.5,12,VA,01001
40.1,6.8,12,VA,01001
36.0,6.6,12,WA,01001
37.4,7.0,12,WA,01001
37.7,4.9,12,WA,01001
30.4,4.8,12,WA,01001
42.6,5.0,12,WA,01001
43.7,5.0,12,WA,01001
35.9,5.5,12,WA,01001
42.6,5.1,12,WA,01001
32.3,5.8,12,WA,01001
29.0,5.8,12,WA,01001
37.0,5.2,12,WA,01001
37.2,6.4,12,WA,01001
35.8,7.0,12,WA,01001
43.8,4.5,12,WA,01001
44.6,4.5,12,WA,01001
40.3,4.9,12,WA,01001
40.6,5.2,12,WA,01001
44.4,4.6,12,WA,01001
32.8,5.6,12,WA,01001
36.1,5.5,12,WA,01001
40.4,5.0,12,WA,01001
33.2,6.2,12,WA,01001
42.0,4.7,12,WA,01001
28.7,5.2,12,WA,01001
45.3,5.0,12,WA,01001
30.1,6.3,12,WA,01001
40.4,5.1,12,WA,01001
44.7,4.4,12,WA,01001
38.5,5.5,12,WA,01001
37.4,5.0,12,WA,01001
39.3,5.4,12,WA,01001
34.5,6.2,12,WA,01001
31.2,6.1,12,WA,01001
44.1,4.8,12,WA,01001
44.8,4.9,12,WA,01001
38.1,4.6,12,WA,01001
36.2,5.4,12,WA,01001
37.4,6.5,12,WA,01001
34.9,6.0,12,WA,01001
40.2,7.7,12,WV,01001
40.2,7.4,12,WV,01001
41.7,6.2,12,WV,01001
40.9,6.5,12,WV,01001
40.3,8.8,12,WV,01001
42.0,6.2,12,WV,01001
41.3,7.4,12,WV,01001
41.4,6.4,12,WV,01001
41.0,7.9,12,WV,01001
39.4,5.9,12,WV,01001
41.4,7.5,12,WV,01001
38.9,7.5,12,WV,01001
37.0,5.7,12,WV,01001
40.0,7.5,12,WV,01001
39.8,8.6,12,WV,01001
39.4,7.3,12,WV,01001
40.8,7.6,12,WV,01001
41.1,6.5,12,WV,01001
40.5,7.3,12,WV,01001
42.0,6.2,12,WV,01001
40.9,7.0,12,WV,01001
42.8,6.5,12,WV,01001
42.0,5.9,12,WV,01001
39.7,4.7,12,WV,01001
40.4,7.7,12,WV,01001
39.4,7.6,12,WV,01001
40.5,5.6,12,WV,01001
38.3,4.5,12,WV,01001
40.0,7.3,12,WV,01001
42.0,5.4,12,WV,01001
40.2,8.0,12,WV,01001
39.1,5.8,12,WV,01001
40.1,7.5,12,WV,01001
38.9,6.1,12,WV,01001
40.0,8.6,12,WV,01001
37.7,6.5,12,WV,01001
41.1,8.2,12,WV,01001
34.7,5.7,12,WV,01001
38.4,8.1,12,WV,01001
41.8,6.1,12,WV,01001
39.1,5.8,12,WV,01001
36.4,7.0,12,WV,01001
41.5,8.3,12,WV,01001
41.4,6.8,12,WV,01001
39.5,5.7,12,WV,01001
40.7,7.7,12,WV,01001
36.8,7.8,12,WV,01001
40.8,8.1,12,WV,01001
39.7,6.9,12,WV,01001
42.5,6.4,12,WV,01001
37.4,5.8,12,WV,01001
39.8,7.5,12,WV,01001
41.5,7.8,12,WV,01001
41.9,8.2,12,WV,01001
39.8,5.2,12,WV,01001
33.2,14.0,12,WI,01001
30.2,15.4,12,WI,01001
30.8,15.7,12,WI,01001
30.9,16.2,12,WI,01001
34.4,13.7,12,WI,01001
32.1,13.6,12,WI,01001
31.1,16.9,12,WI,01001
34.1,13.5,12,WI,01001
32.0,15.7,12,WI,01001
31.5,15.2,12,WI,01001
34.2,13.2,12,WI,01001
33.1,12.0,12,WI,01001
34.6,12.6,12,WI,01001
34.1,12.4,12,WI,01001
33.8,11.4,12,WI,01001
30.2,16.3,12,WI,01001
31.8,15.0,12,WI,01001
32.5,15.5,12,WI,01001
29.0,13.1,12,WI,01001
34.3,13.4,12,WI,01001
28.7,13.4,12,WI,01001
34.0,12.0,12,WI,01001
34.9,12.3,12,WI,01001
33.9,13.3,12,WI,01001
33.8,12.3,12,WI,01001
28.8,14.4,12,WI,01001
32.2,14.6,12,WI,01001
35.0,12.1,12,WI,01001
32.7,13.6,12,WI,01001
36.9,11.8,12,WI,01001
34.5,12.9,12,WI,01001
32.7,13.2,12,WI,01001
33.8,11.5,12,WI,01001
29.8,14.1,12,WI,01001
29.9,14.4,12,WI,01001
34.6,12.9,12,WI,01001
31.3,14.8,12,WI,01001
31.7,12.9,12,WI,01001
33.9,13.6,12,WI,01001
31.6,14.0,12,WI,01001
37.8,13.1,12,WI,01001
31.6,13.1,12,WI,01001
32.5,13.5,12,WI,01001
28.9,13.8,12,WI,01001
34.1,14.2,12,WI,01001
36.7,13.2,12,WI,01001
32.0,13.8,12,WI,01001
31.3,14.1,12,WI,01001
30.9,15.8,12,WI,01001
32.8,14.7,12,WI,01001
29.4,14.9,12,WI,01001
36.7,12.1,12,WI,01001
33.5,12.8,12,WI,01001
35.3,12.0,12,WI,01001
30.3,14.8,12,WI,01001
31.3,14.9,12,WI,01001
33.6,12.9,12,WI,01001
30.0,16.1,12,WI,01001
32.4,14.2,12,WI,01001
35.6,13.5,12,WI,01001
30.2,14.9,12,WI,01001
32.2,14.0,12,WI,01001
32.0,12.4,12,WI,01001
28.1,13.5,12,WI,01001
34.7,11.3,12,WI,01001
30.5,16.5,12,WI,01001
34.6,12.8,12,WI,01001
35.6,12.7,12,WI,01001
33.8,14.7,12,WI,01001
34.0,14.6,12,WI,01001
34.3,13.8,12,WI,01001
32.4,14.6,12,WI,01001
27.5,6.3,12,WY,01001
28.2,8.6,12,WY,01001
32.2,9.8,12,WY,01001
26.1,5.5,12,WY,01001
31.4,7.8,12,WY,01001
30.8,8.9,12,WY,01001
25.3,6.1,12,WY,01001
34.6,8.4,12,WY,01001
28.9,7.4,12,WY,01001
31.5,8.7,12,WY,01001
33.7,7.4,12,WY,01001
23.0,5.3,12,WY,01001
29.9,7.8,12,WY,01001
33.9,10.5,12,WY,01001
27.4,8.2,12,WY,01001
33.9,7.6,12,WY,01001
30.7,9.1,12,WY,01001
21.3,6.5,12,WY,01001
24.2,4.6,12,WY,01001
20.8,5.5,12,WY,01001
25.6,5.4,12,WY,01001
29.1,8.1,12,WY,01001
31.7,10.0,12,WY,01001
